ISO-10303-21;
HEADER;
/* Generated by software containing ST-Developer
 * from STEP Tools, Inc. (www.steptools.com) 
 */

FILE_DESCRIPTION(
/* description */ ('STEP AP214'),
/* implementation_level */ '2;1');

FILE_NAME(
/* name */ 'EC11-THT-10F-black.step',
/* time_stamp */ '2026-08-22T13:06:54+10:00',
/* author */ (''),
/* organization */ (''),
/* preprocessor_version */ 'ST-DEVELOPER v20.1',
/* originating_system */ 'Autodesk Translation Framework v15.8.0.0',
/* authorisation */ '');

FILE_SCHEMA (('AUTOMOTIVE_DESIGN { 1 0 10303 214 3 1 1 }'));
ENDSEC;

DATA;
#10=MECHANICAL_DESIGN_GEOMETRIC_PRESENTATION_REPRESENTATION('',(#83,#84,
#85,#86,#87,#88,#89,#90,#91,#92),#14023);
#11=ITEM_DEFINED_TRANSFORMATION($,$,#7478,#8138);
#12=ITEM_DEFINED_TRANSFORMATION($,$,#7526,#8139);
#13=ITEM_DEFINED_TRANSFORMATION($,$,#7544,#8140);
#14=(
REPRESENTATION_RELATIONSHIP($,$,#14040,#14039)
REPRESENTATION_RELATIONSHIP_WITH_TRANSFORMATION(#11)
SHAPE_REPRESENTATION_RELATIONSHIP()
);
#15=(
REPRESENTATION_RELATIONSHIP($,$,#14041,#14039)
REPRESENTATION_RELATIONSHIP_WITH_TRANSFORMATION(#12)
SHAPE_REPRESENTATION_RELATIONSHIP()
);
#16=(
REPRESENTATION_RELATIONSHIP($,$,#14042,#14039)
REPRESENTATION_RELATIONSHIP_WITH_TRANSFORMATION(#13)
SHAPE_REPRESENTATION_RELATIONSHIP()
);
#17=CONTEXT_DEPENDENT_SHAPE_REPRESENTATION(#14,#14036);
#18=CONTEXT_DEPENDENT_SHAPE_REPRESENTATION(#15,#14037);
#19=CONTEXT_DEPENDENT_SHAPE_REPRESENTATION(#16,#14038);
#20=NEXT_ASSEMBLY_USAGE_OCCURRENCE('EC11-Base:1','EC11-Base:1',
'EC11-Base:1',#14044,#14045,'EC11-Base:1');
#21=NEXT_ASSEMBLY_USAGE_OCCURRENCE('EC11-Shaft-F:1','EC11-Shaft-F:1',
'EC11-Shaft-F:1',#14044,#14046,'EC11-Shaft-F:1');
#22=NEXT_ASSEMBLY_USAGE_OCCURRENCE('EC11-Housing-THT:1',
'EC11-Housing-THT:1','EC11-Housing-THT:1',#14044,#14047,
'EC11-Housing-THT:1');
#23=SPHERICAL_SURFACE('',#7905,0.1);
#24=SPHERICAL_SURFACE('',#7930,0.3);
#25=SPHERICAL_SURFACE('',#7969,0.3);
#26=SPHERICAL_SURFACE('',#7984,0.1);
#27=SPHERICAL_SURFACE('',#8026,0.1);
#28=SPHERICAL_SURFACE('',#8035,0.3);
#29=SPHERICAL_SURFACE('',#8072,0.1);
#30=SPHERICAL_SURFACE('',#8086,0.3);
#31=SPHERICAL_SURFACE('',#8131,0.3);
#32=SPHERICAL_SURFACE('',#8137,0.1);
#33=TOROIDAL_SURFACE('',#7857,0.440900974233027,0.05);
#34=TOROIDAL_SURFACE('',#7861,0.440900974233027,0.05);
#35=TOROIDAL_SURFACE('',#7883,0.440900974233027,0.05);
#36=TOROIDAL_SURFACE('',#7887,0.440900974233027,0.05);
#37=(
BOUNDED_SURFACE()
B_SPLINE_SURFACE(2,2,((#12909,#12910,#12911,#12912,#12913),(#12914,#12915,
#12916,#12917,#12918),(#12919,#12920,#12921,#12922,#12923)),
 .UNSPECIFIED.,.F.,.F.,.F.)
B_SPLINE_SURFACE_WITH_KNOTS((3,3),(3,2,3),(0.891122507886651,1.5707963267949),
(-1.5707963267949,0.,1.5707963267949),.UNSPECIFIED.)
GEOMETRIC_REPRESENTATION_ITEM()
RATIONAL_B_SPLINE_SURFACE(((1.,0.707106781186548,1.,0.707106781186548,1.),
(0.942809041582007,0.666666666666627,0.942809041582007,0.666666666666627,
0.942809041582007),(1.,0.707106781186548,1.,0.707106781186548,1.)))
REPRESENTATION_ITEM('')
SURFACE()
);
#38=(
BOUNDED_SURFACE()
B_SPLINE_SURFACE(2,2,((#12927,#12928,#12929,#12930,#12931),(#12932,#12933,
#12934,#12935,#12936),(#12937,#12938,#12939,#12940,#12941)),
 .UNSPECIFIED.,.F.,.F.,.F.)
B_SPLINE_SURFACE_WITH_KNOTS((3,3),(3,2,3),(0.891122507886651,1.5707963267949),
(-1.5707963267949,-2.22044604925031E-16,1.5707963267949),.UNSPECIFIED.)
GEOMETRIC_REPRESENTATION_ITEM()
RATIONAL_B_SPLINE_SURFACE(((1.,0.707106781186547,1.,0.707106781186547,1.),
(0.94280904158204,0.66666666666665,0.94280904158204,0.66666666666665,0.94280904158204),
(1.,0.707106781186547,1.,0.707106781186547,1.)))
REPRESENTATION_ITEM('')
SURFACE()
);
#39=(
BOUNDED_SURFACE()
B_SPLINE_SURFACE(2,2,((#12987,#12988,#12989,#12990,#12991),(#12992,#12993,
#12994,#12995,#12996),(#12997,#12998,#12999,#13000,#13001)),
 .UNSPECIFIED.,.F.,.F.,.F.)
B_SPLINE_SURFACE_WITH_KNOTS((3,3),(3,2,3),(0.891122507886652,1.5707963267949),
(-1.5707963267949,2.22044604925031E-16,1.5707963267949),.UNSPECIFIED.)
GEOMETRIC_REPRESENTATION_ITEM()
RATIONAL_B_SPLINE_SURFACE(((1.,0.707106781186548,1.,0.707106781186548,1.),
(0.942809041582003,0.666666666666624,0.942809041582003,0.666666666666624,
0.942809041582003),(1.,0.707106781186548,1.,0.707106781186548,1.)))
REPRESENTATION_ITEM('')
SURFACE()
);
#40=(
BOUNDED_SURFACE()
B_SPLINE_SURFACE(2,2,((#13005,#13006,#13007,#13008,#13009),(#13010,#13011,
#13012,#13013,#13014),(#13015,#13016,#13017,#13018,#13019)),
 .UNSPECIFIED.,.F.,.F.,.F.)
B_SPLINE_SURFACE_WITH_KNOTS((3,3),(3,2,3),(0.891122507886653,1.5707963267949),
(-1.5707963267949,0.,1.5707963267949),.UNSPECIFIED.)
GEOMETRIC_REPRESENTATION_ITEM()
RATIONAL_B_SPLINE_SURFACE(((1.,0.707106781186547,1.,0.707106781186547,1.),
(0.942809041582051,0.666666666666658,0.942809041582051,0.666666666666658,
0.942809041582051),(1.,0.707106781186547,1.,0.707106781186547,1.)))
REPRESENTATION_ITEM('')
SURFACE()
);
#41=(
BOUNDED_SURFACE()
B_SPLINE_SURFACE(2,2,((#13165,#13166,#13167),(#13168,#13169,#13170),(#13171,
#13172,#13173),(#13174,#13175,#13176),(#13177,#13178,#13179)),
 .UNSPECIFIED.,.F.,.F.,.F.)
B_SPLINE_SURFACE_WITH_KNOTS((3,2,3),(3,3),(-1.57079632679491,0.,1.57079632679491),
(1.32614439555444E-14,1.57079632679491),.UNSPECIFIED.)
GEOMETRIC_REPRESENTATION_ITEM()
RATIONAL_B_SPLINE_SURFACE(((1.,0.707106781186548,1.),(0.70710678118653,
0.499999999999987,0.70710678118653),(1.,0.707106781186548,1.),(0.70710678118653,
0.499999999999987,0.70710678118653),(1.,0.707106781186548,1.)))
REPRESENTATION_ITEM('')
SURFACE()
);
#42=(
BOUNDED_SURFACE()
B_SPLINE_SURFACE(2,2,((#13209,#13210,#13211),(#13212,#13213,#13214),(#13215,
#13216,#13217),(#13218,#13219,#13220),(#13221,#13222,#13223)),
 .UNSPECIFIED.,.F.,.F.,.F.)
B_SPLINE_SURFACE_WITH_KNOTS((3,2,3),(3,3),(-0.841068670567934,1.11022302462516E-16,
0.841068670567934),(1.32770364039798E-14,1.57079632679491),
 .UNSPECIFIED.)
GEOMETRIC_REPRESENTATION_ITEM()
RATIONAL_B_SPLINE_SURFACE(((1.,0.707106781186548,1.),(0.912870929175276,
0.645497224367902,0.912870929175276),(1.,0.707106781186548,1.),(0.912870929175277,
0.645497224367903,0.912870929175277),(1.,0.707106781186548,1.)))
REPRESENTATION_ITEM('')
SURFACE()
);
#43=(
BOUNDED_SURFACE()
B_SPLINE_SURFACE(2,2,((#13374,#13375,#13376),(#13377,#13378,#13379),(#13380,
#13381,#13382),(#13383,#13384,#13385),(#13386,#13387,#13388)),
 .UNSPECIFIED.,.F.,.F.,.F.)
B_SPLINE_SURFACE_WITH_KNOTS((3,2,3),(3,3),(-0.841068670567938,-2.77555756156289E-16,
0.841068670567938),(1.31545717240651E-14,1.57079632679491),
 .UNSPECIFIED.)
GEOMETRIC_REPRESENTATION_ITEM()
RATIONAL_B_SPLINE_SURFACE(((1.,0.707106781186547,1.),(0.912870929175299,
0.645497224367918,0.912870929175299),(1.,0.707106781186547,1.),(0.912870929175288,
0.64549722436791,0.912870929175288),(1.,0.707106781186547,1.)))
REPRESENTATION_ITEM('')
SURFACE()
);
#44=(
BOUNDED_SURFACE()
B_SPLINE_SURFACE(2,2,((#13412,#13413,#13414),(#13415,#13416,#13417),(#13418,
#13419,#13420),(#13421,#13422,#13423),(#13424,#13425,#13426)),
 .UNSPECIFIED.,.F.,.F.,.F.)
B_SPLINE_SURFACE_WITH_KNOTS((3,2,3),(3,3),(-1.57079632679491,0.,1.57079632679491),
(1.31389792756297E-14,1.57079632679491),.UNSPECIFIED.)
GEOMETRIC_REPRESENTATION_ITEM()
RATIONAL_B_SPLINE_SURFACE(((1.,0.707106781186547,1.),(0.707106781186525,
0.499999999999984,0.707106781186525),(1.,0.707106781186547,1.),(0.707106781186525,
0.499999999999984,0.707106781186525),(1.,0.707106781186547,1.)))
REPRESENTATION_ITEM('')
SURFACE()
);
#45=(
BOUNDED_SURFACE()
B_SPLINE_SURFACE(2,2,((#13570,#13571,#13572),(#13573,#13574,#13575),(#13576,
#13577,#13578),(#13579,#13580,#13581),(#13582,#13583,#13584)),
 .UNSPECIFIED.,.F.,.F.,.F.)
B_SPLINE_SURFACE_WITH_KNOTS((3,2,3),(3,3),(-1.57079632679491,0.,1.57079632679491),
(1.32614439555444E-14,1.57079632679491),.UNSPECIFIED.)
GEOMETRIC_REPRESENTATION_ITEM()
RATIONAL_B_SPLINE_SURFACE(((1.,0.707106781186548,1.),(0.707106781186525,
0.499999999999984,0.707106781186525),(1.,0.707106781186548,1.),(0.707106781186525,
0.499999999999984,0.707106781186525),(1.,0.707106781186548,1.)))
REPRESENTATION_ITEM('')
SURFACE()
);
#46=(
BOUNDED_SURFACE()
B_SPLINE_SURFACE(2,2,((#13586,#13587,#13588),(#13589,#13590,#13591),(#13592,
#13593,#13594),(#13595,#13596,#13597),(#13598,#13599,#13600)),
 .UNSPECIFIED.,.F.,.F.,.F.)
B_SPLINE_SURFACE_WITH_KNOTS((3,2,3),(3,3),(-0.841068670567936,5.55111512312578E-17,
0.841068670567936),(1.32770364039798E-14,1.57079632679491),
 .UNSPECIFIED.)
GEOMETRIC_REPRESENTATION_ITEM()
RATIONAL_B_SPLINE_SURFACE(((1.,0.707106781186548,1.),(0.912870929175274,
0.645497224367901,0.912870929175274),(1.,0.707106781186548,1.),(0.912870929175277,
0.645497224367903,0.912870929175277),(1.,0.707106781186548,1.)))
REPRESENTATION_ITEM('')
SURFACE()
);
#47=(
BOUNDED_SURFACE()
B_SPLINE_SURFACE(2,2,((#13706,#13707,#13708),(#13709,#13710,#13711),(#13712,
#13713,#13714),(#13715,#13716,#13717),(#13718,#13719,#13720)),
 .UNSPECIFIED.,.F.,.F.,.F.)
B_SPLINE_SURFACE_WITH_KNOTS((3,2,3),(3,3),(-1.57079632679491,0.,1.57079632679491),
(1.32614439555444E-14,1.57079632679491),.UNSPECIFIED.)
GEOMETRIC_REPRESENTATION_ITEM()
RATIONAL_B_SPLINE_SURFACE(((1.,0.707106781186548,1.),(0.707106781186525,
0.499999999999984,0.707106781186525),(1.,0.707106781186548,1.),(0.707106781186525,
0.499999999999984,0.707106781186525),(1.,0.707106781186548,1.)))
REPRESENTATION_ITEM('')
SURFACE()
);
#48=(
BOUNDED_SURFACE()
B_SPLINE_SURFACE(2,2,((#13792,#13793,#13794),(#13795,#13796,#13797),(#13798,
#13799,#13800),(#13801,#13802,#13803),(#13804,#13805,#13806)),
 .UNSPECIFIED.,.F.,.F.,.F.)
B_SPLINE_SURFACE_WITH_KNOTS((3,2,3),(3,3),(-0.841068670567936,5.55111512312578E-17,
0.841068670567936),(1.32770364039798E-14,1.57079632679491),
 .UNSPECIFIED.)
GEOMETRIC_REPRESENTATION_ITEM()
RATIONAL_B_SPLINE_SURFACE(((1.,0.707106781186548,1.),(0.912870929175277,
0.645497224367903,0.912870929175277),(1.,0.707106781186548,1.),(0.912870929175274,
0.645497224367901,0.912870929175274),(1.,0.707106781186548,1.)))
REPRESENTATION_ITEM('')
SURFACE()
);
#49=(
BOUNDED_SURFACE()
B_SPLINE_SURFACE(2,2,((#13908,#13909,#13910),(#13911,#13912,#13913),(#13914,
#13915,#13916),(#13917,#13918,#13919),(#13920,#13921,#13922)),
 .UNSPECIFIED.,.F.,.F.,.F.)
B_SPLINE_SURFACE_WITH_KNOTS((3,2,3),(3,3),(-0.841068670567938,2.77555756156289E-16,
0.841068670567938),(1.31545717240651E-14,1.57079632679491),
 .UNSPECIFIED.)
GEOMETRIC_REPRESENTATION_ITEM()
RATIONAL_B_SPLINE_SURFACE(((1.,0.707106781186547,1.),(0.912870929175288,
0.64549722436791,0.912870929175288),(1.,0.707106781186547,1.),(0.912870929175299,
0.645497224367918,0.912870929175299),(1.,0.707106781186547,1.)))
REPRESENTATION_ITEM('')
SURFACE()
);
#50=(
BOUNDED_SURFACE()
B_SPLINE_SURFACE(2,2,((#13992,#13993,#13994),(#13995,#13996,#13997),(#13998,
#13999,#14000),(#14001,#14002,#14003),(#14004,#14005,#14006)),
 .UNSPECIFIED.,.F.,.F.,.F.)
B_SPLINE_SURFACE_WITH_KNOTS((3,2,3),(3,3),(-1.57079632679491,0.,1.57079632679491),
(1.31389792756297E-14,1.57079632679491),.UNSPECIFIED.)
GEOMETRIC_REPRESENTATION_ITEM()
RATIONAL_B_SPLINE_SURFACE(((1.,0.707106781186547,1.),(0.707106781186525,
0.499999999999984,0.707106781186525),(1.,0.707106781186547,1.),(0.707106781186525,
0.499999999999984,0.707106781186525),(1.,0.707106781186547,1.)))
REPRESENTATION_ITEM('')
SURFACE()
);
#51=B_SPLINE_SURFACE_WITH_KNOTS('',3,3,((#11712,#11713,#11714,#11715),(#11716,
#11717,#11718,#11719),(#11720,#11721,#11722,#11723),(#11724,#11725,#11726,
#11727),(#11728,#11729,#11730,#11731),(#11732,#11733,#11734,#11735),(#11736,
#11737,#11738,#11739),(#11740,#11741,#11742,#11743),(#11744,#11745,#11746,
#11747),(#11748,#11749,#11750,#11751),(#11752,#11753,#11754,#11755),(#11756,
#11757,#11758,#11759),(#11760,#11761,#11762,#11763),(#11764,#11765,#11766,
#11767),(#11768,#11769,#11770,#11771)),.UNSPECIFIED.,.F.,.F.,.F.,(4,1,1,
1,1,1,1,1,1,1,1,1,4),(4,4),(0.,0.178970329909583,0.335191066559188,0.475214859416591,
0.615238652273995,0.759027059305784,0.902814370980765,1.03456025128877,
1.16137478595217,1.28384823319832,1.40632168044447,1.50665206752248,1.57079632679489),
(0.,1.),.UNSPECIFIED.);
#52=B_SPLINE_SURFACE_WITH_KNOTS('',3,3,((#11772,#11773,#11774,#11775),(#11776,
#11777,#11778,#11779),(#11780,#11781,#11782,#11783),(#11784,#11785,#11786,
#11787),(#11788,#11789,#11790,#11791),(#11792,#11793,#11794,#11795),(#11796,
#11797,#11798,#11799),(#11800,#11801,#11802,#11803),(#11804,#11805,#11806,
#11807),(#11808,#11809,#11810,#11811),(#11812,#11813,#11814,#11815),(#11816,
#11817,#11818,#11819),(#11820,#11821,#11822,#11823),(#11824,#11825,#11826,
#11827),(#11828,#11829,#11830,#11831)),.UNSPECIFIED.,.F.,.F.,.F.,(4,1,1,
1,1,1,1,1,1,1,1,1,4),(4,4),(0.,0.178970329909369,0.335191066558946,0.475214859416254,
0.615238652273562,0.759027059305323,0.902814370980499,1.03456025128847,
1.16137478595196,1.28384823319813,1.40632168044431,1.50665206752315,1.5707963267949),
(0.,1.),.UNSPECIFIED.);
#53=B_SPLINE_SURFACE_WITH_KNOTS('',3,3,((#11833,#11834,#11835,#11836),(#11837,
#11838,#11839,#11840),(#11841,#11842,#11843,#11844),(#11845,#11846,#11847,
#11848),(#11849,#11850,#11851,#11852),(#11853,#11854,#11855,#11856),(#11857,
#11858,#11859,#11860),(#11861,#11862,#11863,#11864),(#11865,#11866,#11867,
#11868),(#11869,#11870,#11871,#11872),(#11873,#11874,#11875,#11876),(#11877,
#11878,#11879,#11880),(#11881,#11882,#11883,#11884),(#11885,#11886,#11887,
#11888),(#11889,#11890,#11891,#11892)),.UNSPECIFIED.,.F.,.F.,.F.,(4,1,1,
1,1,1,1,1,1,1,1,1,4),(4,4),(0.,0.178970329910896,0.335191066561207,0.475214859418509,
0.615238652275811,0.759027059307694,0.902814370982737,1.0345602512905,1.16137478595386,
1.28384823320007,1.40632168044627,1.50665206752499,1.57079632679489),(0.,
1.),.UNSPECIFIED.);
#54=B_SPLINE_SURFACE_WITH_KNOTS('',3,3,((#11893,#11894,#11895,#11896),(#11897,
#11898,#11899,#11900),(#11901,#11902,#11903,#11904),(#11905,#11906,#11907,
#11908),(#11909,#11910,#11911,#11912),(#11913,#11914,#11915,#11916),(#11917,
#11918,#11919,#11920),(#11921,#11922,#11923,#11924),(#11925,#11926,#11927,
#11928),(#11929,#11930,#11931,#11932),(#11933,#11934,#11935,#11936),(#11937,
#11938,#11939,#11940),(#11941,#11942,#11943,#11944),(#11945,#11946,#11947,
#11948),(#11949,#11950,#11951,#11952)),.UNSPECIFIED.,.F.,.F.,.F.,(4,1,1,
1,1,1,1,1,1,1,1,1,4),(4,4),(0.,0.178970329908119,0.335191066556972,0.475214859414245,
0.615238652271517,0.759027059303359,0.902814370978681,1.03456025128664,
1.16137478595018,1.28384823319643,1.40632168044267,1.5066520675234,1.5707963267949),
(0.,1.),.UNSPECIFIED.);
#55=B_SPLINE_SURFACE_WITH_KNOTS('',3,3,((#12590,#12591,#12592,#12593),(#12594,
#12595,#12596,#12597),(#12598,#12599,#12600,#12601),(#12602,#12603,#12604,
#12605),(#12606,#12607,#12608,#12609),(#12610,#12611,#12612,#12613),(#12614,
#12615,#12616,#12617),(#12618,#12619,#12620,#12621),(#12622,#12623,#12624,
#12625),(#12626,#12627,#12628,#12629),(#12630,#12631,#12632,#12633),(#12634,
#12635,#12636,#12637),(#12638,#12639,#12640,#12641),(#12642,#12643,#12644,
#12645),(#12646,#12647,#12648,#12649)),.UNSPECIFIED.,.F.,.F.,.F.,(4,1,1,
1,1,1,1,1,1,1,1,1,4),(4,4),(0.,0.178970329908854,0.335191066558093,0.475214859415542,
0.615238652272992,0.759027059304848,0.902814370979833,1.03456025128771,
1.16137478595126,1.2838482331974,1.40632168044355,1.50665206752273,1.5707963267949),
(0.,1.),.UNSPECIFIED.);
#56=B_SPLINE_SURFACE_WITH_KNOTS('',3,3,((#12650,#12651,#12652,#12653),(#12654,
#12655,#12656,#12657),(#12658,#12659,#12660,#12661),(#12662,#12663,#12664,
#12665),(#12666,#12667,#12668,#12669),(#12670,#12671,#12672,#12673),(#12674,
#12675,#12676,#12677),(#12678,#12679,#12680,#12681),(#12682,#12683,#12684,
#12685),(#12686,#12687,#12688,#12689),(#12690,#12691,#12692,#12693),(#12694,
#12695,#12696,#12697),(#12698,#12699,#12700,#12701),(#12702,#12703,#12704,
#12705),(#12706,#12707,#12708,#12709)),.UNSPECIFIED.,.F.,.F.,.F.,(4,1,1,
1,1,1,1,1,1,1,1,1,4),(4,4),(0.,0.178970329908367,0.33519106655728,0.475214859414712,
0.615238652272145,0.759027059303887,0.902814370979012,1.03456025128708,
1.16137478595058,1.28384823319678,1.40632168044297,1.50665206752184,1.5707963267949),
(0.,1.),.UNSPECIFIED.);
#57=B_SPLINE_SURFACE_WITH_KNOTS('',3,3,((#12711,#12712,#12713,#12714),(#12715,
#12716,#12717,#12718),(#12719,#12720,#12721,#12722),(#12723,#12724,#12725,
#12726),(#12727,#12728,#12729,#12730),(#12731,#12732,#12733,#12734),(#12735,
#12736,#12737,#12738),(#12739,#12740,#12741,#12742),(#12743,#12744,#12745,
#12746),(#12747,#12748,#12749,#12750),(#12751,#12752,#12753,#12754),(#12755,
#12756,#12757,#12758),(#12759,#12760,#12761,#12762),(#12763,#12764,#12765,
#12766),(#12767,#12768,#12769,#12770)),.UNSPECIFIED.,.F.,.F.,.F.,(4,1,1,
1,1,1,1,1,1,1,1,1,4),(4,4),(0.,0.178970329911245,0.335191066561861,0.475214859419109,
0.615238652276357,0.759027059308169,0.90281437098317,1.03456025129103,1.16137478595435,
1.28384823320072,1.40632168044708,1.50665206752594,1.5707963267949),(0.,
1.),.UNSPECIFIED.);
#58=B_SPLINE_SURFACE_WITH_KNOTS('',3,3,((#12771,#12772,#12773,#12774),(#12775,
#12776,#12777,#12778),(#12779,#12780,#12781,#12782),(#12783,#12784,#12785,
#12786),(#12787,#12788,#12789,#12790),(#12791,#12792,#12793,#12794),(#12795,
#12796,#12797,#12798),(#12799,#12800,#12801,#12802),(#12803,#12804,#12805,
#12806),(#12807,#12808,#12809,#12810),(#12811,#12812,#12813,#12814),(#12815,
#12816,#12817,#12818),(#12819,#12820,#12821,#12822),(#12823,#12824,#12825,
#12826),(#12827,#12828,#12829,#12830)),.UNSPECIFIED.,.F.,.F.,.F.,(4,1,1,
1,1,1,1,1,1,1,1,1,4),(4,4),(0.,0.178970329909208,0.335191066558549,0.475214859415753,
0.615238652272957,0.759027059304849,0.902814370980067,1.0345602512878,1.16137478595137,
1.28384823319745,1.40632168044354,1.50665206752279,1.5707963267949),(0.,
1.),.UNSPECIFIED.);
#59=B_SPLINE_CURVE_WITH_KNOTS('',3,(#10429,#10430,#10431,#10432,#10433,
#10434,#10435,#10436,#10437,#10438,#10439,#10440,#10441,#10442,#10443,#10444,
#10445,#10446,#10447,#10448,#10449,#10450,#10451,#10452,#10453,#10454),
 .UNSPECIFIED.,.F.,.F.,(4,1,1,1,1,1,1,1,1,1,1,1,1,1,1,1,1,1,1,1,1,1,1,4),
(0.,0.0273567757974201,0.0552494571720857,0.0836796820492416,0.113177497349401,
0.143209443885335,0.18608390814567,0.230548990334689,0.276603458522276,
0.313522379443193,0.352024663816298,0.393164389255232,0.435355665449419,
0.480180319273373,0.526583293968497,0.57509097126721,0.624122148505252,
0.674740187389397,0.726421371532151,0.779706782988786,0.833538331440346,
0.888463830163821,0.94394965338716,1.),.UNSPECIFIED.);
#60=B_SPLINE_CURVE_WITH_KNOTS('',3,(#10458,#10459,#10460,#10461,#10462,
#10463,#10464,#10465,#10466,#10467,#10468,#10469,#10470,#10471,#10472,#10473,
#10474,#10475,#10476,#10477,#10478,#10479,#10480,#10481,#10482,#10483),
 .UNSPECIFIED.,.F.,.F.,(4,1,1,1,1,1,1,1,1,1,1,1,1,1,1,1,1,1,1,1,1,1,1,4),
(0.,0.0273567757974188,0.0552494571720858,0.083679682049242,0.113177497349403,
0.143209443885337,0.186083908145674,0.230548990334693,0.276603458522279,
0.313522379443195,0.352024663816301,0.393164389255233,0.43535566544942,
0.480180319273374,0.526583293968501,0.575090971267212,0.624122148505253,
0.674740187389399,0.726421371532152,0.779706782988786,0.833538331440344,
0.888463830163821,0.94394965338716,1.),.UNSPECIFIED.);
#61=B_SPLINE_CURVE_WITH_KNOTS('',3,(#11232,#11233,#11234,#11235,#11236,
#11237,#11238,#11239,#11240,#11241,#11242,#11243,#11244,#11245,#11246,#11247,
#11248,#11249,#11250,#11251,#11252,#11253,#11254,#11255,#11256,#11257,#11258,
#11259,#11260,#11261,#11262,#11263,#11264,#11265,#11266,#11267,#11268,#11269,
#11270,#11271,#11272,#11273,#11274,#11275,#11276,#11277,#11278,#11279,#11280,
#11281,#11282,#11283,#11284,#11285,#11286,#11287,#11288,#11289,#11290,#11291,
#11292,#11293,#11294,#11295,#11296,#11297,#11298),.UNSPECIFIED.,.F.,.F.,
(4,3,3,3,3,3,3,3,3,3,3,3,3,3,3,3,3,3,3,3,3,3,4),(0.,0.0675945404423766,
0.0966692588647161,0.158115920620901,0.18121926019139,0.245595815999998,
0.25720880513156,0.322700474981191,0.336382257803916,0.404638869785862,
0.41994780771555,0.491959102759453,0.505572751075266,0.582356534095692,
0.594824308000501,0.675113359174399,0.687003287353562,0.766014108766421,
0.780462201134349,0.856054725218623,0.871887057953173,0.944925860695137,
1.),.UNSPECIFIED.);
#62=B_SPLINE_CURVE_WITH_KNOTS('',3,(#11299,#11300,#11301,#11302,#11303,
#11304,#11305,#11306,#11307,#11308,#11309,#11310,#11311,#11312,#11313,#11314,
#11315,#11316,#11317,#11318,#11319,#11320,#11321,#11322,#11323,#11324,#11325,
#11326,#11327,#11328,#11329,#11330,#11331,#11332,#11333,#11334,#11335,#11336,
#11337,#11338,#11339,#11340,#11341,#11342,#11343,#11344,#11345,#11346,#11347,
#11348,#11349,#11350,#11351,#11352,#11353,#11354,#11355,#11356,#11357,#11358,
#11359,#11360,#11361,#11362,#11363,#11364,#11365),.UNSPECIFIED.,.F.,.F.,
(4,3,3,3,3,3,3,3,3,3,3,3,3,3,3,3,3,3,3,3,3,3,4),(0.,0.0729147632393827,
0.11393603946901,0.189260854156716,0.21338924434381,0.292124751608614,0.302531159632118,
0.382882796168393,0.394069702157655,0.471361833816132,0.486921934355098,
0.559248808908855,0.574749471832425,0.643177602918249,0.6586215150649,0.724348546871905,
0.739354164870654,0.803302563457437,0.817323190913382,0.880174255462952,
0.898869292443241,0.959164538898578,1.),.UNSPECIFIED.);
#63=B_SPLINE_CURVE_WITH_KNOTS('',3,(#11378,#11379,#11380,#11381,#11382,
#11383,#11384,#11385,#11386,#11387,#11388,#11389,#11390,#11391,#11392,#11393,
#11394,#11395,#11396,#11397,#11398,#11399,#11400,#11401,#11402,#11403,#11404,
#11405,#11406,#11407,#11408,#11409,#11410,#11411,#11412,#11413,#11414,#11415,
#11416,#11417,#11418,#11419,#11420,#11421,#11422,#11423,#11424,#11425,#11426,
#11427,#11428,#11429,#11430,#11431,#11432,#11433,#11434,#11435,#11436,#11437,
#11438,#11439,#11440,#11441,#11442,#11443,#11444),.UNSPECIFIED.,.F.,.F.,
(4,3,3,3,3,3,3,3,3,3,3,3,3,3,3,3,3,3,3,3,3,3,4),(0.,0.0675945404428989,
0.0966692588637637,0.158115920619734,0.181219260189834,0.24559581599879,
0.257208805129863,0.322700474979049,0.3363822578022,0.404638869784434,0.419947807713806,
0.49195910275742,0.505572751073595,0.582356534093922,0.594824307998812,
0.675113359172663,0.687003287351938,0.766014108764755,0.780462201132629,
0.856054725217029,0.871887057951471,0.944925860694002,1.),.UNSPECIFIED.);
#64=B_SPLINE_CURVE_WITH_KNOTS('',3,(#11445,#11446,#11447,#11448,#11449,
#11450,#11451,#11452,#11453,#11454,#11455,#11456,#11457,#11458,#11459,#11460,
#11461,#11462,#11463,#11464,#11465,#11466,#11467,#11468,#11469,#11470,#11471,
#11472,#11473,#11474,#11475,#11476,#11477,#11478,#11479,#11480,#11481,#11482,
#11483,#11484,#11485,#11486,#11487,#11488,#11489,#11490,#11491,#11492,#11493,
#11494,#11495,#11496,#11497,#11498,#11499,#11500,#11501,#11502,#11503,#11504,
#11505,#11506,#11507,#11508,#11509,#11510,#11511),.UNSPECIFIED.,.F.,.F.,
(4,3,3,3,3,3,3,3,3,3,3,3,3,3,3,3,3,3,3,3,3,3,4),(0.,0.0729147632394042,
0.113936039470443,0.189260854158256,0.213389244345912,0.292124751611046,
0.302531159634323,0.382882796170342,0.394069702159879,0.471361833818183,
0.486921934357428,0.559248808911083,0.574749471834725,0.64317760292058,
0.658621515067229,0.724348546874016,0.739354164872994,0.803302563459734,
0.817323190915716,0.880174255465047,0.89886929244532,0.95916453889987,1.),
 .UNSPECIFIED.);
#65=B_SPLINE_CURVE_WITH_KNOTS('',3,(#11519,#11520,#11521,#11522,#11523,
#11524,#11525,#11526,#11527,#11528,#11529,#11530,#11531,#11532,#11533,#11534,
#11535,#11536,#11537,#11538,#11539,#11540,#11541,#11542,#11543,#11544,#11545,
#11546,#11547,#11548,#11549,#11550,#11551,#11552,#11553,#11554,#11555,#11556,
#11557,#11558,#11559,#11560,#11561),.UNSPECIFIED.,.F.,.F.,(4,3,3,3,3,3,
3,3,3,3,3,3,3,3,4),(0.,0.113707597502525,0.213313532593795,0.255198473226898,
0.302579825166604,0.391719267671457,0.477340038247745,0.574737082034752,
0.666424695062542,0.739355553714397,0.817322818659813,0.829625712911276,
0.895610069163496,0.959642240341581,1.),.UNSPECIFIED.);
#66=B_SPLINE_CURVE_WITH_KNOTS('',3,(#11562,#11563,#11564,#11565,#11566,
#11567,#11568,#11569,#11570,#11571,#11572,#11573,#11574,#11575,#11576,#11577,
#11578,#11579,#11580,#11581,#11582,#11583,#11584,#11585,#11586,#11587,#11588,
#11589,#11590,#11591,#11592,#11593,#11594,#11595,#11596,#11597,#11598,#11599,
#11600,#11601,#11602,#11603,#11604,#11605,#11606,#11607,#11608,#11609,#11610,
#11611,#11612,#11613),.UNSPECIFIED.,.F.,.F.,(4,3,3,3,3,3,3,3,3,3,3,3,3,
3,3,3,3,4),(0.,0.0400902199242548,0.104008777343104,0.182635535347026,0.199445144569408,
0.260652970244284,0.341379304347972,0.375087135397926,0.425252182165401,
0.516788340813023,0.538228711286046,0.608327824787351,0.697468926654306,
0.714006928306215,0.786606997145732,0.87169827081103,0.886067443892578,
1.),.UNSPECIFIED.);
#67=B_SPLINE_CURVE_WITH_KNOTS('',3,(#11617,#11618,#11619,#11620,#11621,
#11622,#11623,#11624,#11625,#11626,#11627,#11628,#11629,#11630,#11631,#11632,
#11633,#11634,#11635,#11636,#11637,#11638,#11639,#11640,#11641,#11642,#11643,
#11644,#11645,#11646,#11647,#11648,#11649,#11650,#11651,#11652,#11653,#11654,
#11655,#11656,#11657,#11658,#11659),.UNSPECIFIED.,.F.,.F.,(4,3,3,3,3,3,
3,3,3,3,3,3,3,3,4),(0.,0.113707597501702,0.213313532592526,0.255198473226121,
0.302579825165397,0.391719267670319,0.477340038246597,0.574737082033538,
0.666424695061427,0.739355553713364,0.817322818658765,0.82962571291068,
0.89561006915692,0.959642240331864,1.),.UNSPECIFIED.);
#68=B_SPLINE_CURVE_WITH_KNOTS('',3,(#11660,#11661,#11662,#11663,#11664,
#11665,#11666,#11667,#11668,#11669,#11670,#11671,#11672,#11673,#11674,#11675,
#11676,#11677,#11678,#11679,#11680,#11681,#11682,#11683,#11684,#11685,#11686,
#11687,#11688,#11689,#11690,#11691,#11692,#11693,#11694,#11695,#11696,#11697,
#11698,#11699,#11700,#11701,#11702,#11703,#11704,#11705,#11706,#11707,#11708,
#11709,#11710,#11711),.UNSPECIFIED.,.F.,.F.,(4,3,3,3,3,3,3,3,3,3,3,3,3,
3,3,3,3,4),(0.,0.0400902199320786,0.104008777349331,0.18263553534638,0.199445144569049,
0.2606529702432,0.341379304346857,0.375087135397318,0.425252182164279,0.516788340811785,
0.538228711285105,0.608327824786063,0.697468926653052,0.714006928304347,
0.786606997144489,0.871698270809412,0.886067443891803,1.),.UNSPECIFIED.);
#69=B_SPLINE_CURVE_WITH_KNOTS('',3,(#12110,#12111,#12112,#12113,#12114,
#12115,#12116,#12117,#12118,#12119,#12120,#12121,#12122,#12123,#12124,#12125,
#12126,#12127,#12128,#12129,#12130,#12131,#12132,#12133,#12134,#12135,#12136,
#12137,#12138,#12139,#12140,#12141,#12142,#12143,#12144,#12145,#12146,#12147,
#12148,#12149,#12150,#12151,#12152,#12153,#12154,#12155,#12156,#12157,#12158,
#12159,#12160,#12161,#12162,#12163,#12164,#12165,#12166,#12167,#12168,#12169,
#12170,#12171,#12172,#12173,#12174,#12175,#12176),.UNSPECIFIED.,.F.,.F.,
(4,3,3,3,3,3,3,3,3,3,3,3,3,3,3,3,3,3,3,3,3,3,4),(0.,0.0729147632393939,
0.113936039469122,0.189260854156719,0.21338924434388,0.292124751609095,
0.30253115963237,0.38288279616849,0.394069702157895,0.471361833816313,0.486921934355605,
0.55924880890955,0.574749471832904,0.643177602918606,0.658621515065646,
0.724348546872343,0.739354164871421,0.803302563458257,0.817323190914174,
0.880174255463749,0.898869292443466,0.959164538898555,1.),.UNSPECIFIED.);
#70=B_SPLINE_CURVE_WITH_KNOTS('',3,(#12177,#12178,#12179,#12180,#12181,
#12182,#12183,#12184,#12185,#12186,#12187,#12188,#12189,#12190,#12191,#12192,
#12193,#12194,#12195,#12196,#12197,#12198,#12199,#12200,#12201,#12202,#12203,
#12204,#12205,#12206,#12207,#12208,#12209,#12210,#12211,#12212,#12213,#12214,
#12215,#12216,#12217,#12218,#12219,#12220,#12221,#12222,#12223,#12224,#12225,
#12226,#12227,#12228,#12229,#12230,#12231,#12232,#12233,#12234,#12235,#12236,
#12237,#12238,#12239,#12240,#12241,#12242,#12243),.UNSPECIFIED.,.F.,.F.,
(4,3,3,3,3,3,3,3,3,3,3,3,3,3,3,3,3,3,3,3,3,3,4),(0.,0.0675945404420514,
0.0966692588632556,0.158115920619597,0.181219260189108,0.245595815997824,
0.257208805129197,0.32270047497839,0.336382257801506,0.404638869783464,
0.419947807713167,0.49195910275691,0.505572751072886,0.582356534093198,
0.594824307998105,0.675113359172228,0.687003287351106,0.76601410876377,
0.780462201131863,0.856054725216321,0.871887057950694,0.944925860693513,
1.),.UNSPECIFIED.);
#71=B_SPLINE_CURVE_WITH_KNOTS('',3,(#12256,#12257,#12258,#12259,#12260,
#12261,#12262,#12263,#12264,#12265,#12266,#12267,#12268,#12269,#12270,#12271,
#12272,#12273,#12274,#12275,#12276,#12277,#12278,#12279,#12280,#12281,#12282,
#12283,#12284,#12285,#12286,#12287,#12288,#12289,#12290,#12291,#12292,#12293,
#12294,#12295,#12296,#12297,#12298,#12299,#12300,#12301,#12302,#12303,#12304,
#12305,#12306,#12307,#12308,#12309,#12310,#12311,#12312,#12313,#12314,#12315,
#12316,#12317,#12318,#12319,#12320,#12321,#12322),.UNSPECIFIED.,.F.,.F.,
(4,3,3,3,3,3,3,3,3,3,3,3,3,3,3,3,3,3,3,3,3,3,4),(0.,0.0729147632393952,
0.113936039469495,0.189260854157229,0.213389244344422,0.292124751609079,
0.302531159632701,0.382882796169184,0.394069702158274,0.471361833816687,
0.486921934355778,0.559248808909507,0.574749471833017,0.643177602918918,
0.658621515065454,0.724348546871962,0.739354164871088,0.803302563457781,
0.81732319091391,0.880174255463611,0.898869292443934,0.959164538899203,
1.),.UNSPECIFIED.);
#72=B_SPLINE_CURVE_WITH_KNOTS('',3,(#12323,#12324,#12325,#12326,#12327,
#12328,#12329,#12330,#12331,#12332,#12333,#12334,#12335,#12336,#12337,#12338,
#12339,#12340,#12341,#12342,#12343,#12344,#12345,#12346,#12347,#12348,#12349,
#12350,#12351,#12352,#12353,#12354,#12355,#12356,#12357,#12358,#12359,#12360,
#12361,#12362,#12363,#12364,#12365,#12366,#12367,#12368,#12369,#12370,#12371,
#12372,#12373,#12374,#12375,#12376,#12377,#12378,#12379,#12380,#12381,#12382,
#12383,#12384,#12385,#12386,#12387,#12388,#12389),.UNSPECIFIED.,.F.,.F.,
(4,3,3,3,3,3,3,3,3,3,3,3,3,3,3,3,3,3,3,3,3,3,4),(0.,0.0675945404424219,
0.096669258864567,0.158115920621027,0.181219260191233,0.24559581599963,
0.257208805131384,0.322700474981183,0.336382257803747,0.404638869785788,
0.419947807715284,0.491959102759176,0.505572751075065,0.582356534095501,
0.594824308000289,0.6751133591743,0.687003287353294,0.766014108765922,0.780462201134064,
0.856054725218482,0.871887057952863,0.944925860694988,1.),.UNSPECIFIED.);
#73=B_SPLINE_CURVE_WITH_KNOTS('',3,(#12397,#12398,#12399,#12400,#12401,
#12402,#12403,#12404,#12405,#12406,#12407,#12408,#12409,#12410,#12411,#12412,
#12413,#12414,#12415,#12416,#12417,#12418,#12419,#12420,#12421,#12422,#12423,
#12424,#12425,#12426,#12427,#12428,#12429,#12430,#12431,#12432,#12433,#12434,
#12435,#12436,#12437,#12438,#12439,#12440,#12441,#12442,#12443,#12444,#12445,
#12446,#12447,#12448),.UNSPECIFIED.,.F.,.F.,(4,3,3,3,3,3,3,3,3,3,3,3,3,
3,3,3,3,4),(0.,0.0400902199313788,0.104008777348552,0.182635535344758,0.19944514456848,
0.260652970241649,0.341379304345209,0.375087135396414,0.425252182162577,
0.516788340809977,0.538228711284393,0.60832782478429,0.697468926651237,
0.714006928304149,0.786606997142633,0.871698270809548,0.8860674438906,1.),
 .UNSPECIFIED.);
#74=B_SPLINE_CURVE_WITH_KNOTS('',3,(#12449,#12450,#12451,#12452,#12453,
#12454,#12455,#12456,#12457,#12458,#12459,#12460,#12461,#12462,#12463,#12464,
#12465,#12466,#12467,#12468,#12469,#12470,#12471,#12472,#12473,#12474,#12475,
#12476,#12477,#12478,#12479,#12480,#12481,#12482,#12483,#12484,#12485,#12486,
#12487,#12488,#12489,#12490,#12491),.UNSPECIFIED.,.F.,.F.,(4,3,3,3,3,3,
3,3,3,3,3,3,3,3,4),(0.,0.113707597501469,0.213313532592096,0.255198473226205,
0.302579825164825,0.391719267669634,0.477340038246735,0.57473708203309,
0.666424695061591,0.73935555371283,0.817322818658183,0.829625712910787,
0.89561006915623,0.95964224033194,1.),.UNSPECIFIED.);
#75=B_SPLINE_CURVE_WITH_KNOTS('',3,(#12495,#12496,#12497,#12498,#12499,
#12500,#12501,#12502,#12503,#12504,#12505,#12506,#12507,#12508,#12509,#12510,
#12511,#12512,#12513,#12514,#12515,#12516,#12517,#12518,#12519,#12520,#12521,
#12522,#12523,#12524,#12525,#12526,#12527,#12528,#12529,#12530,#12531,#12532,
#12533,#12534,#12535,#12536,#12537,#12538,#12539,#12540,#12541,#12542,#12543,
#12544,#12545,#12546),.UNSPECIFIED.,.F.,.F.,(4,3,3,3,3,3,3,3,3,3,3,3,3,
3,3,3,3,4),(0.,0.0400902199243663,0.104008777342243,0.182635535346389,0.199445144569117,
0.260652970243608,0.341379304347313,0.375087135397435,0.425252182164688,
0.516788340812073,0.538228711285396,0.608327824786402,0.697468926653475,
0.714006928305322,0.786606997145011,0.871698270810338,0.886067443892126,
1.),.UNSPECIFIED.);
#76=B_SPLINE_CURVE_WITH_KNOTS('',3,(#12547,#12548,#12549,#12550,#12551,
#12552,#12553,#12554,#12555,#12556,#12557,#12558,#12559,#12560,#12561,#12562,
#12563,#12564,#12565,#12566,#12567,#12568,#12569,#12570,#12571,#12572,#12573,
#12574,#12575,#12576,#12577,#12578,#12579,#12580,#12581,#12582,#12583,#12584,
#12585,#12586,#12587,#12588,#12589),.UNSPECIFIED.,.F.,.F.,(4,3,3,3,3,3,
3,3,3,3,3,3,3,3,4),(0.,0.113707597500916,0.213313532591287,0.255198473227422,
0.302579825164177,0.391719267669131,0.477340038248584,0.574737082032422,
0.666424695063486,0.739355553712334,0.817322818657762,0.829625712911872,
0.895610069162265,0.959642240340841,1.),.UNSPECIFIED.);
#77=SHAPE_REPRESENTATION_RELATIONSHIP('SRR','None',#14040,#80);
#78=SHAPE_REPRESENTATION_RELATIONSHIP('SRR','None',#14041,#81);
#79=SHAPE_REPRESENTATION_RELATIONSHIP('SRR','None',#14042,#82);
#80=ADVANCED_BREP_SHAPE_REPRESENTATION('',(#93),#14020);
#81=ADVANCED_BREP_SHAPE_REPRESENTATION('',(#94,#95),#14021);
#82=ADVANCED_BREP_SHAPE_REPRESENTATION('',(#96,#97,#98,#99,#100,#101,#102),
#14022);
#83=STYLED_ITEM('',(#14064),#93);
#84=STYLED_ITEM('',(#14065),#94);
#85=STYLED_ITEM('',(#14065),#95);
#86=STYLED_ITEM('',(#14066),#96);
#87=STYLED_ITEM('',(#14065),#97);
#88=STYLED_ITEM('',(#14064),#98);
#89=STYLED_ITEM('',(#14064),#99);
#90=STYLED_ITEM('',(#14064),#100);
#91=STYLED_ITEM('',(#14064),#101);
#92=STYLED_ITEM('',(#14064),#102);
#93=MANIFOLD_SOLID_BREP('Body1',#7433);
#94=MANIFOLD_SOLID_BREP('Body1',#7434);
#95=MANIFOLD_SOLID_BREP('Body2',#7435);
#96=MANIFOLD_SOLID_BREP('Body1',#7436);
#97=MANIFOLD_SOLID_BREP('Body2',#7437);
#98=MANIFOLD_SOLID_BREP('Body3',#7438);
#99=MANIFOLD_SOLID_BREP('Body4',#7439);
#100=MANIFOLD_SOLID_BREP('Body5',#7440);
#101=MANIFOLD_SOLID_BREP('Body6',#7441);
#102=MANIFOLD_SOLID_BREP('Body7',#7442);
#103=CONICAL_SURFACE('',#7523,3.25,0.785398163397448);
#104=CONICAL_SURFACE('',#7532,2.5,0.785398163397448);
#105=FACE_BOUND('',#827,.T.);
#106=FACE_BOUND('',#829,.T.);
#107=FACE_BOUND('',#831,.T.);
#108=FACE_BOUND('',#856,.T.);
#109=FACE_BOUND('',#860,.T.);
#110=FACE_BOUND('',#976,.T.);
#111=FACE_BOUND('',#978,.T.);
#112=FACE_BOUND('',#1019,.T.);
#113=FACE_BOUND('',#1021,.T.);
#114=PLANE('',#7482);
#115=PLANE('',#7483);
#116=PLANE('',#7487);
#117=PLANE('',#7488);
#118=PLANE('',#7492);
#119=PLANE('',#7493);
#120=PLANE('',#7494);
#121=PLANE('',#7497);
#122=PLANE('',#7500);
#123=PLANE('',#7502);
#124=PLANE('',#7507);
#125=PLANE('',#7509);
#126=PLANE('',#7510);
#127=PLANE('',#7511);
#128=PLANE('',#7512);
#129=PLANE('',#7513);
#130=PLANE('',#7515);
#131=PLANE('',#7517);
#132=PLANE('',#7518);
#133=PLANE('',#7520);
#134=PLANE('',#7522);
#135=PLANE('',#7527);
#136=PLANE('',#7529);
#137=PLANE('',#7530);
#138=PLANE('',#7535);
#139=PLANE('',#7539);
#140=PLANE('',#7543);
#141=PLANE('',#7545);
#142=PLANE('',#7546);
#143=PLANE('',#7547);
#144=PLANE('',#7548);
#145=PLANE('',#7549);
#146=PLANE('',#7550);
#147=PLANE('',#7557);
#148=PLANE('',#7562);
#149=PLANE('',#7563);
#150=PLANE('',#7564);
#151=PLANE('',#7565);
#152=PLANE('',#7566);
#153=PLANE('',#7567);
#154=PLANE('',#7568);
#155=PLANE('',#7569);
#156=PLANE('',#7570);
#157=PLANE('',#7571);
#158=PLANE('',#7572);
#159=PLANE('',#7573);
#160=PLANE('',#7574);
#161=PLANE('',#7575);
#162=PLANE('',#7576);
#163=PLANE('',#7577);
#164=PLANE('',#7578);
#165=PLANE('',#7579);
#166=PLANE('',#7580);
#167=PLANE('',#7581);
#168=PLANE('',#7583);
#169=PLANE('',#7585);
#170=PLANE('',#7586);
#171=PLANE('',#7587);
#172=PLANE('',#7588);
#173=PLANE('',#7589);
#174=PLANE('',#7590);
#175=PLANE('',#7591);
#176=PLANE('',#7592);
#177=PLANE('',#7593);
#178=PLANE('',#7594);
#179=PLANE('',#7595);
#180=PLANE('',#7596);
#181=PLANE('',#7597);
#182=PLANE('',#7598);
#183=PLANE('',#7599);
#184=PLANE('',#7600);
#185=PLANE('',#7602);
#186=PLANE('',#7604);
#187=PLANE('',#7606);
#188=PLANE('',#7608);
#189=PLANE('',#7611);
#190=PLANE('',#7614);
#191=PLANE('',#7617);
#192=PLANE('',#7620);
#193=PLANE('',#7621);
#194=PLANE('',#7625);
#195=PLANE('',#7629);
#196=PLANE('',#7630);
#197=PLANE('',#7631);
#198=PLANE('',#7632);
#199=PLANE('',#7633);
#200=PLANE('',#7634);
#201=PLANE('',#7635);
#202=PLANE('',#7637);
#203=PLANE('',#7639);
#204=PLANE('',#7642);
#205=PLANE('',#7645);
#206=PLANE('',#7646);
#207=PLANE('',#7648);
#208=PLANE('',#7651);
#209=PLANE('',#7652);
#210=PLANE('',#7653);
#211=PLANE('',#7656);
#212=PLANE('',#7659);
#213=PLANE('',#7660);
#214=PLANE('',#7662);
#215=PLANE('',#7665);
#216=PLANE('',#7667);
#217=PLANE('',#7669);
#218=PLANE('',#7670);
#219=PLANE('',#7671);
#220=PLANE('',#7672);
#221=PLANE('',#7673);
#222=PLANE('',#7674);
#223=PLANE('',#7675);
#224=PLANE('',#7676);
#225=PLANE('',#7677);
#226=PLANE('',#7678);
#227=PLANE('',#7680);
#228=PLANE('',#7682);
#229=PLANE('',#7685);
#230=PLANE('',#7688);
#231=PLANE('',#7689);
#232=PLANE('',#7692);
#233=PLANE('',#7695);
#234=PLANE('',#7696);
#235=PLANE('',#7697);
#236=PLANE('',#7698);
#237=PLANE('',#7699);
#238=PLANE('',#7700);
#239=PLANE('',#7701);
#240=PLANE('',#7702);
#241=PLANE('',#7703);
#242=PLANE('',#7704);
#243=PLANE('',#7705);
#244=PLANE('',#7706);
#245=PLANE('',#7709);
#246=PLANE('',#7712);
#247=PLANE('',#7719);
#248=PLANE('',#7726);
#249=PLANE('',#7727);
#250=PLANE('',#7728);
#251=PLANE('',#7729);
#252=PLANE('',#7733);
#253=PLANE('',#7736);
#254=PLANE('',#7740);
#255=PLANE('',#7741);
#256=PLANE('',#7746);
#257=PLANE('',#7750);
#258=PLANE('',#7754);
#259=PLANE('',#7756);
#260=PLANE('',#7761);
#261=PLANE('',#7765);
#262=PLANE('',#7766);
#263=PLANE('',#7767);
#264=PLANE('',#7768);
#265=PLANE('',#7769);
#266=PLANE('',#7770);
#267=PLANE('',#7771);
#268=PLANE('',#7772);
#269=PLANE('',#7773);
#270=PLANE('',#7780);
#271=PLANE('',#7787);
#272=PLANE('',#7788);
#273=PLANE('',#7789);
#274=PLANE('',#7790);
#275=PLANE('',#7794);
#276=PLANE('',#7797);
#277=PLANE('',#7801);
#278=PLANE('',#7802);
#279=PLANE('',#7807);
#280=PLANE('',#7811);
#281=PLANE('',#7815);
#282=PLANE('',#7817);
#283=PLANE('',#7822);
#284=PLANE('',#7826);
#285=PLANE('',#7827);
#286=PLANE('',#7828);
#287=PLANE('',#7829);
#288=PLANE('',#7830);
#289=PLANE('',#7831);
#290=PLANE('',#7832);
#291=PLANE('',#7833);
#292=PLANE('',#7836);
#293=PLANE('',#7847);
#294=PLANE('',#7850);
#295=PLANE('',#7851);
#296=PLANE('',#7862);
#297=PLANE('',#7873);
#298=PLANE('',#7876);
#299=PLANE('',#7877);
#300=PLANE('',#7888);
#301=PLANE('',#7894);
#302=PLANE('',#7897);
#303=PLANE('',#7900);
#304=PLANE('',#7909);
#305=PLANE('',#7910);
#306=PLANE('',#7911);
#307=PLANE('',#7912);
#308=PLANE('',#7913);
#309=PLANE('',#7914);
#310=PLANE('',#7915);
#311=PLANE('',#7919);
#312=PLANE('',#7920);
#313=PLANE('',#7923);
#314=PLANE('',#7928);
#315=PLANE('',#7929);
#316=PLANE('',#7934);
#317=PLANE('',#7936);
#318=PLANE('',#7941);
#319=PLANE('',#7942);
#320=PLANE('',#7943);
#321=PLANE('',#7944);
#322=PLANE('',#7945);
#323=PLANE('',#7952);
#324=PLANE('',#7954);
#325=PLANE('',#7955);
#326=PLANE('',#7959);
#327=PLANE('',#7960);
#328=PLANE('',#7963);
#329=PLANE('',#7964);
#330=PLANE('',#7973);
#331=PLANE('',#7974);
#332=PLANE('',#7975);
#333=PLANE('',#7976);
#334=PLANE('',#7977);
#335=PLANE('',#7978);
#336=PLANE('',#7985);
#337=PLANE('',#7988);
#338=PLANE('',#7990);
#339=PLANE('',#7992);
#340=PLANE('',#7996);
#341=PLANE('',#7999);
#342=PLANE('',#8002);
#343=PLANE('',#8005);
#344=PLANE('',#8008);
#345=PLANE('',#8011);
#346=PLANE('',#8014);
#347=PLANE('',#8015);
#348=PLANE('',#8021);
#349=PLANE('',#8028);
#350=PLANE('',#8029);
#351=PLANE('',#8030);
#352=PLANE('',#8031);
#353=PLANE('',#8032);
#354=PLANE('',#8036);
#355=PLANE('',#8044);
#356=PLANE('',#8046);
#357=PLANE('',#8047);
#358=PLANE('',#8050);
#359=PLANE('',#8052);
#360=PLANE('',#8057);
#361=PLANE('',#8058);
#362=PLANE('',#8061);
#363=PLANE('',#8064);
#364=PLANE('',#8067);
#365=PLANE('',#8069);
#366=PLANE('',#8074);
#367=PLANE('',#8075);
#368=PLANE('',#8076);
#369=PLANE('',#8077);
#370=PLANE('',#8078);
#371=PLANE('',#8079);
#372=PLANE('',#8087);
#373=PLANE('',#8095);
#374=PLANE('',#8097);
#375=PLANE('',#8098);
#376=PLANE('',#8099);
#377=PLANE('',#8100);
#378=PLANE('',#8103);
#379=PLANE('',#8105);
#380=PLANE('',#8109);
#381=PLANE('',#8110);
#382=PLANE('',#8113);
#383=PLANE('',#8116);
#384=PLANE('',#8119);
#385=PLANE('',#8121);
#386=PLANE('',#8124);
#387=PLANE('',#8125);
#388=PLANE('',#8126);
#389=PLANE('',#8127);
#390=PLANE('',#8128);
#391=PLANE('',#8129);
#392=FACE_OUTER_BOUND('',#815,.T.);
#393=FACE_OUTER_BOUND('',#816,.T.);
#394=FACE_OUTER_BOUND('',#817,.T.);
#395=FACE_OUTER_BOUND('',#818,.T.);
#396=FACE_OUTER_BOUND('',#819,.T.);
#397=FACE_OUTER_BOUND('',#820,.T.);
#398=FACE_OUTER_BOUND('',#821,.T.);
#399=FACE_OUTER_BOUND('',#822,.T.);
#400=FACE_OUTER_BOUND('',#823,.T.);
#401=FACE_OUTER_BOUND('',#824,.T.);
#402=FACE_OUTER_BOUND('',#825,.T.);
#403=FACE_OUTER_BOUND('',#826,.T.);
#404=FACE_OUTER_BOUND('',#828,.T.);
#405=FACE_OUTER_BOUND('',#830,.T.);
#406=FACE_OUTER_BOUND('',#832,.T.);
#407=FACE_OUTER_BOUND('',#833,.T.);
#408=FACE_OUTER_BOUND('',#834,.T.);
#409=FACE_OUTER_BOUND('',#835,.T.);
#410=FACE_OUTER_BOUND('',#836,.T.);
#411=FACE_OUTER_BOUND('',#837,.T.);
#412=FACE_OUTER_BOUND('',#838,.T.);
#413=FACE_OUTER_BOUND('',#839,.T.);
#414=FACE_OUTER_BOUND('',#840,.T.);
#415=FACE_OUTER_BOUND('',#841,.T.);
#416=FACE_OUTER_BOUND('',#842,.T.);
#417=FACE_OUTER_BOUND('',#843,.T.);
#418=FACE_OUTER_BOUND('',#844,.T.);
#419=FACE_OUTER_BOUND('',#845,.T.);
#420=FACE_OUTER_BOUND('',#846,.T.);
#421=FACE_OUTER_BOUND('',#847,.T.);
#422=FACE_OUTER_BOUND('',#848,.T.);
#423=FACE_OUTER_BOUND('',#849,.T.);
#424=FACE_OUTER_BOUND('',#850,.T.);
#425=FACE_OUTER_BOUND('',#851,.T.);
#426=FACE_OUTER_BOUND('',#852,.T.);
#427=FACE_OUTER_BOUND('',#853,.T.);
#428=FACE_OUTER_BOUND('',#854,.T.);
#429=FACE_OUTER_BOUND('',#855,.T.);
#430=FACE_OUTER_BOUND('',#857,.T.);
#431=FACE_OUTER_BOUND('',#858,.T.);
#432=FACE_OUTER_BOUND('',#859,.T.);
#433=FACE_OUTER_BOUND('',#861,.T.);
#434=FACE_OUTER_BOUND('',#862,.T.);
#435=FACE_OUTER_BOUND('',#863,.T.);
#436=FACE_OUTER_BOUND('',#864,.T.);
#437=FACE_OUTER_BOUND('',#865,.T.);
#438=FACE_OUTER_BOUND('',#866,.T.);
#439=FACE_OUTER_BOUND('',#867,.T.);
#440=FACE_OUTER_BOUND('',#868,.T.);
#441=FACE_OUTER_BOUND('',#869,.T.);
#442=FACE_OUTER_BOUND('',#870,.T.);
#443=FACE_OUTER_BOUND('',#871,.T.);
#444=FACE_OUTER_BOUND('',#872,.T.);
#445=FACE_OUTER_BOUND('',#873,.T.);
#446=FACE_OUTER_BOUND('',#874,.T.);
#447=FACE_OUTER_BOUND('',#875,.T.);
#448=FACE_OUTER_BOUND('',#876,.T.);
#449=FACE_OUTER_BOUND('',#877,.T.);
#450=FACE_OUTER_BOUND('',#878,.T.);
#451=FACE_OUTER_BOUND('',#879,.T.);
#452=FACE_OUTER_BOUND('',#880,.T.);
#453=FACE_OUTER_BOUND('',#881,.T.);
#454=FACE_OUTER_BOUND('',#882,.T.);
#455=FACE_OUTER_BOUND('',#883,.T.);
#456=FACE_OUTER_BOUND('',#884,.T.);
#457=FACE_OUTER_BOUND('',#885,.T.);
#458=FACE_OUTER_BOUND('',#886,.T.);
#459=FACE_OUTER_BOUND('',#887,.T.);
#460=FACE_OUTER_BOUND('',#888,.T.);
#461=FACE_OUTER_BOUND('',#889,.T.);
#462=FACE_OUTER_BOUND('',#890,.T.);
#463=FACE_OUTER_BOUND('',#891,.T.);
#464=FACE_OUTER_BOUND('',#892,.T.);
#465=FACE_OUTER_BOUND('',#893,.T.);
#466=FACE_OUTER_BOUND('',#894,.T.);
#467=FACE_OUTER_BOUND('',#895,.T.);
#468=FACE_OUTER_BOUND('',#896,.T.);
#469=FACE_OUTER_BOUND('',#897,.T.);
#470=FACE_OUTER_BOUND('',#898,.T.);
#471=FACE_OUTER_BOUND('',#899,.T.);
#472=FACE_OUTER_BOUND('',#900,.T.);
#473=FACE_OUTER_BOUND('',#901,.T.);
#474=FACE_OUTER_BOUND('',#902,.T.);
#475=FACE_OUTER_BOUND('',#903,.T.);
#476=FACE_OUTER_BOUND('',#904,.T.);
#477=FACE_OUTER_BOUND('',#905,.T.);
#478=FACE_OUTER_BOUND('',#906,.T.);
#479=FACE_OUTER_BOUND('',#907,.T.);
#480=FACE_OUTER_BOUND('',#908,.T.);
#481=FACE_OUTER_BOUND('',#909,.T.);
#482=FACE_OUTER_BOUND('',#910,.T.);
#483=FACE_OUTER_BOUND('',#911,.T.);
#484=FACE_OUTER_BOUND('',#912,.T.);
#485=FACE_OUTER_BOUND('',#913,.T.);
#486=FACE_OUTER_BOUND('',#914,.T.);
#487=FACE_OUTER_BOUND('',#915,.T.);
#488=FACE_OUTER_BOUND('',#916,.T.);
#489=FACE_OUTER_BOUND('',#917,.T.);
#490=FACE_OUTER_BOUND('',#918,.T.);
#491=FACE_OUTER_BOUND('',#919,.T.);
#492=FACE_OUTER_BOUND('',#920,.T.);
#493=FACE_OUTER_BOUND('',#921,.T.);
#494=FACE_OUTER_BOUND('',#922,.T.);
#495=FACE_OUTER_BOUND('',#923,.T.);
#496=FACE_OUTER_BOUND('',#924,.T.);
#497=FACE_OUTER_BOUND('',#925,.T.);
#498=FACE_OUTER_BOUND('',#926,.T.);
#499=FACE_OUTER_BOUND('',#927,.T.);
#500=FACE_OUTER_BOUND('',#928,.T.);
#501=FACE_OUTER_BOUND('',#929,.T.);
#502=FACE_OUTER_BOUND('',#930,.T.);
#503=FACE_OUTER_BOUND('',#931,.T.);
#504=FACE_OUTER_BOUND('',#932,.T.);
#505=FACE_OUTER_BOUND('',#933,.T.);
#506=FACE_OUTER_BOUND('',#934,.T.);
#507=FACE_OUTER_BOUND('',#935,.T.);
#508=FACE_OUTER_BOUND('',#936,.T.);
#509=FACE_OUTER_BOUND('',#937,.T.);
#510=FACE_OUTER_BOUND('',#938,.T.);
#511=FACE_OUTER_BOUND('',#939,.T.);
#512=FACE_OUTER_BOUND('',#940,.T.);
#513=FACE_OUTER_BOUND('',#941,.T.);
#514=FACE_OUTER_BOUND('',#942,.T.);
#515=FACE_OUTER_BOUND('',#943,.T.);
#516=FACE_OUTER_BOUND('',#944,.T.);
#517=FACE_OUTER_BOUND('',#945,.T.);
#518=FACE_OUTER_BOUND('',#946,.T.);
#519=FACE_OUTER_BOUND('',#947,.T.);
#520=FACE_OUTER_BOUND('',#948,.T.);
#521=FACE_OUTER_BOUND('',#949,.T.);
#522=FACE_OUTER_BOUND('',#950,.T.);
#523=FACE_OUTER_BOUND('',#951,.T.);
#524=FACE_OUTER_BOUND('',#952,.T.);
#525=FACE_OUTER_BOUND('',#953,.T.);
#526=FACE_OUTER_BOUND('',#954,.T.);
#527=FACE_OUTER_BOUND('',#955,.T.);
#528=FACE_OUTER_BOUND('',#956,.T.);
#529=FACE_OUTER_BOUND('',#957,.T.);
#530=FACE_OUTER_BOUND('',#958,.T.);
#531=FACE_OUTER_BOUND('',#959,.T.);
#532=FACE_OUTER_BOUND('',#960,.T.);
#533=FACE_OUTER_BOUND('',#961,.T.);
#534=FACE_OUTER_BOUND('',#962,.T.);
#535=FACE_OUTER_BOUND('',#963,.T.);
#536=FACE_OUTER_BOUND('',#964,.T.);
#537=FACE_OUTER_BOUND('',#965,.T.);
#538=FACE_OUTER_BOUND('',#966,.T.);
#539=FACE_OUTER_BOUND('',#967,.T.);
#540=FACE_OUTER_BOUND('',#968,.T.);
#541=FACE_OUTER_BOUND('',#969,.T.);
#542=FACE_OUTER_BOUND('',#970,.T.);
#543=FACE_OUTER_BOUND('',#971,.T.);
#544=FACE_OUTER_BOUND('',#972,.T.);
#545=FACE_OUTER_BOUND('',#973,.T.);
#546=FACE_OUTER_BOUND('',#974,.T.);
#547=FACE_OUTER_BOUND('',#975,.T.);
#548=FACE_OUTER_BOUND('',#977,.T.);
#549=FACE_OUTER_BOUND('',#979,.T.);
#550=FACE_OUTER_BOUND('',#980,.T.);
#551=FACE_OUTER_BOUND('',#981,.T.);
#552=FACE_OUTER_BOUND('',#982,.T.);
#553=FACE_OUTER_BOUND('',#983,.T.);
#554=FACE_OUTER_BOUND('',#984,.T.);
#555=FACE_OUTER_BOUND('',#985,.T.);
#556=FACE_OUTER_BOUND('',#986,.T.);
#557=FACE_OUTER_BOUND('',#987,.T.);
#558=FACE_OUTER_BOUND('',#988,.T.);
#559=FACE_OUTER_BOUND('',#989,.T.);
#560=FACE_OUTER_BOUND('',#990,.T.);
#561=FACE_OUTER_BOUND('',#991,.T.);
#562=FACE_OUTER_BOUND('',#992,.T.);
#563=FACE_OUTER_BOUND('',#993,.T.);
#564=FACE_OUTER_BOUND('',#994,.T.);
#565=FACE_OUTER_BOUND('',#995,.T.);
#566=FACE_OUTER_BOUND('',#996,.T.);
#567=FACE_OUTER_BOUND('',#997,.T.);
#568=FACE_OUTER_BOUND('',#998,.T.);
#569=FACE_OUTER_BOUND('',#999,.T.);
#570=FACE_OUTER_BOUND('',#1000,.T.);
#571=FACE_OUTER_BOUND('',#1001,.T.);
#572=FACE_OUTER_BOUND('',#1002,.T.);
#573=FACE_OUTER_BOUND('',#1003,.T.);
#574=FACE_OUTER_BOUND('',#1004,.T.);
#575=FACE_OUTER_BOUND('',#1005,.T.);
#576=FACE_OUTER_BOUND('',#1006,.T.);
#577=FACE_OUTER_BOUND('',#1007,.T.);
#578=FACE_OUTER_BOUND('',#1008,.T.);
#579=FACE_OUTER_BOUND('',#1009,.T.);
#580=FACE_OUTER_BOUND('',#1010,.T.);
#581=FACE_OUTER_BOUND('',#1011,.T.);
#582=FACE_OUTER_BOUND('',#1012,.T.);
#583=FACE_OUTER_BOUND('',#1013,.T.);
#584=FACE_OUTER_BOUND('',#1014,.T.);
#585=FACE_OUTER_BOUND('',#1015,.T.);
#586=FACE_OUTER_BOUND('',#1016,.T.);
#587=FACE_OUTER_BOUND('',#1017,.T.);
#588=FACE_OUTER_BOUND('',#1018,.T.);
#589=FACE_OUTER_BOUND('',#1020,.T.);
#590=FACE_OUTER_BOUND('',#1022,.T.);
#591=FACE_OUTER_BOUND('',#1023,.T.);
#592=FACE_OUTER_BOUND('',#1024,.T.);
#593=FACE_OUTER_BOUND('',#1025,.T.);
#594=FACE_OUTER_BOUND('',#1026,.T.);
#595=FACE_OUTER_BOUND('',#1027,.T.);
#596=FACE_OUTER_BOUND('',#1028,.T.);
#597=FACE_OUTER_BOUND('',#1029,.T.);
#598=FACE_OUTER_BOUND('',#1030,.T.);
#599=FACE_OUTER_BOUND('',#1031,.T.);
#600=FACE_OUTER_BOUND('',#1032,.T.);
#601=FACE_OUTER_BOUND('',#1033,.T.);
#602=FACE_OUTER_BOUND('',#1034,.T.);
#603=FACE_OUTER_BOUND('',#1035,.T.);
#604=FACE_OUTER_BOUND('',#1036,.T.);
#605=FACE_OUTER_BOUND('',#1037,.T.);
#606=FACE_OUTER_BOUND('',#1038,.T.);
#607=FACE_OUTER_BOUND('',#1039,.T.);
#608=FACE_OUTER_BOUND('',#1040,.T.);
#609=FACE_OUTER_BOUND('',#1041,.T.);
#610=FACE_OUTER_BOUND('',#1042,.T.);
#611=FACE_OUTER_BOUND('',#1043,.T.);
#612=FACE_OUTER_BOUND('',#1044,.T.);
#613=FACE_OUTER_BOUND('',#1045,.T.);
#614=FACE_OUTER_BOUND('',#1046,.T.);
#615=FACE_OUTER_BOUND('',#1047,.T.);
#616=FACE_OUTER_BOUND('',#1048,.T.);
#617=FACE_OUTER_BOUND('',#1049,.T.);
#618=FACE_OUTER_BOUND('',#1050,.T.);
#619=FACE_OUTER_BOUND('',#1051,.T.);
#620=FACE_OUTER_BOUND('',#1052,.T.);
#621=FACE_OUTER_BOUND('',#1053,.T.);
#622=FACE_OUTER_BOUND('',#1054,.T.);
#623=FACE_OUTER_BOUND('',#1055,.T.);
#624=FACE_OUTER_BOUND('',#1056,.T.);
#625=FACE_OUTER_BOUND('',#1057,.T.);
#626=FACE_OUTER_BOUND('',#1058,.T.);
#627=FACE_OUTER_BOUND('',#1059,.T.);
#628=FACE_OUTER_BOUND('',#1060,.T.);
#629=FACE_OUTER_BOUND('',#1061,.T.);
#630=FACE_OUTER_BOUND('',#1062,.T.);
#631=FACE_OUTER_BOUND('',#1063,.T.);
#632=FACE_OUTER_BOUND('',#1064,.T.);
#633=FACE_OUTER_BOUND('',#1065,.T.);
#634=FACE_OUTER_BOUND('',#1066,.T.);
#635=FACE_OUTER_BOUND('',#1067,.T.);
#636=FACE_OUTER_BOUND('',#1068,.T.);
#637=FACE_OUTER_BOUND('',#1069,.T.);
#638=FACE_OUTER_BOUND('',#1070,.T.);
#639=FACE_OUTER_BOUND('',#1071,.T.);
#640=FACE_OUTER_BOUND('',#1072,.T.);
#641=FACE_OUTER_BOUND('',#1073,.T.);
#642=FACE_OUTER_BOUND('',#1074,.T.);
#643=FACE_OUTER_BOUND('',#1075,.T.);
#644=FACE_OUTER_BOUND('',#1076,.T.);
#645=FACE_OUTER_BOUND('',#1077,.T.);
#646=FACE_OUTER_BOUND('',#1078,.T.);
#647=FACE_OUTER_BOUND('',#1079,.T.);
#648=FACE_OUTER_BOUND('',#1080,.T.);
#649=FACE_OUTER_BOUND('',#1081,.T.);
#650=FACE_OUTER_BOUND('',#1082,.T.);
#651=FACE_OUTER_BOUND('',#1083,.T.);
#652=FACE_OUTER_BOUND('',#1084,.T.);
#653=FACE_OUTER_BOUND('',#1085,.T.);
#654=FACE_OUTER_BOUND('',#1086,.T.);
#655=FACE_OUTER_BOUND('',#1087,.T.);
#656=FACE_OUTER_BOUND('',#1088,.T.);
#657=FACE_OUTER_BOUND('',#1089,.T.);
#658=FACE_OUTER_BOUND('',#1090,.T.);
#659=FACE_OUTER_BOUND('',#1091,.T.);
#660=FACE_OUTER_BOUND('',#1092,.T.);
#661=FACE_OUTER_BOUND('',#1093,.T.);
#662=FACE_OUTER_BOUND('',#1094,.T.);
#663=FACE_OUTER_BOUND('',#1095,.T.);
#664=FACE_OUTER_BOUND('',#1096,.T.);
#665=FACE_OUTER_BOUND('',#1097,.T.);
#666=FACE_OUTER_BOUND('',#1098,.T.);
#667=FACE_OUTER_BOUND('',#1099,.T.);
#668=FACE_OUTER_BOUND('',#1100,.T.);
#669=FACE_OUTER_BOUND('',#1101,.T.);
#670=FACE_OUTER_BOUND('',#1102,.T.);
#671=FACE_OUTER_BOUND('',#1103,.T.);
#672=FACE_OUTER_BOUND('',#1104,.T.);
#673=FACE_OUTER_BOUND('',#1105,.T.);
#674=FACE_OUTER_BOUND('',#1106,.T.);
#675=FACE_OUTER_BOUND('',#1107,.T.);
#676=FACE_OUTER_BOUND('',#1108,.T.);
#677=FACE_OUTER_BOUND('',#1109,.T.);
#678=FACE_OUTER_BOUND('',#1110,.T.);
#679=FACE_OUTER_BOUND('',#1111,.T.);
#680=FACE_OUTER_BOUND('',#1112,.T.);
#681=FACE_OUTER_BOUND('',#1113,.T.);
#682=FACE_OUTER_BOUND('',#1114,.T.);
#683=FACE_OUTER_BOUND('',#1115,.T.);
#684=FACE_OUTER_BOUND('',#1116,.T.);
#685=FACE_OUTER_BOUND('',#1117,.T.);
#686=FACE_OUTER_BOUND('',#1118,.T.);
#687=FACE_OUTER_BOUND('',#1119,.T.);
#688=FACE_OUTER_BOUND('',#1120,.T.);
#689=FACE_OUTER_BOUND('',#1121,.T.);
#690=FACE_OUTER_BOUND('',#1122,.T.);
#691=FACE_OUTER_BOUND('',#1123,.T.);
#692=FACE_OUTER_BOUND('',#1124,.T.);
#693=FACE_OUTER_BOUND('',#1125,.T.);
#694=FACE_OUTER_BOUND('',#1126,.T.);
#695=FACE_OUTER_BOUND('',#1127,.T.);
#696=FACE_OUTER_BOUND('',#1128,.T.);
#697=FACE_OUTER_BOUND('',#1129,.T.);
#698=FACE_OUTER_BOUND('',#1130,.T.);
#699=FACE_OUTER_BOUND('',#1131,.T.);
#700=FACE_OUTER_BOUND('',#1132,.T.);
#701=FACE_OUTER_BOUND('',#1133,.T.);
#702=FACE_OUTER_BOUND('',#1134,.T.);
#703=FACE_OUTER_BOUND('',#1135,.T.);
#704=FACE_OUTER_BOUND('',#1136,.T.);
#705=FACE_OUTER_BOUND('',#1137,.T.);
#706=FACE_OUTER_BOUND('',#1138,.T.);
#707=FACE_OUTER_BOUND('',#1139,.T.);
#708=FACE_OUTER_BOUND('',#1140,.T.);
#709=FACE_OUTER_BOUND('',#1141,.T.);
#710=FACE_OUTER_BOUND('',#1142,.T.);
#711=FACE_OUTER_BOUND('',#1143,.T.);
#712=FACE_OUTER_BOUND('',#1144,.T.);
#713=FACE_OUTER_BOUND('',#1145,.T.);
#714=FACE_OUTER_BOUND('',#1146,.T.);
#715=FACE_OUTER_BOUND('',#1147,.T.);
#716=FACE_OUTER_BOUND('',#1148,.T.);
#717=FACE_OUTER_BOUND('',#1149,.T.);
#718=FACE_OUTER_BOUND('',#1150,.T.);
#719=FACE_OUTER_BOUND('',#1151,.T.);
#720=FACE_OUTER_BOUND('',#1152,.T.);
#721=FACE_OUTER_BOUND('',#1153,.T.);
#722=FACE_OUTER_BOUND('',#1154,.T.);
#723=FACE_OUTER_BOUND('',#1155,.T.);
#724=FACE_OUTER_BOUND('',#1156,.T.);
#725=FACE_OUTER_BOUND('',#1157,.T.);
#726=FACE_OUTER_BOUND('',#1158,.T.);
#727=FACE_OUTER_BOUND('',#1159,.T.);
#728=FACE_OUTER_BOUND('',#1160,.T.);
#729=FACE_OUTER_BOUND('',#1161,.T.);
#730=FACE_OUTER_BOUND('',#1162,.T.);
#731=FACE_OUTER_BOUND('',#1163,.T.);
#732=FACE_OUTER_BOUND('',#1164,.T.);
#733=FACE_OUTER_BOUND('',#1165,.T.);
#734=FACE_OUTER_BOUND('',#1166,.T.);
#735=FACE_OUTER_BOUND('',#1167,.T.);
#736=FACE_OUTER_BOUND('',#1168,.T.);
#737=FACE_OUTER_BOUND('',#1169,.T.);
#738=FACE_OUTER_BOUND('',#1170,.T.);
#739=FACE_OUTER_BOUND('',#1171,.T.);
#740=FACE_OUTER_BOUND('',#1172,.T.);
#741=FACE_OUTER_BOUND('',#1173,.T.);
#742=FACE_OUTER_BOUND('',#1174,.T.);
#743=FACE_OUTER_BOUND('',#1175,.T.);
#744=FACE_OUTER_BOUND('',#1176,.T.);
#745=FACE_OUTER_BOUND('',#1177,.T.);
#746=FACE_OUTER_BOUND('',#1178,.T.);
#747=FACE_OUTER_BOUND('',#1179,.T.);
#748=FACE_OUTER_BOUND('',#1180,.T.);
#749=FACE_OUTER_BOUND('',#1181,.T.);
#750=FACE_OUTER_BOUND('',#1182,.T.);
#751=FACE_OUTER_BOUND('',#1183,.T.);
#752=FACE_OUTER_BOUND('',#1184,.T.);
#753=FACE_OUTER_BOUND('',#1185,.T.);
#754=FACE_OUTER_BOUND('',#1186,.T.);
#755=FACE_OUTER_BOUND('',#1187,.T.);
#756=FACE_OUTER_BOUND('',#1188,.T.);
#757=FACE_OUTER_BOUND('',#1189,.T.);
#758=FACE_OUTER_BOUND('',#1190,.T.);
#759=FACE_OUTER_BOUND('',#1191,.T.);
#760=FACE_OUTER_BOUND('',#1192,.T.);
#761=FACE_OUTER_BOUND('',#1193,.T.);
#762=FACE_OUTER_BOUND('',#1194,.T.);
#763=FACE_OUTER_BOUND('',#1195,.T.);
#764=FACE_OUTER_BOUND('',#1196,.T.);
#765=FACE_OUTER_BOUND('',#1197,.T.);
#766=FACE_OUTER_BOUND('',#1198,.T.);
#767=FACE_OUTER_BOUND('',#1199,.T.);
#768=FACE_OUTER_BOUND('',#1200,.T.);
#769=FACE_OUTER_BOUND('',#1201,.T.);
#770=FACE_OUTER_BOUND('',#1202,.T.);
#771=FACE_OUTER_BOUND('',#1203,.T.);
#772=FACE_OUTER_BOUND('',#1204,.T.);
#773=FACE_OUTER_BOUND('',#1205,.T.);
#774=FACE_OUTER_BOUND('',#1206,.T.);
#775=FACE_OUTER_BOUND('',#1207,.T.);
#776=FACE_OUTER_BOUND('',#1208,.T.);
#777=FACE_OUTER_BOUND('',#1209,.T.);
#778=FACE_OUTER_BOUND('',#1210,.T.);
#779=FACE_OUTER_BOUND('',#1211,.T.);
#780=FACE_OUTER_BOUND('',#1212,.T.);
#781=FACE_OUTER_BOUND('',#1213,.T.);
#782=FACE_OUTER_BOUND('',#1214,.T.);
#783=FACE_OUTER_BOUND('',#1215,.T.);
#784=FACE_OUTER_BOUND('',#1216,.T.);
#785=FACE_OUTER_BOUND('',#1217,.T.);
#786=FACE_OUTER_BOUND('',#1218,.T.);
#787=FACE_OUTER_BOUND('',#1219,.T.);
#788=FACE_OUTER_BOUND('',#1220,.T.);
#789=FACE_OUTER_BOUND('',#1221,.T.);
#790=FACE_OUTER_BOUND('',#1222,.T.);
#791=FACE_OUTER_BOUND('',#1223,.T.);
#792=FACE_OUTER_BOUND('',#1224,.T.);
#793=FACE_OUTER_BOUND('',#1225,.T.);
#794=FACE_OUTER_BOUND('',#1226,.T.);
#795=FACE_OUTER_BOUND('',#1227,.T.);
#796=FACE_OUTER_BOUND('',#1228,.T.);
#797=FACE_OUTER_BOUND('',#1229,.T.);
#798=FACE_OUTER_BOUND('',#1230,.T.);
#799=FACE_OUTER_BOUND('',#1231,.T.);
#800=FACE_OUTER_BOUND('',#1232,.T.);
#801=FACE_OUTER_BOUND('',#1233,.T.);
#802=FACE_OUTER_BOUND('',#1234,.T.);
#803=FACE_OUTER_BOUND('',#1235,.T.);
#804=FACE_OUTER_BOUND('',#1236,.T.);
#805=FACE_OUTER_BOUND('',#1237,.T.);
#806=FACE_OUTER_BOUND('',#1238,.T.);
#807=FACE_OUTER_BOUND('',#1239,.T.);
#808=FACE_OUTER_BOUND('',#1240,.T.);
#809=FACE_OUTER_BOUND('',#1241,.T.);
#810=FACE_OUTER_BOUND('',#1242,.T.);
#811=FACE_OUTER_BOUND('',#1243,.T.);
#812=FACE_OUTER_BOUND('',#1244,.T.);
#813=FACE_OUTER_BOUND('',#1245,.T.);
#814=FACE_OUTER_BOUND('',#1246,.T.);
#815=EDGE_LOOP('',(#4785,#4786,#4787,#4788));
#816=EDGE_LOOP('',(#4789,#4790,#4791,#4792,#4793,#4794,#4795,#4796));
#817=EDGE_LOOP('',(#4797,#4798,#4799,#4800,#4801,#4802,#4803,#4804));
#818=EDGE_LOOP('',(#4805,#4806,#4807,#4808));
#819=EDGE_LOOP('',(#4809,#4810,#4811,#4812));
#820=EDGE_LOOP('',(#4813,#4814,#4815,#4816));
#821=EDGE_LOOP('',(#4817,#4818,#4819,#4820));
#822=EDGE_LOOP('',(#4821,#4822,#4823,#4824));
#823=EDGE_LOOP('',(#4825,#4826,#4827,#4828));
#824=EDGE_LOOP('',(#4829,#4830,#4831,#4832,#4833,#4834,#4835,#4836,#4837,
#4838,#4839,#4840));
#825=EDGE_LOOP('',(#4841,#4842,#4843,#4844,#4845,#4846,#4847,#4848,#4849,
#4850,#4851,#4852));
#826=EDGE_LOOP('',(#4853));
#827=EDGE_LOOP('',(#4854));
#828=EDGE_LOOP('',(#4855,#4856,#4857,#4858,#4859,#4860,#4861,#4862,#4863,
#4864,#4865,#4866,#4867,#4868,#4869,#4870));
#829=EDGE_LOOP('',(#4871));
#830=EDGE_LOOP('',(#4872,#4873,#4874,#4875,#4876,#4877,#4878,#4879));
#831=EDGE_LOOP('',(#4880));
#832=EDGE_LOOP('',(#4881,#4882,#4883,#4884));
#833=EDGE_LOOP('',(#4885,#4886,#4887,#4888));
#834=EDGE_LOOP('',(#4889,#4890,#4891,#4892));
#835=EDGE_LOOP('',(#4893,#4894,#4895,#4896));
#836=EDGE_LOOP('',(#4897,#4898,#4899,#4900));
#837=EDGE_LOOP('',(#4901,#4902,#4903,#4904));
#838=EDGE_LOOP('',(#4905,#4906,#4907,#4908));
#839=EDGE_LOOP('',(#4909,#4910,#4911,#4912));
#840=EDGE_LOOP('',(#4913,#4914,#4915,#4916));
#841=EDGE_LOOP('',(#4917,#4918,#4919,#4920));
#842=EDGE_LOOP('',(#4921,#4922,#4923,#4924));
#843=EDGE_LOOP('',(#4925,#4926,#4927,#4928));
#844=EDGE_LOOP('',(#4929,#4930,#4931,#4932));
#845=EDGE_LOOP('',(#4933,#4934,#4935,#4936));
#846=EDGE_LOOP('',(#4937,#4938,#4939,#4940));
#847=EDGE_LOOP('',(#4941,#4942,#4943,#4944));
#848=EDGE_LOOP('',(#4945,#4946));
#849=EDGE_LOOP('',(#4947,#4948,#4949,#4950,#4951,#4952));
#850=EDGE_LOOP('',(#4953,#4954));
#851=EDGE_LOOP('',(#4955,#4956,#4957,#4958));
#852=EDGE_LOOP('',(#4959,#4960,#4961,#4962));
#853=EDGE_LOOP('',(#4963));
#854=EDGE_LOOP('',(#4964,#4965,#4966,#4967));
#855=EDGE_LOOP('',(#4968));
#856=EDGE_LOOP('',(#4969));
#857=EDGE_LOOP('',(#4970,#4971,#4972,#4973));
#858=EDGE_LOOP('',(#4974));
#859=EDGE_LOOP('',(#4975,#4976,#4977,#4978));
#860=EDGE_LOOP('',(#4979,#4980,#4981,#4982));
#861=EDGE_LOOP('',(#4983,#4984,#4985,#4986));
#862=EDGE_LOOP('',(#4987,#4988,#4989,#4990));
#863=EDGE_LOOP('',(#4991,#4992,#4993,#4994));
#864=EDGE_LOOP('',(#4995,#4996,#4997,#4998));
#865=EDGE_LOOP('',(#4999,#5000,#5001,#5002,#5003,#5004,#5005,#5006,#5007,
#5008,#5009,#5010,#5011,#5012,#5013,#5014,#5015,#5016,#5017,#5018,#5019,
#5020,#5021,#5022,#5023,#5024,#5025,#5026,#5027,#5028,#5029,#5030,#5031,
#5032,#5033,#5034));
#866=EDGE_LOOP('',(#5035,#5036,#5037,#5038));
#867=EDGE_LOOP('',(#5039,#5040,#5041,#5042,#5043,#5044,#5045,#5046,#5047,
#5048,#5049,#5050,#5051,#5052,#5053,#5054));
#868=EDGE_LOOP('',(#5055,#5056,#5057,#5058));
#869=EDGE_LOOP('',(#5059,#5060,#5061,#5062));
#870=EDGE_LOOP('',(#5063,#5064,#5065,#5066));
#871=EDGE_LOOP('',(#5067,#5068,#5069,#5070));
#872=EDGE_LOOP('',(#5071,#5072,#5073,#5074));
#873=EDGE_LOOP('',(#5075,#5076,#5077,#5078,#5079,#5080));
#874=EDGE_LOOP('',(#5081,#5082,#5083,#5084));
#875=EDGE_LOOP('',(#5085,#5086,#5087,#5088));
#876=EDGE_LOOP('',(#5089,#5090,#5091,#5092,#5093,#5094));
#877=EDGE_LOOP('',(#5095,#5096,#5097,#5098));
#878=EDGE_LOOP('',(#5099,#5100,#5101,#5102));
#879=EDGE_LOOP('',(#5103,#5104,#5105,#5106));
#880=EDGE_LOOP('',(#5107,#5108,#5109,#5110,#5111,#5112,#5113,#5114,#5115,
#5116,#5117,#5118));
#881=EDGE_LOOP('',(#5119,#5120,#5121,#5122));
#882=EDGE_LOOP('',(#5123,#5124,#5125,#5126));
#883=EDGE_LOOP('',(#5127,#5128,#5129,#5130));
#884=EDGE_LOOP('',(#5131,#5132,#5133,#5134));
#885=EDGE_LOOP('',(#5135,#5136,#5137,#5138));
#886=EDGE_LOOP('',(#5139,#5140,#5141,#5142));
#887=EDGE_LOOP('',(#5143,#5144,#5145,#5146,#5147,#5148));
#888=EDGE_LOOP('',(#5149,#5150,#5151,#5152));
#889=EDGE_LOOP('',(#5153,#5154,#5155,#5156));
#890=EDGE_LOOP('',(#5157,#5158,#5159,#5160));
#891=EDGE_LOOP('',(#5161,#5162,#5163,#5164));
#892=EDGE_LOOP('',(#5165,#5166,#5167,#5168));
#893=EDGE_LOOP('',(#5169,#5170,#5171,#5172,#5173,#5174));
#894=EDGE_LOOP('',(#5175,#5176,#5177,#5178));
#895=EDGE_LOOP('',(#5179,#5180,#5181,#5182));
#896=EDGE_LOOP('',(#5183,#5184,#5185,#5186));
#897=EDGE_LOOP('',(#5187,#5188,#5189,#5190,#5191,#5192,#5193,#5194,#5195,
#5196,#5197,#5198));
#898=EDGE_LOOP('',(#5199,#5200,#5201,#5202));
#899=EDGE_LOOP('',(#5203,#5204,#5205,#5206));
#900=EDGE_LOOP('',(#5207,#5208,#5209,#5210));
#901=EDGE_LOOP('',(#5211,#5212,#5213,#5214,#5215));
#902=EDGE_LOOP('',(#5216,#5217,#5218,#5219,#5220));
#903=EDGE_LOOP('',(#5221,#5222,#5223,#5224,#5225));
#904=EDGE_LOOP('',(#5226,#5227,#5228,#5229));
#905=EDGE_LOOP('',(#5230,#5231,#5232,#5233,#5234));
#906=EDGE_LOOP('',(#5235,#5236,#5237,#5238));
#907=EDGE_LOOP('',(#5239,#5240,#5241,#5242));
#908=EDGE_LOOP('',(#5243,#5244,#5245,#5246));
#909=EDGE_LOOP('',(#5247,#5248,#5249,#5250));
#910=EDGE_LOOP('',(#5251,#5252,#5253,#5254));
#911=EDGE_LOOP('',(#5255,#5256,#5257,#5258,#5259));
#912=EDGE_LOOP('',(#5260,#5261,#5262,#5263,#5264));
#913=EDGE_LOOP('',(#5265,#5266,#5267,#5268));
#914=EDGE_LOOP('',(#5269,#5270,#5271,#5272));
#915=EDGE_LOOP('',(#5273,#5274,#5275,#5276,#5277));
#916=EDGE_LOOP('',(#5278,#5279,#5280,#5281,#5282,#5283,#5284,#5285,#5286,
#5287,#5288,#5289));
#917=EDGE_LOOP('',(#5290,#5291,#5292,#5293,#5294,#5295,#5296,#5297,#5298,
#5299,#5300,#5301));
#918=EDGE_LOOP('',(#5302,#5303,#5304,#5305));
#919=EDGE_LOOP('',(#5306,#5307,#5308,#5309,#5310));
#920=EDGE_LOOP('',(#5311,#5312,#5313,#5314));
#921=EDGE_LOOP('',(#5315,#5316,#5317,#5318));
#922=EDGE_LOOP('',(#5319,#5320,#5321,#5322));
#923=EDGE_LOOP('',(#5323,#5324,#5325,#5326));
#924=EDGE_LOOP('',(#5327,#5328,#5329,#5330));
#925=EDGE_LOOP('',(#5331,#5332,#5333,#5334));
#926=EDGE_LOOP('',(#5335,#5336,#5337,#5338));
#927=EDGE_LOOP('',(#5339,#5340,#5341,#5342));
#928=EDGE_LOOP('',(#5343,#5344,#5345,#5346));
#929=EDGE_LOOP('',(#5347,#5348,#5349,#5350));
#930=EDGE_LOOP('',(#5351,#5352,#5353,#5354));
#931=EDGE_LOOP('',(#5355,#5356,#5357,#5358));
#932=EDGE_LOOP('',(#5359,#5360,#5361,#5362));
#933=EDGE_LOOP('',(#5363,#5364,#5365,#5366));
#934=EDGE_LOOP('',(#5367,#5368,#5369,#5370));
#935=EDGE_LOOP('',(#5371,#5372,#5373,#5374));
#936=EDGE_LOOP('',(#5375,#5376,#5377,#5378));
#937=EDGE_LOOP('',(#5379,#5380,#5381,#5382));
#938=EDGE_LOOP('',(#5383,#5384,#5385,#5386));
#939=EDGE_LOOP('',(#5387,#5388,#5389,#5390));
#940=EDGE_LOOP('',(#5391,#5392,#5393,#5394));
#941=EDGE_LOOP('',(#5395,#5396,#5397,#5398));
#942=EDGE_LOOP('',(#5399,#5400,#5401,#5402));
#943=EDGE_LOOP('',(#5403,#5404,#5405,#5406));
#944=EDGE_LOOP('',(#5407,#5408,#5409));
#945=EDGE_LOOP('',(#5410,#5411,#5412));
#946=EDGE_LOOP('',(#5413,#5414,#5415,#5416));
#947=EDGE_LOOP('',(#5417,#5418,#5419,#5420));
#948=EDGE_LOOP('',(#5421,#5422,#5423,#5424));
#949=EDGE_LOOP('',(#5425,#5426,#5427,#5428));
#950=EDGE_LOOP('',(#5429,#5430,#5431,#5432,#5433,#5434,#5435,#5436,#5437,
#5438,#5439,#5440));
#951=EDGE_LOOP('',(#5441,#5442,#5443,#5444,#5445,#5446,#5447,#5448,#5449,
#5450,#5451,#5452));
#952=EDGE_LOOP('',(#5453,#5454,#5455,#5456,#5457));
#953=EDGE_LOOP('',(#5458,#5459,#5460,#5461,#5462));
#954=EDGE_LOOP('',(#5463,#5464,#5465,#5466));
#955=EDGE_LOOP('',(#5467,#5468,#5469));
#956=EDGE_LOOP('',(#5470,#5471,#5472));
#957=EDGE_LOOP('',(#5473,#5474,#5475,#5476));
#958=EDGE_LOOP('',(#5477,#5478,#5479,#5480));
#959=EDGE_LOOP('',(#5481,#5482,#5483,#5484,#5485));
#960=EDGE_LOOP('',(#5486,#5487,#5488,#5489));
#961=EDGE_LOOP('',(#5490,#5491,#5492,#5493));
#962=EDGE_LOOP('',(#5494,#5495,#5496,#5497,#5498));
#963=EDGE_LOOP('',(#5499,#5500,#5501,#5502));
#964=EDGE_LOOP('',(#5503,#5504,#5505,#5506));
#965=EDGE_LOOP('',(#5507,#5508,#5509,#5510));
#966=EDGE_LOOP('',(#5511,#5512,#5513,#5514));
#967=EDGE_LOOP('',(#5515,#5516,#5517,#5518));
#968=EDGE_LOOP('',(#5519,#5520,#5521,#5522));
#969=EDGE_LOOP('',(#5523,#5524,#5525,#5526));
#970=EDGE_LOOP('',(#5527,#5528,#5529,#5530));
#971=EDGE_LOOP('',(#5531,#5532,#5533,#5534,#5535));
#972=EDGE_LOOP('',(#5536,#5537,#5538,#5539,#5540));
#973=EDGE_LOOP('',(#5541,#5542,#5543,#5544));
#974=EDGE_LOOP('',(#5545,#5546,#5547,#5548));
#975=EDGE_LOOP('',(#5549,#5550,#5551,#5552,#5553,#5554,#5555,#5556,#5557,
#5558,#5559,#5560,#5561,#5562,#5563,#5564));
#976=EDGE_LOOP('',(#5565,#5566,#5567,#5568));
#977=EDGE_LOOP('',(#5569,#5570,#5571,#5572,#5573,#5574,#5575,#5576,#5577,
#5578,#5579,#5580,#5581,#5582,#5583,#5584));
#978=EDGE_LOOP('',(#5585,#5586,#5587,#5588));
#979=EDGE_LOOP('',(#5589,#5590,#5591,#5592));
#980=EDGE_LOOP('',(#5593,#5594,#5595,#5596));
#981=EDGE_LOOP('',(#5597,#5598,#5599,#5600));
#982=EDGE_LOOP('',(#5601,#5602,#5603,#5604));
#983=EDGE_LOOP('',(#5605,#5606,#5607,#5608));
#984=EDGE_LOOP('',(#5609,#5610,#5611,#5612,#5613,#5614));
#985=EDGE_LOOP('',(#5615,#5616,#5617,#5618));
#986=EDGE_LOOP('',(#5619,#5620,#5621,#5622));
#987=EDGE_LOOP('',(#5623,#5624,#5625,#5626,#5627,#5628,#5629,#5630,#5631,
#5632));
#988=EDGE_LOOP('',(#5633,#5634,#5635,#5636));
#989=EDGE_LOOP('',(#5637,#5638,#5639,#5640));
#990=EDGE_LOOP('',(#5641,#5642,#5643,#5644,#5645,#5646));
#991=EDGE_LOOP('',(#5647,#5648,#5649,#5650));
#992=EDGE_LOOP('',(#5651,#5652,#5653,#5654));
#993=EDGE_LOOP('',(#5655,#5656,#5657,#5658));
#994=EDGE_LOOP('',(#5659,#5660,#5661,#5662,#5663,#5664));
#995=EDGE_LOOP('',(#5665,#5666,#5667,#5668,#5669,#5670));
#996=EDGE_LOOP('',(#5671,#5672,#5673,#5674,#5675,#5676));
#997=EDGE_LOOP('',(#5677,#5678,#5679,#5680));
#998=EDGE_LOOP('',(#5681,#5682,#5683,#5684));
#999=EDGE_LOOP('',(#5685,#5686,#5687,#5688,#5689));
#1000=EDGE_LOOP('',(#5690,#5691,#5692,#5693));
#1001=EDGE_LOOP('',(#5694,#5695,#5696,#5697));
#1002=EDGE_LOOP('',(#5698,#5699,#5700,#5701));
#1003=EDGE_LOOP('',(#5702,#5703,#5704,#5705));
#1004=EDGE_LOOP('',(#5706,#5707,#5708,#5709));
#1005=EDGE_LOOP('',(#5710,#5711,#5712,#5713));
#1006=EDGE_LOOP('',(#5714,#5715,#5716,#5717));
#1007=EDGE_LOOP('',(#5718,#5719,#5720,#5721));
#1008=EDGE_LOOP('',(#5722,#5723,#5724,#5725));
#1009=EDGE_LOOP('',(#5726,#5727,#5728,#5729));
#1010=EDGE_LOOP('',(#5730,#5731,#5732,#5733));
#1011=EDGE_LOOP('',(#5734,#5735,#5736,#5737));
#1012=EDGE_LOOP('',(#5738,#5739,#5740,#5741));
#1013=EDGE_LOOP('',(#5742,#5743,#5744,#5745));
#1014=EDGE_LOOP('',(#5746,#5747,#5748,#5749));
#1015=EDGE_LOOP('',(#5750,#5751,#5752,#5753));
#1016=EDGE_LOOP('',(#5754,#5755,#5756,#5757));
#1017=EDGE_LOOP('',(#5758,#5759,#5760,#5761));
#1018=EDGE_LOOP('',(#5762,#5763,#5764,#5765,#5766,#5767,#5768,#5769,#5770,
#5771,#5772,#5773,#5774,#5775,#5776,#5777));
#1019=EDGE_LOOP('',(#5778,#5779,#5780,#5781));
#1020=EDGE_LOOP('',(#5782,#5783,#5784,#5785,#5786,#5787,#5788,#5789,#5790,
#5791,#5792,#5793,#5794,#5795,#5796,#5797));
#1021=EDGE_LOOP('',(#5798,#5799,#5800,#5801));
#1022=EDGE_LOOP('',(#5802,#5803,#5804,#5805));
#1023=EDGE_LOOP('',(#5806,#5807,#5808,#5809));
#1024=EDGE_LOOP('',(#5810,#5811,#5812,#5813));
#1025=EDGE_LOOP('',(#5814,#5815,#5816,#5817));
#1026=EDGE_LOOP('',(#5818,#5819,#5820,#5821));
#1027=EDGE_LOOP('',(#5822,#5823,#5824,#5825,#5826,#5827));
#1028=EDGE_LOOP('',(#5828,#5829,#5830,#5831));
#1029=EDGE_LOOP('',(#5832,#5833,#5834,#5835));
#1030=EDGE_LOOP('',(#5836,#5837,#5838,#5839,#5840,#5841,#5842,#5843,#5844,
#5845));
#1031=EDGE_LOOP('',(#5846,#5847,#5848,#5849));
#1032=EDGE_LOOP('',(#5850,#5851,#5852,#5853));
#1033=EDGE_LOOP('',(#5854,#5855,#5856,#5857,#5858,#5859));
#1034=EDGE_LOOP('',(#5860,#5861,#5862,#5863));
#1035=EDGE_LOOP('',(#5864,#5865,#5866,#5867));
#1036=EDGE_LOOP('',(#5868,#5869,#5870,#5871));
#1037=EDGE_LOOP('',(#5872,#5873,#5874,#5875,#5876,#5877));
#1038=EDGE_LOOP('',(#5878,#5879,#5880,#5881,#5882,#5883));
#1039=EDGE_LOOP('',(#5884,#5885,#5886,#5887,#5888,#5889));
#1040=EDGE_LOOP('',(#5890,#5891,#5892,#5893));
#1041=EDGE_LOOP('',(#5894,#5895,#5896,#5897));
#1042=EDGE_LOOP('',(#5898,#5899,#5900,#5901,#5902));
#1043=EDGE_LOOP('',(#5903,#5904,#5905,#5906));
#1044=EDGE_LOOP('',(#5907,#5908,#5909,#5910));
#1045=EDGE_LOOP('',(#5911,#5912,#5913,#5914));
#1046=EDGE_LOOP('',(#5915,#5916,#5917,#5918));
#1047=EDGE_LOOP('',(#5919,#5920,#5921,#5922));
#1048=EDGE_LOOP('',(#5923,#5924,#5925,#5926));
#1049=EDGE_LOOP('',(#5927,#5928,#5929,#5930));
#1050=EDGE_LOOP('',(#5931,#5932,#5933,#5934));
#1051=EDGE_LOOP('',(#5935,#5936,#5937,#5938));
#1052=EDGE_LOOP('',(#5939,#5940,#5941,#5942));
#1053=EDGE_LOOP('',(#5943,#5944,#5945,#5946));
#1054=EDGE_LOOP('',(#5947,#5948,#5949,#5950));
#1055=EDGE_LOOP('',(#5951,#5952,#5953,#5954));
#1056=EDGE_LOOP('',(#5955,#5956,#5957,#5958));
#1057=EDGE_LOOP('',(#5959,#5960,#5961,#5962));
#1058=EDGE_LOOP('',(#5963,#5964,#5965,#5966));
#1059=EDGE_LOOP('',(#5967,#5968,#5969,#5970));
#1060=EDGE_LOOP('',(#5971,#5972,#5973,#5974));
#1061=EDGE_LOOP('',(#5975,#5976,#5977,#5978));
#1062=EDGE_LOOP('',(#5979,#5980,#5981,#5982));
#1063=EDGE_LOOP('',(#5983,#5984,#5985,#5986));
#1064=EDGE_LOOP('',(#5987,#5988,#5989,#5990));
#1065=EDGE_LOOP('',(#5991,#5992,#5993,#5994));
#1066=EDGE_LOOP('',(#5995,#5996,#5997,#5998));
#1067=EDGE_LOOP('',(#5999,#6000,#6001,#6002));
#1068=EDGE_LOOP('',(#6003,#6004,#6005,#6006));
#1069=EDGE_LOOP('',(#6007,#6008,#6009,#6010));
#1070=EDGE_LOOP('',(#6011,#6012,#6013,#6014));
#1071=EDGE_LOOP('',(#6015,#6016,#6017,#6018));
#1072=EDGE_LOOP('',(#6019,#6020,#6021,#6022));
#1073=EDGE_LOOP('',(#6023,#6024,#6025,#6026));
#1074=EDGE_LOOP('',(#6027,#6028,#6029,#6030));
#1075=EDGE_LOOP('',(#6031,#6032,#6033,#6034));
#1076=EDGE_LOOP('',(#6035,#6036,#6037,#6038));
#1077=EDGE_LOOP('',(#6039,#6040,#6041,#6042));
#1078=EDGE_LOOP('',(#6043,#6044,#6045,#6046));
#1079=EDGE_LOOP('',(#6047,#6048,#6049,#6050));
#1080=EDGE_LOOP('',(#6051,#6052,#6053,#6054));
#1081=EDGE_LOOP('',(#6055,#6056,#6057,#6058));
#1082=EDGE_LOOP('',(#6059,#6060,#6061,#6062));
#1083=EDGE_LOOP('',(#6063,#6064,#6065,#6066));
#1084=EDGE_LOOP('',(#6067,#6068,#6069,#6070));
#1085=EDGE_LOOP('',(#6071,#6072,#6073,#6074));
#1086=EDGE_LOOP('',(#6075,#6076,#6077,#6078));
#1087=EDGE_LOOP('',(#6079,#6080,#6081,#6082));
#1088=EDGE_LOOP('',(#6083,#6084,#6085,#6086));
#1089=EDGE_LOOP('',(#6087,#6088,#6089,#6090));
#1090=EDGE_LOOP('',(#6091,#6092,#6093,#6094));
#1091=EDGE_LOOP('',(#6095,#6096,#6097,#6098,#6099,#6100,#6101,#6102,#6103,
#6104,#6105,#6106,#6107,#6108,#6109));
#1092=EDGE_LOOP('',(#6110,#6111,#6112,#6113));
#1093=EDGE_LOOP('',(#6114,#6115,#6116,#6117,#6118,#6119,#6120,#6121));
#1094=EDGE_LOOP('',(#6122,#6123,#6124,#6125,#6126,#6127,#6128,#6129));
#1095=EDGE_LOOP('',(#6130,#6131,#6132,#6133,#6134,#6135,#6136,#6137,#6138,
#6139,#6140,#6141,#6142,#6143));
#1096=EDGE_LOOP('',(#6144,#6145,#6146,#6147));
#1097=EDGE_LOOP('',(#6148,#6149,#6150,#6151,#6152));
#1098=EDGE_LOOP('',(#6153,#6154,#6155,#6156));
#1099=EDGE_LOOP('',(#6157,#6158,#6159,#6160));
#1100=EDGE_LOOP('',(#6161,#6162,#6163,#6164));
#1101=EDGE_LOOP('',(#6165,#6166,#6167,#6168));
#1102=EDGE_LOOP('',(#6169,#6170,#6171,#6172));
#1103=EDGE_LOOP('',(#6173,#6174,#6175,#6176));
#1104=EDGE_LOOP('',(#6177,#6178,#6179,#6180));
#1105=EDGE_LOOP('',(#6181,#6182,#6183,#6184));
#1106=EDGE_LOOP('',(#6185,#6186,#6187,#6188));
#1107=EDGE_LOOP('',(#6189,#6190,#6191,#6192));
#1108=EDGE_LOOP('',(#6193,#6194,#6195,#6196));
#1109=EDGE_LOOP('',(#6197,#6198,#6199,#6200,#6201,#6202,#6203,#6204));
#1110=EDGE_LOOP('',(#6205,#6206,#6207,#6208));
#1111=EDGE_LOOP('',(#6209,#6210,#6211,#6212));
#1112=EDGE_LOOP('',(#6213,#6214,#6215,#6216));
#1113=EDGE_LOOP('',(#6217,#6218,#6219,#6220));
#1114=EDGE_LOOP('',(#6221,#6222,#6223,#6224));
#1115=EDGE_LOOP('',(#6225,#6226));
#1116=EDGE_LOOP('',(#6227,#6228,#6229,#6230));
#1117=EDGE_LOOP('',(#6231,#6232,#6233,#6234));
#1118=EDGE_LOOP('',(#6235,#6236,#6237,#6238));
#1119=EDGE_LOOP('',(#6239,#6240,#6241,#6242,#6243,#6244,#6245,#6246,#6247));
#1120=EDGE_LOOP('',(#6248,#6249,#6250,#6251,#6252,#6253,#6254,#6255));
#1121=EDGE_LOOP('',(#6256,#6257,#6258,#6259));
#1122=EDGE_LOOP('',(#6260,#6261,#6262,#6263));
#1123=EDGE_LOOP('',(#6264,#6265,#6266,#6267));
#1124=EDGE_LOOP('',(#6268,#6269,#6270,#6271));
#1125=EDGE_LOOP('',(#6272,#6273,#6274,#6275));
#1126=EDGE_LOOP('',(#6276,#6277,#6278,#6279,#6280,#6281,#6282,#6283));
#1127=EDGE_LOOP('',(#6284,#6285,#6286,#6287));
#1128=EDGE_LOOP('',(#6288,#6289,#6290,#6291));
#1129=EDGE_LOOP('',(#6292,#6293,#6294,#6295,#6296,#6297,#6298,#6299,#6300,
#6301,#6302,#6303,#6304,#6305));
#1130=EDGE_LOOP('',(#6306,#6307,#6308,#6309));
#1131=EDGE_LOOP('',(#6310,#6311,#6312,#6313,#6314,#6315,#6316,#6317,#6318,
#6319,#6320,#6321,#6322,#6323));
#1132=EDGE_LOOP('',(#6324,#6325,#6326,#6327));
#1133=EDGE_LOOP('',(#6328,#6329,#6330,#6331,#6332,#6333,#6334,#6335,#6336));
#1134=EDGE_LOOP('',(#6337,#6338,#6339,#6340));
#1135=EDGE_LOOP('',(#6341,#6342,#6343,#6344));
#1136=EDGE_LOOP('',(#6345,#6346,#6347,#6348));
#1137=EDGE_LOOP('',(#6349,#6350,#6351,#6352,#6353,#6354,#6355,#6356));
#1138=EDGE_LOOP('',(#6357,#6358,#6359,#6360));
#1139=EDGE_LOOP('',(#6361,#6362));
#1140=EDGE_LOOP('',(#6363,#6364,#6365,#6366));
#1141=EDGE_LOOP('',(#6367,#6368,#6369,#6370));
#1142=EDGE_LOOP('',(#6371,#6372,#6373,#6374));
#1143=EDGE_LOOP('',(#6375,#6376,#6377,#6378));
#1144=EDGE_LOOP('',(#6379,#6380,#6381,#6382));
#1145=EDGE_LOOP('',(#6383,#6384,#6385,#6386));
#1146=EDGE_LOOP('',(#6387,#6388,#6389,#6390));
#1147=EDGE_LOOP('',(#6391,#6392,#6393,#6394));
#1148=EDGE_LOOP('',(#6395,#6396,#6397,#6398));
#1149=EDGE_LOOP('',(#6399,#6400,#6401,#6402));
#1150=EDGE_LOOP('',(#6403,#6404));
#1151=EDGE_LOOP('',(#6405,#6406,#6407,#6408));
#1152=EDGE_LOOP('',(#6409,#6410,#6411,#6412,#6413,#6414,#6415,#6416));
#1153=EDGE_LOOP('',(#6417,#6418,#6419,#6420,#6421,#6422,#6423));
#1154=EDGE_LOOP('',(#6424,#6425,#6426,#6427,#6428,#6429,#6430));
#1155=EDGE_LOOP('',(#6431,#6432,#6433,#6434,#6435,#6436,#6437,#6438));
#1156=EDGE_LOOP('',(#6439,#6440,#6441,#6442));
#1157=EDGE_LOOP('',(#6443,#6444,#6445,#6446,#6447,#6448,#6449,#6450));
#1158=EDGE_LOOP('',(#6451,#6452,#6453,#6454));
#1159=EDGE_LOOP('',(#6455,#6456,#6457,#6458));
#1160=EDGE_LOOP('',(#6459,#6460,#6461,#6462));
#1161=EDGE_LOOP('',(#6463,#6464,#6465,#6466));
#1162=EDGE_LOOP('',(#6467,#6468,#6469,#6470));
#1163=EDGE_LOOP('',(#6471,#6472,#6473,#6474));
#1164=EDGE_LOOP('',(#6475,#6476,#6477,#6478));
#1165=EDGE_LOOP('',(#6479,#6480,#6481,#6482));
#1166=EDGE_LOOP('',(#6483,#6484,#6485,#6486,#6487,#6488,#6489,#6490,#6491,
#6492,#6493,#6494,#6495,#6496,#6497));
#1167=EDGE_LOOP('',(#6498,#6499,#6500,#6501));
#1168=EDGE_LOOP('',(#6502,#6503,#6504,#6505,#6506,#6507,#6508,#6509,#6510,
#6511,#6512,#6513,#6514,#6515));
#1169=EDGE_LOOP('',(#6516,#6517,#6518,#6519));
#1170=EDGE_LOOP('',(#6520,#6521,#6522,#6523));
#1171=EDGE_LOOP('',(#6524,#6525,#6526,#6527));
#1172=EDGE_LOOP('',(#6528,#6529,#6530,#6531));
#1173=EDGE_LOOP('',(#6532,#6533,#6534,#6535));
#1174=EDGE_LOOP('',(#6536,#6537,#6538,#6539));
#1175=EDGE_LOOP('',(#6540,#6541,#6542,#6543,#6544));
#1176=EDGE_LOOP('',(#6545,#6546,#6547,#6548));
#1177=EDGE_LOOP('',(#6549,#6550,#6551,#6552));
#1178=EDGE_LOOP('',(#6553,#6554,#6555,#6556));
#1179=EDGE_LOOP('',(#6557,#6558,#6559,#6560));
#1180=EDGE_LOOP('',(#6561,#6562,#6563,#6564));
#1181=EDGE_LOOP('',(#6565,#6566,#6567,#6568));
#1182=EDGE_LOOP('',(#6569,#6570));
#1183=EDGE_LOOP('',(#6571,#6572,#6573,#6574,#6575,#6576,#6577));
#1184=EDGE_LOOP('',(#6578,#6579,#6580,#6581));
#1185=EDGE_LOOP('',(#6582,#6583,#6584,#6585));
#1186=EDGE_LOOP('',(#6586,#6587,#6588,#6589,#6590,#6591,#6592,#6593));
#1187=EDGE_LOOP('',(#6594,#6595,#6596,#6597));
#1188=EDGE_LOOP('',(#6598,#6599,#6600,#6601));
#1189=EDGE_LOOP('',(#6602,#6603,#6604,#6605));
#1190=EDGE_LOOP('',(#6606,#6607,#6608,#6609,#6610,#6611,#6612,#6613));
#1191=EDGE_LOOP('',(#6614,#6615,#6616,#6617,#6618,#6619,#6620,#6621,#6622,
#6623,#6624,#6625,#6626,#6627,#6628));
#1192=EDGE_LOOP('',(#6629,#6630,#6631,#6632));
#1193=EDGE_LOOP('',(#6633,#6634,#6635,#6636));
#1194=EDGE_LOOP('',(#6637,#6638,#6639,#6640,#6641,#6642,#6643,#6644));
#1195=EDGE_LOOP('',(#6645,#6646,#6647,#6648));
#1196=EDGE_LOOP('',(#6649,#6650,#6651,#6652));
#1197=EDGE_LOOP('',(#6653,#6654,#6655,#6656,#6657,#6658,#6659));
#1198=EDGE_LOOP('',(#6660,#6661,#6662,#6663));
#1199=EDGE_LOOP('',(#6664,#6665,#6666,#6667,#6668,#6669,#6670,#6671,#6672,
#6673,#6674,#6675,#6676,#6677));
#1200=EDGE_LOOP('',(#6678,#6679,#6680,#6681));
#1201=EDGE_LOOP('',(#6682,#6683,#6684,#6685));
#1202=EDGE_LOOP('',(#6686,#6687,#6688,#6689,#6690));
#1203=EDGE_LOOP('',(#6691,#6692,#6693,#6694));
#1204=EDGE_LOOP('',(#6695,#6696,#6697,#6698));
#1205=EDGE_LOOP('',(#6699,#6700,#6701,#6702));
#1206=EDGE_LOOP('',(#6703,#6704,#6705,#6706));
#1207=EDGE_LOOP('',(#6707,#6708,#6709,#6710));
#1208=EDGE_LOOP('',(#6711,#6712,#6713,#6714));
#1209=EDGE_LOOP('',(#6715,#6716,#6717,#6718));
#1210=EDGE_LOOP('',(#6719,#6720,#6721,#6722));
#1211=EDGE_LOOP('',(#6723,#6724,#6725,#6726));
#1212=EDGE_LOOP('',(#6727,#6728,#6729,#6730));
#1213=EDGE_LOOP('',(#6731,#6732));
#1214=EDGE_LOOP('',(#6733,#6734,#6735,#6736,#6737,#6738,#6739,#6740,#6741));
#1215=EDGE_LOOP('',(#6742,#6743,#6744,#6745));
#1216=EDGE_LOOP('',(#6746,#6747,#6748,#6749));
#1217=EDGE_LOOP('',(#6750,#6751,#6752,#6753,#6754,#6755,#6756,#6757));
#1218=EDGE_LOOP('',(#6758,#6759,#6760,#6761));
#1219=EDGE_LOOP('',(#6762,#6763,#6764,#6765));
#1220=EDGE_LOOP('',(#6766,#6767,#6768,#6769));
#1221=EDGE_LOOP('',(#6770,#6771,#6772,#6773));
#1222=EDGE_LOOP('',(#6774,#6775,#6776,#6777));
#1223=EDGE_LOOP('',(#6778,#6779,#6780,#6781,#6782,#6783,#6784,#6785));
#1224=EDGE_LOOP('',(#6786,#6787,#6788,#6789,#6790,#6791,#6792,#6793,#6794,
#6795,#6796,#6797,#6798,#6799));
#1225=EDGE_LOOP('',(#6800,#6801,#6802,#6803));
#1226=EDGE_LOOP('',(#6804,#6805,#6806,#6807));
#1227=EDGE_LOOP('',(#6808,#6809,#6810,#6811,#6812,#6813,#6814,#6815));
#1228=EDGE_LOOP('',(#6816,#6817,#6818,#6819));
#1229=EDGE_LOOP('',(#6820,#6821,#6822,#6823));
#1230=EDGE_LOOP('',(#6824,#6825,#6826,#6827,#6828,#6829,#6830,#6831,#6832));
#1231=EDGE_LOOP('',(#6833,#6834,#6835,#6836));
#1232=EDGE_LOOP('',(#6837,#6838,#6839,#6840,#6841,#6842,#6843,#6844,#6845,
#6846,#6847,#6848,#6849,#6850));
#1233=EDGE_LOOP('',(#6851,#6852,#6853,#6854));
#1234=EDGE_LOOP('',(#6855,#6856,#6857,#6858));
#1235=EDGE_LOOP('',(#6859,#6860,#6861,#6862));
#1236=EDGE_LOOP('',(#6863,#6864,#6865,#6866));
#1237=EDGE_LOOP('',(#6867,#6868,#6869,#6870));
#1238=EDGE_LOOP('',(#6871,#6872,#6873,#6874));
#1239=EDGE_LOOP('',(#6875,#6876,#6877,#6878));
#1240=EDGE_LOOP('',(#6879,#6880,#6881,#6882));
#1241=EDGE_LOOP('',(#6883,#6884,#6885,#6886));
#1242=EDGE_LOOP('',(#6887,#6888));
#1243=EDGE_LOOP('',(#6889,#6890,#6891,#6892));
#1244=EDGE_LOOP('',(#6893,#6894,#6895,#6896));
#1245=EDGE_LOOP('',(#6897,#6898,#6899,#6900));
#1246=EDGE_LOOP('',(#6901,#6902));
#1247=LINE('',#10260,#2032);
#1248=LINE('',#10265,#2033);
#1249=LINE('',#10267,#2034);
#1250=LINE('',#10269,#2035);
#1251=LINE('',#10271,#2036);
#1252=LINE('',#10273,#2037);
#1253=LINE('',#10275,#2038);
#1254=LINE('',#10277,#2039);
#1255=LINE('',#10278,#2040);
#1256=LINE('',#10282,#2041);
#1257=LINE('',#10284,#2042);
#1258=LINE('',#10286,#2043);
#1259=LINE('',#10288,#2044);
#1260=LINE('',#10290,#2045);
#1261=LINE('',#10292,#2046);
#1262=LINE('',#10294,#2047);
#1263=LINE('',#10295,#2048);
#1264=LINE('',#10301,#2049);
#1265=LINE('',#10304,#2050);
#1266=LINE('',#10306,#2051);
#1267=LINE('',#10307,#2052);
#1268=LINE('',#10310,#2053);
#1269=LINE('',#10312,#2054);
#1270=LINE('',#10313,#2055);
#1271=LINE('',#10319,#2056);
#1272=LINE('',#10321,#2057);
#1273=LINE('',#10322,#2058);
#1274=LINE('',#10324,#2059);
#1275=LINE('',#10325,#2060);
#1276=LINE('',#10328,#2061);
#1277=LINE('',#10330,#2062);
#1278=LINE('',#10334,#2063);
#1279=LINE('',#10338,#2064);
#1280=LINE('',#10339,#2065);
#1281=LINE('',#10342,#2066);
#1282=LINE('',#10344,#2067);
#1283=LINE('',#10348,#2068);
#1284=LINE('',#10352,#2069);
#1285=LINE('',#10353,#2070);
#1286=LINE('',#10360,#2071);
#1287=LINE('',#10364,#2072);
#1288=LINE('',#10365,#2073);
#1289=LINE('',#10367,#2074);
#1290=LINE('',#10369,#2075);
#1291=LINE('',#10373,#2076);
#1292=LINE('',#10377,#2077);
#1293=LINE('',#10378,#2078);
#1294=LINE('',#10380,#2079);
#1295=LINE('',#10382,#2080);
#1296=LINE('',#10388,#2081);
#1297=LINE('',#10390,#2082);
#1298=LINE('',#10392,#2083);
#1299=LINE('',#10394,#2084);
#1300=LINE('',#10396,#2085);
#1301=LINE('',#10398,#2086);
#1302=LINE('',#10400,#2087);
#1303=LINE('',#10402,#2088);
#1304=LINE('',#10405,#2089);
#1305=LINE('',#10407,#2090);
#1306=LINE('',#10409,#2091);
#1307=LINE('',#10411,#2092);
#1308=LINE('',#10416,#2093);
#1309=LINE('',#10418,#2094);
#1310=LINE('',#10424,#2095);
#1311=LINE('',#10427,#2096);
#1312=LINE('',#10456,#2097);
#1313=LINE('',#10484,#2098);
#1314=LINE('',#10495,#2099);
#1315=LINE('',#10502,#2100);
#1316=LINE('',#10509,#2101);
#1317=LINE('',#10511,#2102);
#1318=LINE('',#10513,#2103);
#1319=LINE('',#10514,#2104);
#1320=LINE('',#10517,#2105);
#1321=LINE('',#10519,#2106);
#1322=LINE('',#10521,#2107);
#1323=LINE('',#10522,#2108);
#1324=LINE('',#10525,#2109);
#1325=LINE('',#10527,#2110);
#1326=LINE('',#10528,#2111);
#1327=LINE('',#10531,#2112);
#1328=LINE('',#10532,#2113);
#1329=LINE('',#10535,#2114);
#1330=LINE('',#10536,#2115);
#1331=LINE('',#10538,#2116);
#1332=LINE('',#10542,#2117);
#1333=LINE('',#10544,#2118);
#1334=LINE('',#10546,#2119);
#1335=LINE('',#10548,#2120);
#1336=LINE('',#10550,#2121);
#1337=LINE('',#10555,#2122);
#1338=LINE('',#10557,#2123);
#1339=LINE('',#10559,#2124);
#1340=LINE('',#10561,#2125);
#1341=LINE('',#10563,#2126);
#1342=LINE('',#10565,#2127);
#1343=LINE('',#10567,#2128);
#1344=LINE('',#10569,#2129);
#1345=LINE('',#10571,#2130);
#1346=LINE('',#10573,#2131);
#1347=LINE('',#10575,#2132);
#1348=LINE('',#10577,#2133);
#1349=LINE('',#10579,#2134);
#1350=LINE('',#10581,#2135);
#1351=LINE('',#10583,#2136);
#1352=LINE('',#10587,#2137);
#1353=LINE('',#10591,#2138);
#1354=LINE('',#10593,#2139);
#1355=LINE('',#10595,#2140);
#1356=LINE('',#10597,#2141);
#1357=LINE('',#10599,#2142);
#1358=LINE('',#10601,#2143);
#1359=LINE('',#10603,#2144);
#1360=LINE('',#10605,#2145);
#1361=LINE('',#10607,#2146);
#1362=LINE('',#10608,#2147);
#1363=LINE('',#10611,#2148);
#1364=LINE('',#10615,#2149);
#1365=LINE('',#10617,#2150);
#1366=LINE('',#10619,#2151);
#1367=LINE('',#10621,#2152);
#1368=LINE('',#10623,#2153);
#1369=LINE('',#10627,#2154);
#1370=LINE('',#10631,#2155);
#1371=LINE('',#10633,#2156);
#1372=LINE('',#10635,#2157);
#1373=LINE('',#10637,#2158);
#1374=LINE('',#10639,#2159);
#1375=LINE('',#10642,#2160);
#1376=LINE('',#10646,#2161);
#1377=LINE('',#10648,#2162);
#1378=LINE('',#10649,#2163);
#1379=LINE('',#10652,#2164);
#1380=LINE('',#10653,#2165);
#1381=LINE('',#10656,#2166);
#1382=LINE('',#10657,#2167);
#1383=LINE('',#10660,#2168);
#1384=LINE('',#10661,#2169);
#1385=LINE('',#10662,#2170);
#1386=LINE('',#10665,#2171);
#1387=LINE('',#10668,#2172);
#1388=LINE('',#10670,#2173);
#1389=LINE('',#10671,#2174);
#1390=LINE('',#10674,#2175);
#1391=LINE('',#10675,#2176);
#1392=LINE('',#10678,#2177);
#1393=LINE('',#10679,#2178);
#1394=LINE('',#10682,#2179);
#1395=LINE('',#10683,#2180);
#1396=LINE('',#10685,#2181);
#1397=LINE('',#10687,#2182);
#1398=LINE('',#10689,#2183);
#1399=LINE('',#10690,#2184);
#1400=LINE('',#10692,#2185);
#1401=LINE('',#10694,#2186);
#1402=LINE('',#10695,#2187);
#1403=LINE('',#10698,#2188);
#1404=LINE('',#10699,#2189);
#1405=LINE('',#10702,#2190);
#1406=LINE('',#10703,#2191);
#1407=LINE('',#10705,#2192);
#1408=LINE('',#10708,#2193);
#1409=LINE('',#10709,#2194);
#1410=LINE('',#10712,#2195);
#1411=LINE('',#10713,#2196);
#1412=LINE('',#10716,#2197);
#1413=LINE('',#10717,#2198);
#1414=LINE('',#10719,#2199);
#1415=LINE('',#10720,#2200);
#1416=LINE('',#10722,#2201);
#1417=LINE('',#10724,#2202);
#1418=LINE('',#10726,#2203);
#1419=LINE('',#10728,#2204);
#1420=LINE('',#10730,#2205);
#1421=LINE('',#10733,#2206);
#1422=LINE('',#10735,#2207);
#1423=LINE('',#10736,#2208);
#1424=LINE('',#10739,#2209);
#1425=LINE('',#10740,#2210);
#1426=LINE('',#10743,#2211);
#1427=LINE('',#10744,#2212);
#1428=LINE('',#10747,#2213);
#1429=LINE('',#10748,#2214);
#1430=LINE('',#10751,#2215);
#1431=LINE('',#10753,#2216);
#1432=LINE('',#10754,#2217);
#1433=LINE('',#10755,#2218);
#1434=LINE('',#10756,#2219);
#1435=LINE('',#10759,#2220);
#1436=LINE('',#10760,#2221);
#1437=LINE('',#10763,#2222);
#1438=LINE('',#10764,#2223);
#1439=LINE('',#10766,#2224);
#1440=LINE('',#10776,#2225);
#1441=LINE('',#10780,#2226);
#1442=LINE('',#10781,#2227);
#1443=LINE('',#10785,#2228);
#1444=LINE('',#10789,#2229);
#1445=LINE('',#10790,#2230);
#1446=LINE('',#10794,#2231);
#1447=LINE('',#10796,#2232);
#1448=LINE('',#10798,#2233);
#1449=LINE('',#10803,#2234);
#1450=LINE('',#10805,#2235);
#1451=LINE('',#10807,#2236);
#1452=LINE('',#10813,#2237);
#1453=LINE('',#10819,#2238);
#1454=LINE('',#10826,#2239);
#1455=LINE('',#10829,#2240);
#1456=LINE('',#10835,#2241);
#1457=LINE('',#10838,#2242);
#1458=LINE('',#10840,#2243);
#1459=LINE('',#10842,#2244);
#1460=LINE('',#10844,#2245);
#1461=LINE('',#10846,#2246);
#1462=LINE('',#10847,#2247);
#1463=LINE('',#10851,#2248);
#1464=LINE('',#10855,#2249);
#1465=LINE('',#10856,#2250);
#1466=LINE('',#10857,#2251);
#1467=LINE('',#10859,#2252);
#1468=LINE('',#10863,#2253);
#1469=LINE('',#10866,#2254);
#1470=LINE('',#10867,#2255);
#1471=LINE('',#10868,#2256);
#1472=LINE('',#10874,#2257);
#1473=LINE('',#10875,#2258);
#1474=LINE('',#10876,#2259);
#1475=LINE('',#10878,#2260);
#1476=LINE('',#10882,#2261);
#1477=LINE('',#10885,#2262);
#1478=LINE('',#10886,#2263);
#1479=LINE('',#10888,#2264);
#1480=LINE('',#10889,#2265);
#1481=LINE('',#10893,#2266);
#1482=LINE('',#10894,#2267);
#1483=LINE('',#10895,#2268);
#1484=LINE('',#10896,#2269);
#1485=LINE('',#10900,#2270);
#1486=LINE('',#10902,#2271);
#1487=LINE('',#10904,#2272);
#1488=LINE('',#10906,#2273);
#1489=LINE('',#10907,#2274);
#1490=LINE('',#10910,#2275);
#1491=LINE('',#10911,#2276);
#1492=LINE('',#10914,#2277);
#1493=LINE('',#10915,#2278);
#1494=LINE('',#10918,#2279);
#1495=LINE('',#10919,#2280);
#1496=LINE('',#10921,#2281);
#1497=LINE('',#10923,#2282);
#1498=LINE('',#10926,#2283);
#1499=LINE('',#10930,#2284);
#1500=LINE('',#10931,#2285);
#1501=LINE('',#10934,#2286);
#1502=LINE('',#10938,#2287);
#1503=LINE('',#10939,#2288);
#1504=LINE('',#10942,#2289);
#1505=LINE('',#10945,#2290);
#1506=LINE('',#10946,#2291);
#1507=LINE('',#10951,#2292);
#1508=LINE('',#10953,#2293);
#1509=LINE('',#10954,#2294);
#1510=LINE('',#10958,#2295);
#1511=LINE('',#10961,#2296);
#1512=LINE('',#10962,#2297);
#1513=LINE('',#10965,#2298);
#1514=LINE('',#10967,#2299);
#1515=LINE('',#10968,#2300);
#1516=LINE('',#10971,#2301);
#1517=LINE('',#10972,#2302);
#1518=LINE('',#10975,#2303);
#1519=LINE('',#10979,#2304);
#1520=LINE('',#10980,#2305);
#1521=LINE('',#10983,#2306);
#1522=LINE('',#10986,#2307);
#1523=LINE('',#10987,#2308);
#1524=LINE('',#10992,#2309);
#1525=LINE('',#10994,#2310);
#1526=LINE('',#10995,#2311);
#1527=LINE('',#11004,#2312);
#1528=LINE('',#11006,#2313);
#1529=LINE('',#11007,#2314);
#1530=LINE('',#11010,#2315);
#1531=LINE('',#11012,#2316);
#1532=LINE('',#11013,#2317);
#1533=LINE('',#11016,#2318);
#1534=LINE('',#11017,#2319);
#1535=LINE('',#11019,#2320);
#1536=LINE('',#11021,#2321);
#1537=LINE('',#11022,#2322);
#1538=LINE('',#11024,#2323);
#1539=LINE('',#11025,#2324);
#1540=LINE('',#11027,#2325);
#1541=LINE('',#11029,#2326);
#1542=LINE('',#11033,#2327);
#1543=LINE('',#11034,#2328);
#1544=LINE('',#11035,#2329);
#1545=LINE('',#11036,#2330);
#1546=LINE('',#11046,#2331);
#1547=LINE('',#11049,#2332);
#1548=LINE('',#11055,#2333);
#1549=LINE('',#11058,#2334);
#1550=LINE('',#11060,#2335);
#1551=LINE('',#11062,#2336);
#1552=LINE('',#11064,#2337);
#1553=LINE('',#11066,#2338);
#1554=LINE('',#11067,#2339);
#1555=LINE('',#11073,#2340);
#1556=LINE('',#11076,#2341);
#1557=LINE('',#11082,#2342);
#1558=LINE('',#11085,#2343);
#1559=LINE('',#11087,#2344);
#1560=LINE('',#11089,#2345);
#1561=LINE('',#11091,#2346);
#1562=LINE('',#11093,#2347);
#1563=LINE('',#11094,#2348);
#1564=LINE('',#11097,#2349);
#1565=LINE('',#11098,#2350);
#1566=LINE('',#11101,#2351);
#1567=LINE('',#11102,#2352);
#1568=LINE('',#11105,#2353);
#1569=LINE('',#11106,#2354);
#1570=LINE('',#11108,#2355);
#1571=LINE('',#11111,#2356);
#1572=LINE('',#11112,#2357);
#1573=LINE('',#11115,#2358);
#1574=LINE('',#11116,#2359);
#1575=LINE('',#11119,#2360);
#1576=LINE('',#11120,#2361);
#1577=LINE('',#11122,#2362);
#1578=LINE('',#11124,#2363);
#1579=LINE('',#11126,#2364);
#1580=LINE('',#11132,#2365);
#1581=LINE('',#11138,#2366);
#1582=LINE('',#11142,#2367);
#1583=LINE('',#11144,#2368);
#1584=LINE('',#11146,#2369);
#1585=LINE('',#11148,#2370);
#1586=LINE('',#11152,#2371);
#1587=LINE('',#11156,#2372);
#1588=LINE('',#11157,#2373);
#1589=LINE('',#11159,#2374);
#1590=LINE('',#11163,#2375);
#1591=LINE('',#11167,#2376);
#1592=LINE('',#11169,#2377);
#1593=LINE('',#11170,#2378);
#1594=LINE('',#11173,#2379);
#1595=LINE('',#11177,#2380);
#1596=LINE('',#11182,#2381);
#1597=LINE('',#11184,#2382);
#1598=LINE('',#11186,#2383);
#1599=LINE('',#11188,#2384);
#1600=LINE('',#11192,#2385);
#1601=LINE('',#11195,#2386);
#1602=LINE('',#11197,#2387);
#1603=LINE('',#11199,#2388);
#1604=LINE('',#11203,#2389);
#1605=LINE('',#11207,#2390);
#1606=LINE('',#11209,#2391);
#1607=LINE('',#11210,#2392);
#1608=LINE('',#11215,#2393);
#1609=LINE('',#11218,#2394);
#1610=LINE('',#11220,#2395);
#1611=LINE('',#11221,#2396);
#1612=LINE('',#11223,#2397);
#1613=LINE('',#11224,#2398);
#1614=LINE('',#11226,#2399);
#1615=LINE('',#11228,#2400);
#1616=LINE('',#11230,#2401);
#1617=LINE('',#11367,#2402);
#1618=LINE('',#11368,#2403);
#1619=LINE('',#11370,#2404);
#1620=LINE('',#11374,#2405);
#1621=LINE('',#11376,#2406);
#1622=LINE('',#11513,#2407);
#1623=LINE('',#11514,#2408);
#1624=LINE('',#11516,#2409);
#1625=LINE('',#11957,#2410);
#1626=LINE('',#11961,#2411);
#1627=LINE('',#11963,#2412);
#1628=LINE('',#11964,#2413);
#1629=LINE('',#11969,#2414);
#1630=LINE('',#11973,#2415);
#1631=LINE('',#11975,#2416);
#1632=LINE('',#11982,#2417);
#1633=LINE('',#11984,#2418);
#1634=LINE('',#11985,#2419);
#1635=LINE('',#11990,#2420);
#1636=LINE('',#11994,#2421);
#1637=LINE('',#11996,#2422);
#1638=LINE('',#11997,#2423);
#1639=LINE('',#12002,#2424);
#1640=LINE('',#12003,#2425);
#1641=LINE('',#12005,#2426);
#1642=LINE('',#12006,#2427);
#1643=LINE('',#12008,#2428);
#1644=LINE('',#12010,#2429);
#1645=LINE('',#12013,#2430);
#1646=LINE('',#12015,#2431);
#1647=LINE('',#12020,#2432);
#1648=LINE('',#12022,#2433);
#1649=LINE('',#12024,#2434);
#1650=LINE('',#12026,#2435);
#1651=LINE('',#12030,#2436);
#1652=LINE('',#12034,#2437);
#1653=LINE('',#12035,#2438);
#1654=LINE('',#12037,#2439);
#1655=LINE('',#12041,#2440);
#1656=LINE('',#12045,#2441);
#1657=LINE('',#12047,#2442);
#1658=LINE('',#12048,#2443);
#1659=LINE('',#12051,#2444);
#1660=LINE('',#12055,#2445);
#1661=LINE('',#12060,#2446);
#1662=LINE('',#12062,#2447);
#1663=LINE('',#12064,#2448);
#1664=LINE('',#12066,#2449);
#1665=LINE('',#12070,#2450);
#1666=LINE('',#12073,#2451);
#1667=LINE('',#12075,#2452);
#1668=LINE('',#12077,#2453);
#1669=LINE('',#12081,#2454);
#1670=LINE('',#12085,#2455);
#1671=LINE('',#12087,#2456);
#1672=LINE('',#12088,#2457);
#1673=LINE('',#12093,#2458);
#1674=LINE('',#12096,#2459);
#1675=LINE('',#12098,#2460);
#1676=LINE('',#12099,#2461);
#1677=LINE('',#12101,#2462);
#1678=LINE('',#12102,#2463);
#1679=LINE('',#12104,#2464);
#1680=LINE('',#12106,#2465);
#1681=LINE('',#12108,#2466);
#1682=LINE('',#12245,#2467);
#1683=LINE('',#12246,#2468);
#1684=LINE('',#12248,#2469);
#1685=LINE('',#12252,#2470);
#1686=LINE('',#12254,#2471);
#1687=LINE('',#12391,#2472);
#1688=LINE('',#12392,#2473);
#1689=LINE('',#12394,#2474);
#1690=LINE('',#12835,#2475);
#1691=LINE('',#12839,#2476);
#1692=LINE('',#12841,#2477);
#1693=LINE('',#12842,#2478);
#1694=LINE('',#12847,#2479);
#1695=LINE('',#12851,#2480);
#1696=LINE('',#12853,#2481);
#1697=LINE('',#12860,#2482);
#1698=LINE('',#12862,#2483);
#1699=LINE('',#12863,#2484);
#1700=LINE('',#12868,#2485);
#1701=LINE('',#12872,#2486);
#1702=LINE('',#12874,#2487);
#1703=LINE('',#12875,#2488);
#1704=LINE('',#12880,#2489);
#1705=LINE('',#12881,#2490);
#1706=LINE('',#12883,#2491);
#1707=LINE('',#12884,#2492);
#1708=LINE('',#12886,#2493);
#1709=LINE('',#12888,#2494);
#1710=LINE('',#12891,#2495);
#1711=LINE('',#12893,#2496);
#1712=LINE('',#12900,#2497);
#1713=LINE('',#12904,#2498);
#1714=LINE('',#12944,#2499);
#1715=LINE('',#12946,#2500);
#1716=LINE('',#12950,#2501);
#1717=LINE('',#12951,#2502);
#1718=LINE('',#12954,#2503);
#1719=LINE('',#12957,#2504);
#1720=LINE('',#12963,#2505);
#1721=LINE('',#12966,#2506);
#1722=LINE('',#12978,#2507);
#1723=LINE('',#12982,#2508);
#1724=LINE('',#13022,#2509);
#1725=LINE('',#13024,#2510);
#1726=LINE('',#13028,#2511);
#1727=LINE('',#13029,#2512);
#1728=LINE('',#13032,#2513);
#1729=LINE('',#13035,#2514);
#1730=LINE('',#13041,#2515);
#1731=LINE('',#13044,#2516);
#1732=LINE('',#13056,#2517);
#1733=LINE('',#13062,#2518);
#1734=LINE('',#13064,#2519);
#1735=LINE('',#13066,#2520);
#1736=LINE('',#13068,#2521);
#1737=LINE('',#13070,#2522);
#1738=LINE('',#13072,#2523);
#1739=LINE('',#13074,#2524);
#1740=LINE('',#13076,#2525);
#1741=LINE('',#13078,#2526);
#1742=LINE('',#13080,#2527);
#1743=LINE('',#13082,#2528);
#1744=LINE('',#13083,#2529);
#1745=LINE('',#13091,#2530);
#1746=LINE('',#13093,#2531);
#1747=LINE('',#13095,#2532);
#1748=LINE('',#13099,#2533);
#1749=LINE('',#13100,#2534);
#1750=LINE('',#13103,#2535);
#1751=LINE('',#13105,#2536);
#1752=LINE('',#13109,#2537);
#1753=LINE('',#13111,#2538);
#1754=LINE('',#13113,#2539);
#1755=LINE('',#13118,#2540);
#1756=LINE('',#13119,#2541);
#1757=LINE('',#13121,#2542);
#1758=LINE('',#13123,#2543);
#1759=LINE('',#13125,#2544);
#1760=LINE('',#13127,#2545);
#1761=LINE('',#13129,#2546);
#1762=LINE('',#13131,#2547);
#1763=LINE('',#13132,#2548);
#1764=LINE('',#13134,#2549);
#1765=LINE('',#13136,#2550);
#1766=LINE('',#13147,#2551);
#1767=LINE('',#13149,#2552);
#1768=LINE('',#13151,#2553);
#1769=LINE('',#13153,#2554);
#1770=LINE('',#13155,#2555);
#1771=LINE('',#13157,#2556);
#1772=LINE('',#13159,#2557);
#1773=LINE('',#13163,#2558);
#1774=LINE('',#13183,#2559);
#1775=LINE('',#13184,#2560);
#1776=LINE('',#13188,#2561);
#1777=LINE('',#13190,#2562);
#1778=LINE('',#13193,#2563);
#1779=LINE('',#13196,#2564);
#1780=LINE('',#13197,#2565);
#1781=LINE('',#13203,#2566);
#1782=LINE('',#13205,#2567);
#1783=LINE('',#13207,#2568);
#1784=LINE('',#13230,#2569);
#1785=LINE('',#13234,#2570);
#1786=LINE('',#13236,#2571);
#1787=LINE('',#13238,#2572);
#1788=LINE('',#13240,#2573);
#1789=LINE('',#13242,#2574);
#1790=LINE('',#13244,#2575);
#1791=LINE('',#13245,#2576);
#1792=LINE('',#13248,#2577);
#1793=LINE('',#13252,#2578);
#1794=LINE('',#13254,#2579);
#1795=LINE('',#13256,#2580);
#1796=LINE('',#13259,#2581);
#1797=LINE('',#13263,#2582);
#1798=LINE('',#13266,#2583);
#1799=LINE('',#13267,#2584);
#1800=LINE('',#13270,#2585);
#1801=LINE('',#13271,#2586);
#1802=LINE('',#13274,#2587);
#1803=LINE('',#13275,#2588);
#1804=LINE('',#13278,#2589);
#1805=LINE('',#13279,#2590);
#1806=LINE('',#13283,#2591);
#1807=LINE('',#13286,#2592);
#1808=LINE('',#13290,#2593);
#1809=LINE('',#13291,#2594);
#1810=LINE('',#13294,#2595);
#1811=LINE('',#13299,#2596);
#1812=LINE('',#13305,#2597);
#1813=LINE('',#13307,#2598);
#1814=LINE('',#13309,#2599);
#1815=LINE('',#13311,#2600);
#1816=LINE('',#13313,#2601);
#1817=LINE('',#13315,#2602);
#1818=LINE('',#13317,#2603);
#1819=LINE('',#13319,#2604);
#1820=LINE('',#13321,#2605);
#1821=LINE('',#13322,#2606);
#1822=LINE('',#13323,#2607);
#1823=LINE('',#13326,#2608);
#1824=LINE('',#13327,#2609);
#1825=LINE('',#13330,#2610);
#1826=LINE('',#13332,#2611);
#1827=LINE('',#13334,#2612);
#1828=LINE('',#13336,#2613);
#1829=LINE('',#13338,#2614);
#1830=LINE('',#13340,#2615);
#1831=LINE('',#13342,#2616);
#1832=LINE('',#13344,#2617);
#1833=LINE('',#13346,#2618);
#1834=LINE('',#13348,#2619);
#1835=LINE('',#13351,#2620);
#1836=LINE('',#13355,#2621);
#1837=LINE('',#13357,#2622);
#1838=LINE('',#13360,#2623);
#1839=LINE('',#13361,#2624);
#1840=LINE('',#13364,#2625);
#1841=LINE('',#13368,#2626);
#1842=LINE('',#13369,#2627);
#1843=LINE('',#13371,#2628);
#1844=LINE('',#13396,#2629);
#1845=LINE('',#13398,#2630);
#1846=LINE('',#13400,#2631);
#1847=LINE('',#13402,#2632);
#1848=LINE('',#13404,#2633);
#1849=LINE('',#13430,#2634);
#1850=LINE('',#13432,#2635);
#1851=LINE('',#13436,#2636);
#1852=LINE('',#13438,#2637);
#1853=LINE('',#13440,#2638);
#1854=LINE('',#13443,#2639);
#1855=LINE('',#13447,#2640);
#1856=LINE('',#13448,#2641);
#1857=LINE('',#13450,#2642);
#1858=LINE('',#13452,#2643);
#1859=LINE('',#13455,#2644);
#1860=LINE('',#13459,#2645);
#1861=LINE('',#13461,#2646);
#1862=LINE('',#13465,#2647);
#1863=LINE('',#13466,#2648);
#1864=LINE('',#13467,#2649);
#1865=LINE('',#13469,#2650);
#1866=LINE('',#13473,#2651);
#1867=LINE('',#13475,#2652);
#1868=LINE('',#13477,#2653);
#1869=LINE('',#13480,#2654);
#1870=LINE('',#13484,#2655);
#1871=LINE('',#13487,#2656);
#1872=LINE('',#13489,#2657);
#1873=LINE('',#13493,#2658);
#1874=LINE('',#13494,#2659);
#1875=LINE('',#13497,#2660);
#1876=LINE('',#13498,#2661);
#1877=LINE('',#13502,#2662);
#1878=LINE('',#13506,#2663);
#1879=LINE('',#13508,#2664);
#1880=LINE('',#13511,#2665);
#1881=LINE('',#13516,#2666);
#1882=LINE('',#13520,#2667);
#1883=LINE('',#13526,#2668);
#1884=LINE('',#13527,#2669);
#1885=LINE('',#13529,#2670);
#1886=LINE('',#13531,#2671);
#1887=LINE('',#13533,#2672);
#1888=LINE('',#13535,#2673);
#1889=LINE('',#13537,#2674);
#1890=LINE('',#13539,#2675);
#1891=LINE('',#13540,#2676);
#1892=LINE('',#13543,#2677);
#1893=LINE('',#13544,#2678);
#1894=LINE('',#13547,#2679);
#1895=LINE('',#13549,#2680);
#1896=LINE('',#13551,#2681);
#1897=LINE('',#13553,#2682);
#1898=LINE('',#13555,#2683);
#1899=LINE('',#13557,#2684);
#1900=LINE('',#13558,#2685);
#1901=LINE('',#13560,#2686);
#1902=LINE('',#13562,#2687);
#1903=LINE('',#13569,#2688);
#1904=LINE('',#13608,#2689);
#1905=LINE('',#13610,#2690);
#1906=LINE('',#13612,#2691);
#1907=LINE('',#13614,#2692);
#1908=LINE('',#13622,#2693);
#1909=LINE('',#13624,#2694);
#1910=LINE('',#13626,#2695);
#1911=LINE('',#13628,#2696);
#1912=LINE('',#13630,#2697);
#1913=LINE('',#13633,#2698);
#1914=LINE('',#13637,#2699);
#1915=LINE('',#13644,#2700);
#1916=LINE('',#13648,#2701);
#1917=LINE('',#13650,#2702);
#1918=LINE('',#13652,#2703);
#1919=LINE('',#13656,#2704);
#1920=LINE('',#13657,#2705);
#1921=LINE('',#13660,#2706);
#1922=LINE('',#13661,#2707);
#1923=LINE('',#13664,#2708);
#1924=LINE('',#13665,#2709);
#1925=LINE('',#13668,#2710);
#1926=LINE('',#13672,#2711);
#1927=LINE('',#13676,#2712);
#1928=LINE('',#13678,#2713);
#1929=LINE('',#13679,#2714);
#1930=LINE('',#13683,#2715);
#1931=LINE('',#13688,#2716);
#1932=LINE('',#13690,#2717);
#1933=LINE('',#13692,#2718);
#1934=LINE('',#13694,#2719);
#1935=LINE('',#13696,#2720);
#1936=LINE('',#13698,#2721);
#1937=LINE('',#13700,#2722);
#1938=LINE('',#13702,#2723);
#1939=LINE('',#13704,#2724);
#1940=LINE('',#13705,#2725);
#1941=LINE('',#13725,#2726);
#1942=LINE('',#13726,#2727);
#1943=LINE('',#13729,#2728);
#1944=LINE('',#13731,#2729);
#1945=LINE('',#13734,#2730);
#1946=LINE('',#13738,#2731);
#1947=LINE('',#13739,#2732);
#1948=LINE('',#13743,#2733);
#1949=LINE('',#13745,#2734);
#1950=LINE('',#13748,#2735);
#1951=LINE('',#13753,#2736);
#1952=LINE('',#13754,#2737);
#1953=LINE('',#13756,#2738);
#1954=LINE('',#13758,#2739);
#1955=LINE('',#13760,#2740);
#1956=LINE('',#13762,#2741);
#1957=LINE('',#13764,#2742);
#1958=LINE('',#13766,#2743);
#1959=LINE('',#13767,#2744);
#1960=LINE('',#13769,#2745);
#1961=LINE('',#13772,#2746);
#1962=LINE('',#13779,#2747);
#1963=LINE('',#13781,#2748);
#1964=LINE('',#13783,#2749);
#1965=LINE('',#13785,#2750);
#1966=LINE('',#13787,#2751);
#1967=LINE('',#13814,#2752);
#1968=LINE('',#13816,#2753);
#1969=LINE('',#13818,#2754);
#1970=LINE('',#13820,#2755);
#1971=LINE('',#13822,#2756);
#1972=LINE('',#13824,#2757);
#1973=LINE('',#13826,#2758);
#1974=LINE('',#13829,#2759);
#1975=LINE('',#13833,#2760);
#1976=LINE('',#13840,#2761);
#1977=LINE('',#13845,#2762);
#1978=LINE('',#13847,#2763);
#1979=LINE('',#13851,#2764);
#1980=LINE('',#13852,#2765);
#1981=LINE('',#13853,#2766);
#1982=LINE('',#13856,#2767);
#1983=LINE('',#13857,#2768);
#1984=LINE('',#13860,#2769);
#1985=LINE('',#13861,#2770);
#1986=LINE('',#13864,#2771);
#1987=LINE('',#13865,#2772);
#1988=LINE('',#13868,#2773);
#1989=LINE('',#13869,#2774);
#1990=LINE('',#13872,#2775);
#1991=LINE('',#13876,#2776);
#1992=LINE('',#13880,#2777);
#1993=LINE('',#13882,#2778);
#1994=LINE('',#13883,#2779);
#1995=LINE('',#13886,#2780);
#1996=LINE('',#13888,#2781);
#1997=LINE('',#13890,#2782);
#1998=LINE('',#13892,#2783);
#1999=LINE('',#13894,#2784);
#2000=LINE('',#13896,#2785);
#2001=LINE('',#13898,#2786);
#2002=LINE('',#13900,#2787);
#2003=LINE('',#13902,#2788);
#2004=LINE('',#13904,#2789);
#2005=LINE('',#13906,#2790);
#2006=LINE('',#13927,#2791);
#2007=LINE('',#13928,#2792);
#2008=LINE('',#13932,#2793);
#2009=LINE('',#13935,#2794);
#2010=LINE('',#13937,#2795);
#2011=LINE('',#13940,#2796);
#2012=LINE('',#13941,#2797);
#2013=LINE('',#13945,#2798);
#2014=LINE('',#13947,#2799);
#2015=LINE('',#13950,#2800);
#2016=LINE('',#13954,#2801);
#2017=LINE('',#13958,#2802);
#2018=LINE('',#13959,#2803);
#2019=LINE('',#13961,#2804);
#2020=LINE('',#13963,#2805);
#2021=LINE('',#13965,#2806);
#2022=LINE('',#13967,#2807);
#2023=LINE('',#13969,#2808);
#2024=LINE('',#13971,#2809);
#2025=LINE('',#13972,#2810);
#2026=LINE('',#13974,#2811);
#2027=LINE('',#13978,#2812);
#2028=LINE('',#13980,#2813);
#2029=LINE('',#13982,#2814);
#2030=LINE('',#13984,#2815);
#2031=LINE('',#13986,#2816);
#2032=VECTOR('',#8149,1.5);
#2033=VECTOR('',#8154,1.);
#2034=VECTOR('',#8155,1.);
#2035=VECTOR('',#8156,1.);
#2036=VECTOR('',#8157,1.);
#2037=VECTOR('',#8158,1.);
#2038=VECTOR('',#8159,1.);
#2039=VECTOR('',#8160,1.);
#2040=VECTOR('',#8161,1.);
#2041=VECTOR('',#8164,1.);
#2042=VECTOR('',#8165,1.);
#2043=VECTOR('',#8166,1.);
#2044=VECTOR('',#8167,1.);
#2045=VECTOR('',#8168,1.);
#2046=VECTOR('',#8169,1.);
#2047=VECTOR('',#8170,1.);
#2048=VECTOR('',#8171,1.);
#2049=VECTOR('',#8176,1.);
#2050=VECTOR('',#8179,1.);
#2051=VECTOR('',#8182,1.);
#2052=VECTOR('',#8183,1.);
#2053=VECTOR('',#8186,1.);
#2054=VECTOR('',#8187,1.);
#2055=VECTOR('',#8188,1.);
#2056=VECTOR('',#8195,1.);
#2057=VECTOR('',#8198,1.);
#2058=VECTOR('',#8199,1.);
#2059=VECTOR('',#8202,1.);
#2060=VECTOR('',#8203,1.);
#2061=VECTOR('',#8206,1.);
#2062=VECTOR('',#8207,1.);
#2063=VECTOR('',#8210,1.);
#2064=VECTOR('',#8213,1.);
#2065=VECTOR('',#8214,1.);
#2066=VECTOR('',#8217,1.);
#2067=VECTOR('',#8218,1.);
#2068=VECTOR('',#8221,1.);
#2069=VECTOR('',#8224,1.);
#2070=VECTOR('',#8225,1.);
#2071=VECTOR('',#8232,1.);
#2072=VECTOR('',#8235,1.);
#2073=VECTOR('',#8236,1.);
#2074=VECTOR('',#8237,1.);
#2075=VECTOR('',#8238,1.);
#2076=VECTOR('',#8241,1.);
#2077=VECTOR('',#8244,1.);
#2078=VECTOR('',#8245,1.);
#2079=VECTOR('',#8246,1.);
#2080=VECTOR('',#8247,1.);
#2081=VECTOR('',#8256,1.);
#2082=VECTOR('',#8259,1.);
#2083=VECTOR('',#8262,1.);
#2084=VECTOR('',#8265,1.);
#2085=VECTOR('',#8268,1.);
#2086=VECTOR('',#8271,1.);
#2087=VECTOR('',#8274,1.);
#2088=VECTOR('',#8277,1.);
#2089=VECTOR('',#8282,1.);
#2090=VECTOR('',#8285,1.);
#2091=VECTOR('',#8288,1.);
#2092=VECTOR('',#8291,1.);
#2093=VECTOR('',#8298,3.25);
#2094=VECTOR('',#8301,3.5);
#2095=VECTOR('',#8308,10.);
#2096=VECTOR('',#8311,1.);
#2097=VECTOR('',#8312,1.);
#2098=VECTOR('',#8313,1.);
#2099=VECTOR('',#8330,1.5);
#2100=VECTOR('',#8339,3.);
#2101=VECTOR('',#8348,1.);
#2102=VECTOR('',#8349,1.);
#2103=VECTOR('',#8350,1.);
#2104=VECTOR('',#8351,1.);
#2105=VECTOR('',#8352,1.);
#2106=VECTOR('',#8353,1.);
#2107=VECTOR('',#8354,1.);
#2108=VECTOR('',#8355,1.);
#2109=VECTOR('',#8358,1.);
#2110=VECTOR('',#8359,1.);
#2111=VECTOR('',#8360,1.);
#2112=VECTOR('',#8363,1.);
#2113=VECTOR('',#8364,1.);
#2114=VECTOR('',#8367,1.);
#2115=VECTOR('',#8368,1.);
#2116=VECTOR('',#8371,1.);
#2117=VECTOR('',#8374,1.);
#2118=VECTOR('',#8375,1.);
#2119=VECTOR('',#8376,1.);
#2120=VECTOR('',#8377,1.);
#2121=VECTOR('',#8378,1.);
#2122=VECTOR('',#8383,1.);
#2123=VECTOR('',#8384,1.);
#2124=VECTOR('',#8385,1.);
#2125=VECTOR('',#8386,1.);
#2126=VECTOR('',#8387,1.);
#2127=VECTOR('',#8388,1.);
#2128=VECTOR('',#8389,1.);
#2129=VECTOR('',#8390,1.);
#2130=VECTOR('',#8391,1.);
#2131=VECTOR('',#8392,1.);
#2132=VECTOR('',#8393,1.);
#2133=VECTOR('',#8394,1.);
#2134=VECTOR('',#8395,1.);
#2135=VECTOR('',#8396,1.);
#2136=VECTOR('',#8397,1.);
#2137=VECTOR('',#8400,1.);
#2138=VECTOR('',#8403,1.);
#2139=VECTOR('',#8404,1.);
#2140=VECTOR('',#8405,1.);
#2141=VECTOR('',#8406,1.);
#2142=VECTOR('',#8407,1.);
#2143=VECTOR('',#8408,1.);
#2144=VECTOR('',#8409,1.);
#2145=VECTOR('',#8410,1.);
#2146=VECTOR('',#8411,1.);
#2147=VECTOR('',#8412,1.);
#2148=VECTOR('',#8415,1.);
#2149=VECTOR('',#8420,1.);
#2150=VECTOR('',#8421,1.);
#2151=VECTOR('',#8422,1.);
#2152=VECTOR('',#8423,1.);
#2153=VECTOR('',#8424,1.);
#2154=VECTOR('',#8427,1.);
#2155=VECTOR('',#8430,1.);
#2156=VECTOR('',#8431,1.);
#2157=VECTOR('',#8432,1.);
#2158=VECTOR('',#8433,1.);
#2159=VECTOR('',#8434,1.);
#2160=VECTOR('',#8439,1.);
#2161=VECTOR('',#8444,1.);
#2162=VECTOR('',#8445,1.);
#2163=VECTOR('',#8446,1.);
#2164=VECTOR('',#8449,1.);
#2165=VECTOR('',#8450,1.);
#2166=VECTOR('',#8453,1.);
#2167=VECTOR('',#8454,1.);
#2168=VECTOR('',#8457,1.);
#2169=VECTOR('',#8458,1.);
#2170=VECTOR('',#8459,1.);
#2171=VECTOR('',#8464,1.);
#2172=VECTOR('',#8467,1.);
#2173=VECTOR('',#8468,1.);
#2174=VECTOR('',#8469,1.);
#2175=VECTOR('',#8472,1.);
#2176=VECTOR('',#8473,1.);
#2177=VECTOR('',#8476,1.);
#2178=VECTOR('',#8477,1.);
#2179=VECTOR('',#8480,1.);
#2180=VECTOR('',#8481,1.);
#2181=VECTOR('',#8484,1.);
#2182=VECTOR('',#8485,1.);
#2183=VECTOR('',#8486,1.);
#2184=VECTOR('',#8487,1.);
#2185=VECTOR('',#8488,1.);
#2186=VECTOR('',#8489,1.);
#2187=VECTOR('',#8490,1.);
#2188=VECTOR('',#8493,1.);
#2189=VECTOR('',#8494,1.);
#2190=VECTOR('',#8497,1.);
#2191=VECTOR('',#8498,1.);
#2192=VECTOR('',#8501,1.);
#2193=VECTOR('',#8504,1.);
#2194=VECTOR('',#8505,1.);
#2195=VECTOR('',#8508,1.);
#2196=VECTOR('',#8509,1.);
#2197=VECTOR('',#8512,1.);
#2198=VECTOR('',#8513,1.);
#2199=VECTOR('',#8516,1.);
#2200=VECTOR('',#8517,1.);
#2201=VECTOR('',#8520,1.);
#2202=VECTOR('',#8523,1.);
#2203=VECTOR('',#8526,1.);
#2204=VECTOR('',#8529,1.);
#2205=VECTOR('',#8532,1.);
#2206=VECTOR('',#8535,1.);
#2207=VECTOR('',#8536,1.);
#2208=VECTOR('',#8537,1.);
#2209=VECTOR('',#8540,1.);
#2210=VECTOR('',#8541,1.);
#2211=VECTOR('',#8544,1.);
#2212=VECTOR('',#8545,1.);
#2213=VECTOR('',#8548,1.);
#2214=VECTOR('',#8549,1.);
#2215=VECTOR('',#8552,1.);
#2216=VECTOR('',#8553,1.);
#2217=VECTOR('',#8554,1.);
#2218=VECTOR('',#8555,1.);
#2219=VECTOR('',#8556,1.);
#2220=VECTOR('',#8559,1.);
#2221=VECTOR('',#8560,1.);
#2222=VECTOR('',#8563,1.);
#2223=VECTOR('',#8564,1.);
#2224=VECTOR('',#8567,1.);
#2225=VECTOR('',#8582,1.);
#2226=VECTOR('',#8585,1.);
#2227=VECTOR('',#8586,1.);
#2228=VECTOR('',#8589,1.);
#2229=VECTOR('',#8592,1.);
#2230=VECTOR('',#8593,1.);
#2231=VECTOR('',#8596,1.);
#2232=VECTOR('',#8597,1.);
#2233=VECTOR('',#8598,1.);
#2234=VECTOR('',#8603,1.);
#2235=VECTOR('',#8604,1.);
#2236=VECTOR('',#8605,1.);
#2237=VECTOR('',#8612,1.);
#2238=VECTOR('',#8619,1.);
#2239=VECTOR('',#8626,1.);
#2240=VECTOR('',#8629,1.);
#2241=VECTOR('',#8634,1.);
#2242=VECTOR('',#8637,1.);
#2243=VECTOR('',#8640,1.);
#2244=VECTOR('',#8641,1.);
#2245=VECTOR('',#8642,1.);
#2246=VECTOR('',#8643,1.);
#2247=VECTOR('',#8644,1.);
#2248=VECTOR('',#8647,1.);
#2249=VECTOR('',#8650,1.);
#2250=VECTOR('',#8651,1.);
#2251=VECTOR('',#8652,1.);
#2252=VECTOR('',#8653,1.);
#2253=VECTOR('',#8656,1.);
#2254=VECTOR('',#8659,1.);
#2255=VECTOR('',#8660,1.);
#2256=VECTOR('',#8661,1.);
#2257=VECTOR('',#8666,1.);
#2258=VECTOR('',#8667,1.);
#2259=VECTOR('',#8668,1.);
#2260=VECTOR('',#8669,1.);
#2261=VECTOR('',#8672,1.);
#2262=VECTOR('',#8675,1.);
#2263=VECTOR('',#8676,1.);
#2264=VECTOR('',#8677,1.);
#2265=VECTOR('',#8678,1.);
#2266=VECTOR('',#8681,1.);
#2267=VECTOR('',#8682,1.);
#2268=VECTOR('',#8683,1.);
#2269=VECTOR('',#8684,1.);
#2270=VECTOR('',#8687,1.);
#2271=VECTOR('',#8688,1.);
#2272=VECTOR('',#8689,1.);
#2273=VECTOR('',#8690,1.);
#2274=VECTOR('',#8691,1.);
#2275=VECTOR('',#8694,1.);
#2276=VECTOR('',#8695,1.);
#2277=VECTOR('',#8698,1.);
#2278=VECTOR('',#8699,1.);
#2279=VECTOR('',#8702,1.);
#2280=VECTOR('',#8703,1.);
#2281=VECTOR('',#8706,1.);
#2282=VECTOR('',#8709,1.);
#2283=VECTOR('',#8714,1.);
#2284=VECTOR('',#8719,1.);
#2285=VECTOR('',#8720,1.);
#2286=VECTOR('',#8723,1.);
#2287=VECTOR('',#8728,1.);
#2288=VECTOR('',#8729,1.);
#2289=VECTOR('',#8732,1.);
#2290=VECTOR('',#8737,1.);
#2291=VECTOR('',#8738,1.);
#2292=VECTOR('',#8745,1.);
#2293=VECTOR('',#8746,1.);
#2294=VECTOR('',#8747,1.);
#2295=VECTOR('',#8752,1.);
#2296=VECTOR('',#8755,1.);
#2297=VECTOR('',#8756,1.);
#2298=VECTOR('',#8759,1.);
#2299=VECTOR('',#8760,1.);
#2300=VECTOR('',#8761,1.);
#2301=VECTOR('',#8764,1.);
#2302=VECTOR('',#8765,1.);
#2303=VECTOR('',#8768,1.);
#2304=VECTOR('',#8773,1.);
#2305=VECTOR('',#8774,1.);
#2306=VECTOR('',#8777,1.);
#2307=VECTOR('',#8782,1.);
#2308=VECTOR('',#8783,1.);
#2309=VECTOR('',#8790,1.);
#2310=VECTOR('',#8791,1.);
#2311=VECTOR('',#8792,1.);
#2312=VECTOR('',#8807,1.);
#2313=VECTOR('',#8808,1.);
#2314=VECTOR('',#8809,1.);
#2315=VECTOR('',#8812,1.);
#2316=VECTOR('',#8813,1.);
#2317=VECTOR('',#8814,1.);
#2318=VECTOR('',#8817,1.);
#2319=VECTOR('',#8818,1.);
#2320=VECTOR('',#8821,1.);
#2321=VECTOR('',#8824,1.);
#2322=VECTOR('',#8825,1.);
#2323=VECTOR('',#8828,1.);
#2324=VECTOR('',#8829,1.);
#2325=VECTOR('',#8832,1.);
#2326=VECTOR('',#8835,1.);
#2327=VECTOR('',#8838,1.);
#2328=VECTOR('',#8839,1.);
#2329=VECTOR('',#8840,1.);
#2330=VECTOR('',#8841,1.);
#2331=VECTOR('',#8854,1.);
#2332=VECTOR('',#8857,1.);
#2333=VECTOR('',#8862,1.);
#2334=VECTOR('',#8865,1.);
#2335=VECTOR('',#8868,1.);
#2336=VECTOR('',#8869,1.);
#2337=VECTOR('',#8870,1.);
#2338=VECTOR('',#8871,1.);
#2339=VECTOR('',#8872,1.);
#2340=VECTOR('',#8877,1.);
#2341=VECTOR('',#8880,1.);
#2342=VECTOR('',#8885,1.);
#2343=VECTOR('',#8888,0.999999999999999);
#2344=VECTOR('',#8891,1.);
#2345=VECTOR('',#8892,1.);
#2346=VECTOR('',#8893,1.);
#2347=VECTOR('',#8894,1.);
#2348=VECTOR('',#8895,1.);
#2349=VECTOR('',#8898,1.);
#2350=VECTOR('',#8899,1.);
#2351=VECTOR('',#8902,1.);
#2352=VECTOR('',#8903,1.);
#2353=VECTOR('',#8906,1.);
#2354=VECTOR('',#8907,1.);
#2355=VECTOR('',#8910,1.);
#2356=VECTOR('',#8913,1.);
#2357=VECTOR('',#8914,1.);
#2358=VECTOR('',#8917,1.);
#2359=VECTOR('',#8918,1.);
#2360=VECTOR('',#8921,1.);
#2361=VECTOR('',#8922,1.);
#2362=VECTOR('',#8925,1.);
#2363=VECTOR('',#8928,1.);
#2364=VECTOR('',#8931,1.);
#2365=VECTOR('',#8938,1.);
#2366=VECTOR('',#8945,1.);
#2367=VECTOR('',#8948,1.);
#2368=VECTOR('',#8949,1.);
#2369=VECTOR('',#8950,1.);
#2370=VECTOR('',#8951,1.);
#2371=VECTOR('',#8954,1.);
#2372=VECTOR('',#8957,1.);
#2373=VECTOR('',#8958,1.);
#2374=VECTOR('',#8959,1.);
#2375=VECTOR('',#8962,1.);
#2376=VECTOR('',#8965,1.);
#2377=VECTOR('',#8966,1.);
#2378=VECTOR('',#8967,1.);
#2379=VECTOR('',#8968,1.);
#2380=VECTOR('',#8971,1.);
#2381=VECTOR('',#8976,1.);
#2382=VECTOR('',#8977,1.);
#2383=VECTOR('',#8978,1.);
#2384=VECTOR('',#8979,1.);
#2385=VECTOR('',#8982,1.);
#2386=VECTOR('',#8985,1.);
#2387=VECTOR('',#8986,1.);
#2388=VECTOR('',#8987,1.);
#2389=VECTOR('',#8990,1.);
#2390=VECTOR('',#8993,1.);
#2391=VECTOR('',#8994,1.);
#2392=VECTOR('',#8995,1.);
#2393=VECTOR('',#8998,1.);
#2394=VECTOR('',#9001,1.);
#2395=VECTOR('',#9004,1.);
#2396=VECTOR('',#9005,1.);
#2397=VECTOR('',#9008,1.);
#2398=VECTOR('',#9009,1.);
#2399=VECTOR('',#9012,1.);
#2400=VECTOR('',#9015,1.);
#2401=VECTOR('',#9018,1.);
#2402=VECTOR('',#9023,1.);
#2403=VECTOR('',#9024,1.);
#2404=VECTOR('',#9027,1.);
#2405=VECTOR('',#9034,1.);
#2406=VECTOR('',#9037,1.);
#2407=VECTOR('',#9042,1.);
#2408=VECTOR('',#9043,1.);
#2409=VECTOR('',#9046,1.);
#2410=VECTOR('',#9063,1.);
#2411=VECTOR('',#9068,1.);
#2412=VECTOR('',#9069,1.);
#2413=VECTOR('',#9070,1.);
#2414=VECTOR('',#9075,1.);
#2415=VECTOR('',#9080,1.);
#2416=VECTOR('',#9081,1.);
#2417=VECTOR('',#9088,1.);
#2418=VECTOR('',#9089,1.);
#2419=VECTOR('',#9090,1.);
#2420=VECTOR('',#9095,1.);
#2421=VECTOR('',#9100,1.);
#2422=VECTOR('',#9101,1.);
#2423=VECTOR('',#9102,1.);
#2424=VECTOR('',#9111,1.);
#2425=VECTOR('',#9112,1.);
#2426=VECTOR('',#9115,1.);
#2427=VECTOR('',#9116,1.);
#2428=VECTOR('',#9119,1.);
#2429=VECTOR('',#9122,1.);
#2430=VECTOR('',#9127,1.);
#2431=VECTOR('',#9130,1.);
#2432=VECTOR('',#9135,1.);
#2433=VECTOR('',#9136,1.);
#2434=VECTOR('',#9137,1.);
#2435=VECTOR('',#9138,1.);
#2436=VECTOR('',#9141,1.);
#2437=VECTOR('',#9144,1.);
#2438=VECTOR('',#9145,1.);
#2439=VECTOR('',#9146,1.);
#2440=VECTOR('',#9149,1.);
#2441=VECTOR('',#9152,1.);
#2442=VECTOR('',#9153,1.);
#2443=VECTOR('',#9154,1.);
#2444=VECTOR('',#9155,1.);
#2445=VECTOR('',#9158,1.);
#2446=VECTOR('',#9163,1.);
#2447=VECTOR('',#9164,1.);
#2448=VECTOR('',#9165,1.);
#2449=VECTOR('',#9166,1.);
#2450=VECTOR('',#9169,1.);
#2451=VECTOR('',#9172,1.);
#2452=VECTOR('',#9173,1.);
#2453=VECTOR('',#9174,1.);
#2454=VECTOR('',#9177,1.);
#2455=VECTOR('',#9180,1.);
#2456=VECTOR('',#9181,1.);
#2457=VECTOR('',#9182,1.);
#2458=VECTOR('',#9185,1.);
#2459=VECTOR('',#9188,1.);
#2460=VECTOR('',#9191,1.);
#2461=VECTOR('',#9192,1.);
#2462=VECTOR('',#9195,1.);
#2463=VECTOR('',#9196,1.);
#2464=VECTOR('',#9199,1.);
#2465=VECTOR('',#9202,1.);
#2466=VECTOR('',#9205,1.);
#2467=VECTOR('',#9210,1.);
#2468=VECTOR('',#9211,1.);
#2469=VECTOR('',#9214,1.);
#2470=VECTOR('',#9221,1.);
#2471=VECTOR('',#9224,1.);
#2472=VECTOR('',#9229,1.);
#2473=VECTOR('',#9230,1.);
#2474=VECTOR('',#9233,1.);
#2475=VECTOR('',#9250,1.);
#2476=VECTOR('',#9255,1.);
#2477=VECTOR('',#9256,1.);
#2478=VECTOR('',#9257,1.);
#2479=VECTOR('',#9262,1.);
#2480=VECTOR('',#9267,1.);
#2481=VECTOR('',#9268,1.);
#2482=VECTOR('',#9275,1.);
#2483=VECTOR('',#9276,1.);
#2484=VECTOR('',#9277,1.);
#2485=VECTOR('',#9282,1.);
#2486=VECTOR('',#9287,1.);
#2487=VECTOR('',#9288,1.);
#2488=VECTOR('',#9289,1.);
#2489=VECTOR('',#9298,1.);
#2490=VECTOR('',#9299,1.);
#2491=VECTOR('',#9302,1.);
#2492=VECTOR('',#9303,1.);
#2493=VECTOR('',#9306,1.);
#2494=VECTOR('',#9309,1.);
#2495=VECTOR('',#9314,1.);
#2496=VECTOR('',#9317,1.);
#2497=VECTOR('',#9326,1.);
#2498=VECTOR('',#9329,1.);
#2499=VECTOR('',#9346,1.);
#2500=VECTOR('',#9347,1.);
#2501=VECTOR('',#9352,1.);
#2502=VECTOR('',#9353,1.);
#2503=VECTOR('',#9356,1.);
#2504=VECTOR('',#9361,1.);
#2505=VECTOR('',#9366,1.);
#2506=VECTOR('',#9369,1.);
#2507=VECTOR('',#9388,1.);
#2508=VECTOR('',#9391,1.);
#2509=VECTOR('',#9408,1.);
#2510=VECTOR('',#9409,1.);
#2511=VECTOR('',#9414,1.);
#2512=VECTOR('',#9415,1.);
#2513=VECTOR('',#9418,1.);
#2514=VECTOR('',#9423,1.);
#2515=VECTOR('',#9428,1.);
#2516=VECTOR('',#9431,1.);
#2517=VECTOR('',#9450,1.);
#2518=VECTOR('',#9455,1.);
#2519=VECTOR('',#9456,1.);
#2520=VECTOR('',#9457,1.);
#2521=VECTOR('',#9458,1.);
#2522=VECTOR('',#9459,1.);
#2523=VECTOR('',#9460,1.);
#2524=VECTOR('',#9461,1.);
#2525=VECTOR('',#9462,1.);
#2526=VECTOR('',#9463,1.);
#2527=VECTOR('',#9464,1.);
#2528=VECTOR('',#9465,1.);
#2529=VECTOR('',#9466,1.);
#2530=VECTOR('',#9477,1.);
#2531=VECTOR('',#9478,1.);
#2532=VECTOR('',#9479,1.);
#2533=VECTOR('',#9482,1.);
#2534=VECTOR('',#9483,1.);
#2535=VECTOR('',#9486,1.);
#2536=VECTOR('',#9487,1.);
#2537=VECTOR('',#9490,1.);
#2538=VECTOR('',#9491,1.);
#2539=VECTOR('',#9492,1.);
#2540=VECTOR('',#9497,1.);
#2541=VECTOR('',#9498,1.);
#2542=VECTOR('',#9499,1.);
#2543=VECTOR('',#9500,1.);
#2544=VECTOR('',#9501,1.);
#2545=VECTOR('',#9502,1.);
#2546=VECTOR('',#9503,1.);
#2547=VECTOR('',#9504,1.);
#2548=VECTOR('',#9505,1.);
#2549=VECTOR('',#9506,1.);
#2550=VECTOR('',#9507,1.);
#2551=VECTOR('',#9524,1.);
#2552=VECTOR('',#9527,1.);
#2553=VECTOR('',#9530,1.);
#2554=VECTOR('',#9533,1.);
#2555=VECTOR('',#9536,1.);
#2556=VECTOR('',#9539,1.);
#2557=VECTOR('',#9542,1.);
#2558=VECTOR('',#9547,1.);
#2559=VECTOR('',#9554,1.);
#2560=VECTOR('',#9555,1.);
#2561=VECTOR('',#9560,1.);
#2562=VECTOR('',#9561,1.);
#2563=VECTOR('',#9564,1.);
#2564=VECTOR('',#9567,1.);
#2565=VECTOR('',#9568,1.);
#2566=VECTOR('',#9577,1.);
#2567=VECTOR('',#9580,1.);
#2568=VECTOR('',#9583,1.);
#2569=VECTOR('',#9594,1.);
#2570=VECTOR('',#9597,1.);
#2571=VECTOR('',#9598,1.);
#2572=VECTOR('',#9599,1.);
#2573=VECTOR('',#9600,1.);
#2574=VECTOR('',#9601,1.);
#2575=VECTOR('',#9602,1.);
#2576=VECTOR('',#9603,1.);
#2577=VECTOR('',#9606,1.);
#2578=VECTOR('',#9609,1.);
#2579=VECTOR('',#9610,1.);
#2580=VECTOR('',#9611,1.);
#2581=VECTOR('',#9614,1.);
#2582=VECTOR('',#9619,1.);
#2583=VECTOR('',#9622,1.);
#2584=VECTOR('',#9623,1.);
#2585=VECTOR('',#9626,1.);
#2586=VECTOR('',#9627,1.);
#2587=VECTOR('',#9630,1.);
#2588=VECTOR('',#9631,1.);
#2589=VECTOR('',#9634,1.);
#2590=VECTOR('',#9635,1.);
#2591=VECTOR('',#9638,1.);
#2592=VECTOR('',#9641,1.);
#2593=VECTOR('',#9644,1.);
#2594=VECTOR('',#9645,1.);
#2595=VECTOR('',#9648,1.);
#2596=VECTOR('',#9655,1.);
#2597=VECTOR('',#9660,1.);
#2598=VECTOR('',#9661,1.);
#2599=VECTOR('',#9662,1.);
#2600=VECTOR('',#9663,1.);
#2601=VECTOR('',#9664,1.);
#2602=VECTOR('',#9665,1.);
#2603=VECTOR('',#9666,1.);
#2604=VECTOR('',#9667,1.);
#2605=VECTOR('',#9668,1.);
#2606=VECTOR('',#9669,1.);
#2607=VECTOR('',#9670,1.);
#2608=VECTOR('',#9673,1.);
#2609=VECTOR('',#9674,1.);
#2610=VECTOR('',#9677,1.);
#2611=VECTOR('',#9678,1.);
#2612=VECTOR('',#9679,1.);
#2613=VECTOR('',#9680,1.);
#2614=VECTOR('',#9681,1.);
#2615=VECTOR('',#9682,1.);
#2616=VECTOR('',#9683,1.);
#2617=VECTOR('',#9684,1.);
#2618=VECTOR('',#9685,1.);
#2619=VECTOR('',#9686,1.);
#2620=VECTOR('',#9689,1.);
#2621=VECTOR('',#9694,1.);
#2622=VECTOR('',#9697,1.);
#2623=VECTOR('',#9700,1.);
#2624=VECTOR('',#9701,1.);
#2625=VECTOR('',#9704,1.);
#2626=VECTOR('',#9709,1.);
#2627=VECTOR('',#9710,1.);
#2628=VECTOR('',#9713,1.);
#2629=VECTOR('',#9732,1.);
#2630=VECTOR('',#9735,1.);
#2631=VECTOR('',#9738,1.);
#2632=VECTOR('',#9741,1.);
#2633=VECTOR('',#9744,1.);
#2634=VECTOR('',#9761,1.);
#2635=VECTOR('',#9762,1.);
#2636=VECTOR('',#9765,1.);
#2637=VECTOR('',#9766,1.);
#2638=VECTOR('',#9767,1.);
#2639=VECTOR('',#9770,1.);
#2640=VECTOR('',#9773,1.);
#2641=VECTOR('',#9774,1.);
#2642=VECTOR('',#9775,1.);
#2643=VECTOR('',#9776,1.);
#2644=VECTOR('',#9779,1.);
#2645=VECTOR('',#9782,1.);
#2646=VECTOR('',#9783,1.);
#2647=VECTOR('',#9786,1.);
#2648=VECTOR('',#9787,1.);
#2649=VECTOR('',#9788,1.);
#2650=VECTOR('',#9791,1.);
#2651=VECTOR('',#9794,1.);
#2652=VECTOR('',#9795,1.);
#2653=VECTOR('',#9796,1.);
#2654=VECTOR('',#9801,1.);
#2655=VECTOR('',#9804,1.);
#2656=VECTOR('',#9807,1.);
#2657=VECTOR('',#9808,1.);
#2658=VECTOR('',#9811,1.);
#2659=VECTOR('',#9812,1.);
#2660=VECTOR('',#9815,1.);
#2661=VECTOR('',#9816,1.);
#2662=VECTOR('',#9823,1.);
#2663=VECTOR('',#9828,1.);
#2664=VECTOR('',#9831,1.);
#2665=VECTOR('',#9834,1.);
#2666=VECTOR('',#9841,1.);
#2667=VECTOR('',#9846,1.);
#2668=VECTOR('',#9851,1.);
#2669=VECTOR('',#9852,1.);
#2670=VECTOR('',#9853,1.);
#2671=VECTOR('',#9854,1.);
#2672=VECTOR('',#9855,1.);
#2673=VECTOR('',#9856,1.);
#2674=VECTOR('',#9857,1.);
#2675=VECTOR('',#9858,1.);
#2676=VECTOR('',#9859,1.);
#2677=VECTOR('',#9862,1.);
#2678=VECTOR('',#9863,1.);
#2679=VECTOR('',#9866,1.);
#2680=VECTOR('',#9867,1.);
#2681=VECTOR('',#9868,1.);
#2682=VECTOR('',#9869,1.);
#2683=VECTOR('',#9870,1.);
#2684=VECTOR('',#9871,1.);
#2685=VECTOR('',#9872,1.);
#2686=VECTOR('',#9873,1.);
#2687=VECTOR('',#9874,1.);
#2688=VECTOR('',#9887,1.);
#2689=VECTOR('',#9902,1.);
#2690=VECTOR('',#9905,1.);
#2691=VECTOR('',#9908,1.);
#2692=VECTOR('',#9911,1.);
#2693=VECTOR('',#9922,1.);
#2694=VECTOR('',#9923,1.);
#2695=VECTOR('',#9924,1.);
#2696=VECTOR('',#9925,1.);
#2697=VECTOR('',#9926,1.);
#2698=VECTOR('',#9929,1.);
#2699=VECTOR('',#9932,1.);
#2700=VECTOR('',#9941,1.);
#2701=VECTOR('',#9946,1.);
#2702=VECTOR('',#9947,1.);
#2703=VECTOR('',#9948,1.);
#2704=VECTOR('',#9951,1.);
#2705=VECTOR('',#9952,1.);
#2706=VECTOR('',#9955,1.);
#2707=VECTOR('',#9956,1.);
#2708=VECTOR('',#9959,1.);
#2709=VECTOR('',#9960,1.);
#2710=VECTOR('',#9963,1.);
#2711=VECTOR('',#9968,1.);
#2712=VECTOR('',#9971,1.);
#2713=VECTOR('',#9972,1.);
#2714=VECTOR('',#9973,1.);
#2715=VECTOR('',#9976,1.);
#2716=VECTOR('',#9981,1.);
#2717=VECTOR('',#9982,1.);
#2718=VECTOR('',#9983,1.);
#2719=VECTOR('',#9984,1.);
#2720=VECTOR('',#9985,1.);
#2721=VECTOR('',#9986,1.);
#2722=VECTOR('',#9987,1.);
#2723=VECTOR('',#9988,1.);
#2724=VECTOR('',#9989,1.);
#2725=VECTOR('',#9990,1.);
#2726=VECTOR('',#9997,1.);
#2727=VECTOR('',#9998,1.);
#2728=VECTOR('',#10001,1.);
#2729=VECTOR('',#10002,1.);
#2730=VECTOR('',#10005,1.);
#2731=VECTOR('',#10010,1.);
#2732=VECTOR('',#10011,1.);
#2733=VECTOR('',#10016,1.);
#2734=VECTOR('',#10019,1.);
#2735=VECTOR('',#10022,1.);
#2736=VECTOR('',#10027,1.);
#2737=VECTOR('',#10028,1.);
#2738=VECTOR('',#10029,1.);
#2739=VECTOR('',#10030,1.);
#2740=VECTOR('',#10031,1.);
#2741=VECTOR('',#10032,1.);
#2742=VECTOR('',#10033,1.);
#2743=VECTOR('',#10034,1.);
#2744=VECTOR('',#10035,1.);
#2745=VECTOR('',#10036,1.);
#2746=VECTOR('',#10041,1.);
#2747=VECTOR('',#10052,1.);
#2748=VECTOR('',#10055,1.);
#2749=VECTOR('',#10058,1.);
#2750=VECTOR('',#10061,1.);
#2751=VECTOR('',#10064,1.);
#2752=VECTOR('',#10083,1.);
#2753=VECTOR('',#10084,1.);
#2754=VECTOR('',#10085,1.);
#2755=VECTOR('',#10086,1.);
#2756=VECTOR('',#10087,1.);
#2757=VECTOR('',#10088,1.);
#2758=VECTOR('',#10089,1.);
#2759=VECTOR('',#10092,1.);
#2760=VECTOR('',#10095,1.);
#2761=VECTOR('',#10104,1.);
#2762=VECTOR('',#10109,1.);
#2763=VECTOR('',#10110,1.);
#2764=VECTOR('',#10113,1.);
#2765=VECTOR('',#10114,1.);
#2766=VECTOR('',#10115,1.);
#2767=VECTOR('',#10118,1.);
#2768=VECTOR('',#10119,1.);
#2769=VECTOR('',#10122,1.);
#2770=VECTOR('',#10123,1.);
#2771=VECTOR('',#10126,1.);
#2772=VECTOR('',#10127,1.);
#2773=VECTOR('',#10130,1.);
#2774=VECTOR('',#10131,1.);
#2775=VECTOR('',#10134,1.);
#2776=VECTOR('',#10139,1.);
#2777=VECTOR('',#10142,1.);
#2778=VECTOR('',#10143,1.);
#2779=VECTOR('',#10144,1.);
#2780=VECTOR('',#10147,1.);
#2781=VECTOR('',#10148,1.);
#2782=VECTOR('',#10149,1.);
#2783=VECTOR('',#10150,1.);
#2784=VECTOR('',#10151,1.);
#2785=VECTOR('',#10152,1.);
#2786=VECTOR('',#10153,1.);
#2787=VECTOR('',#10154,1.);
#2788=VECTOR('',#10155,1.);
#2789=VECTOR('',#10156,1.);
#2790=VECTOR('',#10157,1.);
#2791=VECTOR('',#10166,1.);
#2792=VECTOR('',#10167,1.);
#2793=VECTOR('',#10170,1.);
#2794=VECTOR('',#10173,1.);
#2795=VECTOR('',#10176,1.);
#2796=VECTOR('',#10179,1.);
#2797=VECTOR('',#10180,1.);
#2798=VECTOR('',#10185,1.);
#2799=VECTOR('',#10188,1.);
#2800=VECTOR('',#10191,1.);
#2801=VECTOR('',#10196,1.);
#2802=VECTOR('',#10199,1.);
#2803=VECTOR('',#10200,1.);
#2804=VECTOR('',#10201,1.);
#2805=VECTOR('',#10202,1.);
#2806=VECTOR('',#10203,1.);
#2807=VECTOR('',#10204,1.);
#2808=VECTOR('',#10205,1.);
#2809=VECTOR('',#10206,1.);
#2810=VECTOR('',#10207,1.);
#2811=VECTOR('',#10210,1.);
#2812=VECTOR('',#10217,1.);
#2813=VECTOR('',#10220,1.);
#2814=VECTOR('',#10223,1.);
#2815=VECTOR('',#10226,1.);
#2816=VECTOR('',#10229,1.);
#2817=CIRCLE('',#7480,1.5);
#2818=CIRCLE('',#7481,1.5);
#2819=CIRCLE('',#7485,4.275);
#2820=CIRCLE('',#7486,4.275);
#2821=CIRCLE('',#7490,4.275);
#2822=CIRCLE('',#7491,4.275);
#2823=CIRCLE('',#7495,1.);
#2824=CIRCLE('',#7496,1.);
#2825=CIRCLE('',#7498,1.);
#2826=CIRCLE('',#7499,1.);
#2827=CIRCLE('',#7501,3.);
#2828=CIRCLE('',#7503,1.);
#2829=CIRCLE('',#7504,1.);
#2830=CIRCLE('',#7505,1.);
#2831=CIRCLE('',#7506,1.);
#2832=CIRCLE('',#7508,3.5);
#2833=CIRCLE('',#7524,3.5);
#2834=CIRCLE('',#7528,3.);
#2835=CIRCLE('',#7531,2.);
#2836=CIRCLE('',#7533,3.);
#2837=CIRCLE('',#7536,1.5);
#2838=CIRCLE('',#7538,1.5);
#2839=CIRCLE('',#7540,3.);
#2840=CIRCLE('',#7542,3.);
#2841=CIRCLE('',#7551,1.);
#2842=CIRCLE('',#7552,1.);
#2843=CIRCLE('',#7553,1.);
#2844=CIRCLE('',#7554,1.);
#2845=CIRCLE('',#7556,1.);
#2846=CIRCLE('',#7558,1.);
#2847=CIRCLE('',#7559,1.);
#2848=CIRCLE('',#7560,1.);
#2849=CIRCLE('',#7601,0.401);
#2850=CIRCLE('',#7603,0.401);
#2851=CIRCLE('',#7605,0.401);
#2852=CIRCLE('',#7607,0.401);
#2853=CIRCLE('',#7609,0.00099999999999989);
#2854=CIRCLE('',#7610,0.401);
#2855=CIRCLE('',#7612,0.00099999999999989);
#2856=CIRCLE('',#7613,0.401);
#2857=CIRCLE('',#7615,0.401);
#2858=CIRCLE('',#7616,0.000999999999998083);
#2859=CIRCLE('',#7618,0.00100000000000011);
#2860=CIRCLE('',#7619,0.400999999999998);
#2861=CIRCLE('',#7622,4.3);
#2862=CIRCLE('',#7623,0.5);
#2863=CIRCLE('',#7624,0.5);
#2864=CIRCLE('',#7626,4.3);
#2865=CIRCLE('',#7627,0.5);
#2866=CIRCLE('',#7628,0.5);
#2867=CIRCLE('',#7636,0.401);
#2868=CIRCLE('',#7638,0.401);
#2869=CIRCLE('',#7641,0.5);
#2870=CIRCLE('',#7644,0.5);
#2871=CIRCLE('',#7647,0.401);
#2872=CIRCLE('',#7650,4.3);
#2873=CIRCLE('',#7655,0.5);
#2874=CIRCLE('',#7658,0.5);
#2875=CIRCLE('',#7661,0.401);
#2876=CIRCLE('',#7664,4.3);
#2877=CIRCLE('',#7666,0.401);
#2878=CIRCLE('',#7668,0.401);
#2879=CIRCLE('',#7679,0.401);
#2880=CIRCLE('',#7681,0.401);
#2881=CIRCLE('',#7683,0.401000000000001);
#2882=CIRCLE('',#7684,0.00100000000000126);
#2883=CIRCLE('',#7686,0.00100000000000033);
#2884=CIRCLE('',#7687,0.401);
#2885=CIRCLE('',#7690,0.401);
#2886=CIRCLE('',#7691,0.00100000000000022);
#2887=CIRCLE('',#7693,0.000999999999999905);
#2888=CIRCLE('',#7694,0.401);
#2889=CIRCLE('',#7707,0.00100000000000019);
#2890=CIRCLE('',#7708,0.401000000000004);
#2891=CIRCLE('',#7710,0.401);
#2892=CIRCLE('',#7711,0.00100000000000272);
#2893=CIRCLE('',#7713,0.200000000000001);
#2894=CIRCLE('',#7714,0.200000000000002);
#2895=CIRCLE('',#7715,0.200000000000001);
#2896=CIRCLE('',#7716,0.200000000000002);
#2897=CIRCLE('',#7717,0.723743686707646);
#2898=CIRCLE('',#7718,0.723743686707646);
#2899=CIRCLE('',#7720,0.200000000000002);
#2900=CIRCLE('',#7721,0.200000000000001);
#2901=CIRCLE('',#7722,0.200000000000002);
#2902=CIRCLE('',#7723,0.200000000000001);
#2903=CIRCLE('',#7724,0.490900974233027);
#2904=CIRCLE('',#7725,0.490900974233027);
#2905=CIRCLE('',#7735,0.401);
#2906=CIRCLE('',#7744,0.00100000000000033);
#2907=CIRCLE('',#7748,0.1);
#2908=CIRCLE('',#7749,0.1);
#2909=CIRCLE('',#7752,0.5);
#2910=CIRCLE('',#7753,0.5);
#2911=CIRCLE('',#7755,1.25);
#2912=CIRCLE('',#7757,1.25);
#2913=CIRCLE('',#7759,0.1);
#2914=CIRCLE('',#7760,0.1);
#2915=CIRCLE('',#7763,0.5);
#2916=CIRCLE('',#7764,0.5);
#2917=CIRCLE('',#7774,0.200000000000002);
#2918=CIRCLE('',#7775,0.200000000000001);
#2919=CIRCLE('',#7776,0.200000000000002);
#2920=CIRCLE('',#7777,0.200000000000001);
#2921=CIRCLE('',#7778,0.723743686707646);
#2922=CIRCLE('',#7779,0.723743686707646);
#2923=CIRCLE('',#7781,0.200000000000001);
#2924=CIRCLE('',#7782,0.200000000000002);
#2925=CIRCLE('',#7783,0.200000000000001);
#2926=CIRCLE('',#7784,0.200000000000002);
#2927=CIRCLE('',#7785,0.490900974233027);
#2928=CIRCLE('',#7786,0.490900974233027);
#2929=CIRCLE('',#7796,0.401);
#2930=CIRCLE('',#7805,0.00100000000000033);
#2931=CIRCLE('',#7809,0.1);
#2932=CIRCLE('',#7810,0.1);
#2933=CIRCLE('',#7813,0.5);
#2934=CIRCLE('',#7814,0.5);
#2935=CIRCLE('',#7816,1.25);
#2936=CIRCLE('',#7818,1.25);
#2937=CIRCLE('',#7820,0.1);
#2938=CIRCLE('',#7821,0.1);
#2939=CIRCLE('',#7824,0.5);
#2940=CIRCLE('',#7825,0.5);
#2941=CIRCLE('',#7837,0.440900974233028);
#2942=CIRCLE('',#7838,0.440900974233028);
#2943=CIRCLE('',#7840,0.45);
#2944=CIRCLE('',#7841,0.45);
#2945=CIRCLE('',#7842,0.45);
#2946=CIRCLE('',#7844,0.45);
#2947=CIRCLE('',#7846,0.490900974233027);
#2948=CIRCLE('',#7849,0.490900974233027);
#2949=CIRCLE('',#7852,0.440900974233027);
#2950=CIRCLE('',#7853,0.440900974233027);
#2951=CIRCLE('',#7855,0.05);
#2952=CIRCLE('',#7856,0.05);
#2953=CIRCLE('',#7858,0.05);
#2954=CIRCLE('',#7860,0.05);
#2955=CIRCLE('',#7863,0.440900974233028);
#2956=CIRCLE('',#7864,0.440900974233028);
#2957=CIRCLE('',#7866,0.45);
#2958=CIRCLE('',#7867,0.45);
#2959=CIRCLE('',#7868,0.45);
#2960=CIRCLE('',#7870,0.45);
#2961=CIRCLE('',#7872,0.490900974233027);
#2962=CIRCLE('',#7875,0.490900974233027);
#2963=CIRCLE('',#7878,0.440900974233027);
#2964=CIRCLE('',#7879,0.440900974233027);
#2965=CIRCLE('',#7881,0.05);
#2966=CIRCLE('',#7882,0.05);
#2967=CIRCLE('',#7884,0.05);
#2968=CIRCLE('',#7886,0.05);
#2969=CIRCLE('',#7889,0.1);
#2970=CIRCLE('',#7890,0.1);
#2971=CIRCLE('',#7892,0.1);
#2972=CIRCLE('',#7893,0.1);
#2973=CIRCLE('',#7895,0.100000000000001);
#2974=CIRCLE('',#7896,0.300000000000001);
#2975=CIRCLE('',#7898,0.300000000000001);
#2976=CIRCLE('',#7899,0.100000000000001);
#2977=CIRCLE('',#7901,0.223606797749979);
#2978=CIRCLE('',#7903,0.3);
#2979=CIRCLE('',#7904,0.3);
#2980=CIRCLE('',#7906,0.1);
#2981=CIRCLE('',#7908,0.100000000000001);
#2982=CIRCLE('',#7917,0.100000000000001);
#2983=CIRCLE('',#7918,0.1);
#2984=CIRCLE('',#7921,0.1);
#2985=CIRCLE('',#7922,0.3);
#2986=CIRCLE('',#7925,0.300000000000001);
#2987=CIRCLE('',#7927,0.300000000000001);
#2988=CIRCLE('',#7931,0.3);
#2989=CIRCLE('',#7935,0.1);
#2990=CIRCLE('',#7937,0.300000000000001);
#2991=CIRCLE('',#7938,0.100000000000001);
#2992=CIRCLE('',#7940,0.1);
#2993=CIRCLE('',#7946,0.3);
#2994=CIRCLE('',#7947,0.1);
#2995=CIRCLE('',#7949,0.3);
#2996=CIRCLE('',#7951,0.300000000000001);
#2997=CIRCLE('',#7953,0.223606797749979);
#2998=CIRCLE('',#7956,0.1);
#2999=CIRCLE('',#7958,0.100000000000001);
#3000=CIRCLE('',#7962,0.1);
#3001=CIRCLE('',#7965,0.300000000000001);
#3002=CIRCLE('',#7966,0.100000000000001);
#3003=CIRCLE('',#7967,0.300000000000001);
#3004=CIRCLE('',#7968,0.3);
#3005=CIRCLE('',#7970,0.3);
#3006=CIRCLE('',#7980,0.100000000000001);
#3007=CIRCLE('',#7982,0.1);
#3008=CIRCLE('',#7983,0.1);
#3009=CIRCLE('',#7986,0.1);
#3010=CIRCLE('',#7987,0.3);
#3011=CIRCLE('',#7989,0.1);
#3012=CIRCLE('',#7991,0.1);
#3013=CIRCLE('',#7993,0.100000000000001);
#3014=CIRCLE('',#7994,0.300000000000001);
#3015=CIRCLE('',#7997,0.100000000000001);
#3016=CIRCLE('',#7998,0.300000000000001);
#3017=CIRCLE('',#8001,0.1);
#3018=CIRCLE('',#8004,0.3);
#3019=CIRCLE('',#8007,0.300000000000001);
#3020=CIRCLE('',#8010,0.100000000000001);
#3021=CIRCLE('',#8012,0.1);
#3022=CIRCLE('',#8013,0.1);
#3023=CIRCLE('',#8016,0.223606797749979);
#3024=CIRCLE('',#8018,0.100000000000001);
#3025=CIRCLE('',#8020,0.300000000000001);
#3026=CIRCLE('',#8022,0.1);
#3027=CIRCLE('',#8023,0.3);
#3028=CIRCLE('',#8025,0.1);
#3029=CIRCLE('',#8027,0.1);
#3030=CIRCLE('',#8034,0.3);
#3031=CIRCLE('',#8037,0.1);
#3032=CIRCLE('',#8039,0.100000000000001);
#3033=CIRCLE('',#8040,0.100000000000001);
#3034=CIRCLE('',#8042,0.1);
#3035=CIRCLE('',#8043,0.1);
#3036=CIRCLE('',#8045,0.3);
#3037=CIRCLE('',#8049,0.1);
#3038=CIRCLE('',#8051,0.300000000000001);
#3039=CIRCLE('',#8053,0.1);
#3040=CIRCLE('',#8054,0.1);
#3041=CIRCLE('',#8055,0.1);
#3042=CIRCLE('',#8056,0.100000000000001);
#3043=CIRCLE('',#8059,0.300000000000001);
#3044=CIRCLE('',#8060,0.100000000000001);
#3045=CIRCLE('',#8063,0.3);
#3046=CIRCLE('',#8066,0.300000000000001);
#3047=CIRCLE('',#8068,0.223606797749979);
#3048=CIRCLE('',#8071,0.1);
#3049=CIRCLE('',#8073,0.1);
#3050=CIRCLE('',#8082,0.300000000000001);
#3051=CIRCLE('',#8083,0.3);
#3052=CIRCLE('',#8085,0.3);
#3053=CIRCLE('',#8088,0.1);
#3054=CIRCLE('',#8090,0.300000000000001);
#3055=CIRCLE('',#8091,0.300000000000001);
#3056=CIRCLE('',#8093,0.3);
#3057=CIRCLE('',#8094,0.3);
#3058=CIRCLE('',#8096,0.1);
#3059=CIRCLE('',#8102,0.1);
#3060=CIRCLE('',#8104,0.100000000000001);
#3061=CIRCLE('',#8106,0.223606797749979);
#3062=CIRCLE('',#8107,0.3);
#3063=CIRCLE('',#8108,0.300000000000001);
#3064=CIRCLE('',#8111,0.100000000000001);
#3065=CIRCLE('',#8112,0.300000000000001);
#3066=CIRCLE('',#8115,0.1);
#3067=CIRCLE('',#8118,0.100000000000001);
#3068=CIRCLE('',#8120,0.1);
#3069=CIRCLE('',#8123,0.3);
#3070=CIRCLE('',#8133,0.100000000000001);
#3071=CIRCLE('',#8134,0.1);
#3072=CIRCLE('',#8136,0.1);
#3073=VERTEX_POINT('',#10257);
#3074=VERTEX_POINT('',#10259);
#3075=VERTEX_POINT('',#10263);
#3076=VERTEX_POINT('',#10264);
#3077=VERTEX_POINT('',#10266);
#3078=VERTEX_POINT('',#10268);
#3079=VERTEX_POINT('',#10270);
#3080=VERTEX_POINT('',#10272);
#3081=VERTEX_POINT('',#10274);
#3082=VERTEX_POINT('',#10276);
#3083=VERTEX_POINT('',#10280);
#3084=VERTEX_POINT('',#10281);
#3085=VERTEX_POINT('',#10283);
#3086=VERTEX_POINT('',#10285);
#3087=VERTEX_POINT('',#10287);
#3088=VERTEX_POINT('',#10289);
#3089=VERTEX_POINT('',#10291);
#3090=VERTEX_POINT('',#10293);
#3091=VERTEX_POINT('',#10297);
#3092=VERTEX_POINT('',#10298);
#3093=VERTEX_POINT('',#10300);
#3094=VERTEX_POINT('',#10302);
#3095=VERTEX_POINT('',#10309);
#3096=VERTEX_POINT('',#10311);
#3097=VERTEX_POINT('',#10315);
#3098=VERTEX_POINT('',#10317);
#3099=VERTEX_POINT('',#10327);
#3100=VERTEX_POINT('',#10329);
#3101=VERTEX_POINT('',#10331);
#3102=VERTEX_POINT('',#10333);
#3103=VERTEX_POINT('',#10335);
#3104=VERTEX_POINT('',#10337);
#3105=VERTEX_POINT('',#10341);
#3106=VERTEX_POINT('',#10343);
#3107=VERTEX_POINT('',#10345);
#3108=VERTEX_POINT('',#10347);
#3109=VERTEX_POINT('',#10349);
#3110=VERTEX_POINT('',#10351);
#3111=VERTEX_POINT('',#10355);
#3112=VERTEX_POINT('',#10358);
#3113=VERTEX_POINT('',#10359);
#3114=VERTEX_POINT('',#10361);
#3115=VERTEX_POINT('',#10363);
#3116=VERTEX_POINT('',#10366);
#3117=VERTEX_POINT('',#10368);
#3118=VERTEX_POINT('',#10370);
#3119=VERTEX_POINT('',#10372);
#3120=VERTEX_POINT('',#10374);
#3121=VERTEX_POINT('',#10376);
#3122=VERTEX_POINT('',#10379);
#3123=VERTEX_POINT('',#10381);
#3124=VERTEX_POINT('',#10385);
#3125=VERTEX_POINT('',#10414);
#3126=VERTEX_POINT('',#10421);
#3127=VERTEX_POINT('',#10422);
#3128=VERTEX_POINT('',#10426);
#3129=VERTEX_POINT('',#10428);
#3130=VERTEX_POINT('',#10455);
#3131=VERTEX_POINT('',#10457);
#3132=VERTEX_POINT('',#10491);
#3133=VERTEX_POINT('',#10494);
#3134=VERTEX_POINT('',#10498);
#3135=VERTEX_POINT('',#10501);
#3136=VERTEX_POINT('',#10507);
#3137=VERTEX_POINT('',#10508);
#3138=VERTEX_POINT('',#10510);
#3139=VERTEX_POINT('',#10512);
#3140=VERTEX_POINT('',#10515);
#3141=VERTEX_POINT('',#10516);
#3142=VERTEX_POINT('',#10518);
#3143=VERTEX_POINT('',#10520);
#3144=VERTEX_POINT('',#10524);
#3145=VERTEX_POINT('',#10526);
#3146=VERTEX_POINT('',#10530);
#3147=VERTEX_POINT('',#10534);
#3148=VERTEX_POINT('',#10540);
#3149=VERTEX_POINT('',#10541);
#3150=VERTEX_POINT('',#10543);
#3151=VERTEX_POINT('',#10545);
#3152=VERTEX_POINT('',#10547);
#3153=VERTEX_POINT('',#10549);
#3154=VERTEX_POINT('',#10552);
#3155=VERTEX_POINT('',#10554);
#3156=VERTEX_POINT('',#10556);
#3157=VERTEX_POINT('',#10558);
#3158=VERTEX_POINT('',#10560);
#3159=VERTEX_POINT('',#10562);
#3160=VERTEX_POINT('',#10564);
#3161=VERTEX_POINT('',#10566);
#3162=VERTEX_POINT('',#10568);
#3163=VERTEX_POINT('',#10570);
#3164=VERTEX_POINT('',#10572);
#3165=VERTEX_POINT('',#10574);
#3166=VERTEX_POINT('',#10576);
#3167=VERTEX_POINT('',#10578);
#3168=VERTEX_POINT('',#10580);
#3169=VERTEX_POINT('',#10582);
#3170=VERTEX_POINT('',#10584);
#3171=VERTEX_POINT('',#10586);
#3172=VERTEX_POINT('',#10588);
#3173=VERTEX_POINT('',#10590);
#3174=VERTEX_POINT('',#10592);
#3175=VERTEX_POINT('',#10594);
#3176=VERTEX_POINT('',#10596);
#3177=VERTEX_POINT('',#10598);
#3178=VERTEX_POINT('',#10600);
#3179=VERTEX_POINT('',#10602);
#3180=VERTEX_POINT('',#10604);
#3181=VERTEX_POINT('',#10606);
#3182=VERTEX_POINT('',#10610);
#3183=VERTEX_POINT('',#10614);
#3184=VERTEX_POINT('',#10616);
#3185=VERTEX_POINT('',#10618);
#3186=VERTEX_POINT('',#10620);
#3187=VERTEX_POINT('',#10622);
#3188=VERTEX_POINT('',#10624);
#3189=VERTEX_POINT('',#10626);
#3190=VERTEX_POINT('',#10628);
#3191=VERTEX_POINT('',#10630);
#3192=VERTEX_POINT('',#10632);
#3193=VERTEX_POINT('',#10634);
#3194=VERTEX_POINT('',#10636);
#3195=VERTEX_POINT('',#10638);
#3196=VERTEX_POINT('',#10645);
#3197=VERTEX_POINT('',#10647);
#3198=VERTEX_POINT('',#10651);
#3199=VERTEX_POINT('',#10655);
#3200=VERTEX_POINT('',#10659);
#3201=VERTEX_POINT('',#10667);
#3202=VERTEX_POINT('',#10669);
#3203=VERTEX_POINT('',#10673);
#3204=VERTEX_POINT('',#10677);
#3205=VERTEX_POINT('',#10681);
#3206=VERTEX_POINT('',#10686);
#3207=VERTEX_POINT('',#10688);
#3208=VERTEX_POINT('',#10691);
#3209=VERTEX_POINT('',#10693);
#3210=VERTEX_POINT('',#10697);
#3211=VERTEX_POINT('',#10701);
#3212=VERTEX_POINT('',#10707);
#3213=VERTEX_POINT('',#10711);
#3214=VERTEX_POINT('',#10715);
#3215=VERTEX_POINT('',#10732);
#3216=VERTEX_POINT('',#10734);
#3217=VERTEX_POINT('',#10738);
#3218=VERTEX_POINT('',#10742);
#3219=VERTEX_POINT('',#10746);
#3220=VERTEX_POINT('',#10750);
#3221=VERTEX_POINT('',#10752);
#3222=VERTEX_POINT('',#10758);
#3223=VERTEX_POINT('',#10762);
#3224=VERTEX_POINT('',#10774);
#3225=VERTEX_POINT('',#10775);
#3226=VERTEX_POINT('',#10777);
#3227=VERTEX_POINT('',#10779);
#3228=VERTEX_POINT('',#10783);
#3229=VERTEX_POINT('',#10784);
#3230=VERTEX_POINT('',#10786);
#3231=VERTEX_POINT('',#10788);
#3232=VERTEX_POINT('',#10792);
#3233=VERTEX_POINT('',#10793);
#3234=VERTEX_POINT('',#10795);
#3235=VERTEX_POINT('',#10797);
#3236=VERTEX_POINT('',#10801);
#3237=VERTEX_POINT('',#10802);
#3238=VERTEX_POINT('',#10804);
#3239=VERTEX_POINT('',#10806);
#3240=VERTEX_POINT('',#10810);
#3241=VERTEX_POINT('',#10812);
#3242=VERTEX_POINT('',#10816);
#3243=VERTEX_POINT('',#10818);
#3244=VERTEX_POINT('',#10822);
#3245=VERTEX_POINT('',#10823);
#3246=VERTEX_POINT('',#10825);
#3247=VERTEX_POINT('',#10827);
#3248=VERTEX_POINT('',#10831);
#3249=VERTEX_POINT('',#10832);
#3250=VERTEX_POINT('',#10834);
#3251=VERTEX_POINT('',#10836);
#3252=VERTEX_POINT('',#10841);
#3253=VERTEX_POINT('',#10843);
#3254=VERTEX_POINT('',#10845);
#3255=VERTEX_POINT('',#10849);
#3256=VERTEX_POINT('',#10850);
#3257=VERTEX_POINT('',#10852);
#3258=VERTEX_POINT('',#10854);
#3259=VERTEX_POINT('',#10858);
#3260=VERTEX_POINT('',#10860);
#3261=VERTEX_POINT('',#10862);
#3262=VERTEX_POINT('',#10864);
#3263=VERTEX_POINT('',#10870);
#3264=VERTEX_POINT('',#10871);
#3265=VERTEX_POINT('',#10873);
#3266=VERTEX_POINT('',#10877);
#3267=VERTEX_POINT('',#10879);
#3268=VERTEX_POINT('',#10881);
#3269=VERTEX_POINT('',#10883);
#3270=VERTEX_POINT('',#10887);
#3271=VERTEX_POINT('',#10891);
#3272=VERTEX_POINT('',#10892);
#3273=VERTEX_POINT('',#10898);
#3274=VERTEX_POINT('',#10899);
#3275=VERTEX_POINT('',#10901);
#3276=VERTEX_POINT('',#10903);
#3277=VERTEX_POINT('',#10905);
#3278=VERTEX_POINT('',#10909);
#3279=VERTEX_POINT('',#10913);
#3280=VERTEX_POINT('',#10917);
#3281=VERTEX_POINT('',#10929);
#3282=VERTEX_POINT('',#10933);
#3283=VERTEX_POINT('',#10937);
#3284=VERTEX_POINT('',#10941);
#3285=VERTEX_POINT('',#10950);
#3286=VERTEX_POINT('',#10952);
#3287=VERTEX_POINT('',#10956);
#3288=VERTEX_POINT('',#10960);
#3289=VERTEX_POINT('',#10964);
#3290=VERTEX_POINT('',#10966);
#3291=VERTEX_POINT('',#10970);
#3292=VERTEX_POINT('',#10974);
#3293=VERTEX_POINT('',#10978);
#3294=VERTEX_POINT('',#10982);
#3295=VERTEX_POINT('',#10991);
#3296=VERTEX_POINT('',#10993);
#3297=VERTEX_POINT('',#11003);
#3298=VERTEX_POINT('',#11005);
#3299=VERTEX_POINT('',#11009);
#3300=VERTEX_POINT('',#11011);
#3301=VERTEX_POINT('',#11015);
#3302=VERTEX_POINT('',#11031);
#3303=VERTEX_POINT('',#11032);
#3304=VERTEX_POINT('',#11042);
#3305=VERTEX_POINT('',#11043);
#3306=VERTEX_POINT('',#11045);
#3307=VERTEX_POINT('',#11047);
#3308=VERTEX_POINT('',#11051);
#3309=VERTEX_POINT('',#11052);
#3310=VERTEX_POINT('',#11054);
#3311=VERTEX_POINT('',#11056);
#3312=VERTEX_POINT('',#11061);
#3313=VERTEX_POINT('',#11063);
#3314=VERTEX_POINT('',#11065);
#3315=VERTEX_POINT('',#11069);
#3316=VERTEX_POINT('',#11070);
#3317=VERTEX_POINT('',#11072);
#3318=VERTEX_POINT('',#11074);
#3319=VERTEX_POINT('',#11078);
#3320=VERTEX_POINT('',#11079);
#3321=VERTEX_POINT('',#11081);
#3322=VERTEX_POINT('',#11083);
#3323=VERTEX_POINT('',#11088);
#3324=VERTEX_POINT('',#11090);
#3325=VERTEX_POINT('',#11092);
#3326=VERTEX_POINT('',#11096);
#3327=VERTEX_POINT('',#11100);
#3328=VERTEX_POINT('',#11104);
#3329=VERTEX_POINT('',#11110);
#3330=VERTEX_POINT('',#11114);
#3331=VERTEX_POINT('',#11118);
#3332=VERTEX_POINT('',#11128);
#3333=VERTEX_POINT('',#11130);
#3334=VERTEX_POINT('',#11134);
#3335=VERTEX_POINT('',#11136);
#3336=VERTEX_POINT('',#11140);
#3337=VERTEX_POINT('',#11141);
#3338=VERTEX_POINT('',#11143);
#3339=VERTEX_POINT('',#11145);
#3340=VERTEX_POINT('',#11147);
#3341=VERTEX_POINT('',#11149);
#3342=VERTEX_POINT('',#11151);
#3343=VERTEX_POINT('',#11153);
#3344=VERTEX_POINT('',#11155);
#3345=VERTEX_POINT('',#11158);
#3346=VERTEX_POINT('',#11160);
#3347=VERTEX_POINT('',#11162);
#3348=VERTEX_POINT('',#11164);
#3349=VERTEX_POINT('',#11166);
#3350=VERTEX_POINT('',#11168);
#3351=VERTEX_POINT('',#11171);
#3352=VERTEX_POINT('',#11172);
#3353=VERTEX_POINT('',#11174);
#3354=VERTEX_POINT('',#11176);
#3355=VERTEX_POINT('',#11180);
#3356=VERTEX_POINT('',#11181);
#3357=VERTEX_POINT('',#11183);
#3358=VERTEX_POINT('',#11185);
#3359=VERTEX_POINT('',#11187);
#3360=VERTEX_POINT('',#11189);
#3361=VERTEX_POINT('',#11191);
#3362=VERTEX_POINT('',#11193);
#3363=VERTEX_POINT('',#11196);
#3364=VERTEX_POINT('',#11198);
#3365=VERTEX_POINT('',#11200);
#3366=VERTEX_POINT('',#11202);
#3367=VERTEX_POINT('',#11204);
#3368=VERTEX_POINT('',#11206);
#3369=VERTEX_POINT('',#11208);
#3370=VERTEX_POINT('',#11211);
#3371=VERTEX_POINT('',#11212);
#3372=VERTEX_POINT('',#11214);
#3373=VERTEX_POINT('',#11216);
#3374=VERTEX_POINT('',#11954);
#3375=VERTEX_POINT('',#11956);
#3376=VERTEX_POINT('',#11960);
#3377=VERTEX_POINT('',#11962);
#3378=VERTEX_POINT('',#11966);
#3379=VERTEX_POINT('',#11968);
#3380=VERTEX_POINT('',#11972);
#3381=VERTEX_POINT('',#11974);
#3382=VERTEX_POINT('',#11978);
#3383=VERTEX_POINT('',#11979);
#3384=VERTEX_POINT('',#11981);
#3385=VERTEX_POINT('',#11983);
#3386=VERTEX_POINT('',#11987);
#3387=VERTEX_POINT('',#11989);
#3388=VERTEX_POINT('',#11993);
#3389=VERTEX_POINT('',#11995);
#3390=VERTEX_POINT('',#12018);
#3391=VERTEX_POINT('',#12019);
#3392=VERTEX_POINT('',#12021);
#3393=VERTEX_POINT('',#12023);
#3394=VERTEX_POINT('',#12025);
#3395=VERTEX_POINT('',#12027);
#3396=VERTEX_POINT('',#12029);
#3397=VERTEX_POINT('',#12031);
#3398=VERTEX_POINT('',#12033);
#3399=VERTEX_POINT('',#12036);
#3400=VERTEX_POINT('',#12038);
#3401=VERTEX_POINT('',#12040);
#3402=VERTEX_POINT('',#12042);
#3403=VERTEX_POINT('',#12044);
#3404=VERTEX_POINT('',#12046);
#3405=VERTEX_POINT('',#12049);
#3406=VERTEX_POINT('',#12050);
#3407=VERTEX_POINT('',#12052);
#3408=VERTEX_POINT('',#12054);
#3409=VERTEX_POINT('',#12058);
#3410=VERTEX_POINT('',#12059);
#3411=VERTEX_POINT('',#12061);
#3412=VERTEX_POINT('',#12063);
#3413=VERTEX_POINT('',#12065);
#3414=VERTEX_POINT('',#12067);
#3415=VERTEX_POINT('',#12069);
#3416=VERTEX_POINT('',#12071);
#3417=VERTEX_POINT('',#12074);
#3418=VERTEX_POINT('',#12076);
#3419=VERTEX_POINT('',#12078);
#3420=VERTEX_POINT('',#12080);
#3421=VERTEX_POINT('',#12082);
#3422=VERTEX_POINT('',#12084);
#3423=VERTEX_POINT('',#12086);
#3424=VERTEX_POINT('',#12089);
#3425=VERTEX_POINT('',#12090);
#3426=VERTEX_POINT('',#12092);
#3427=VERTEX_POINT('',#12094);
#3428=VERTEX_POINT('',#12832);
#3429=VERTEX_POINT('',#12834);
#3430=VERTEX_POINT('',#12838);
#3431=VERTEX_POINT('',#12840);
#3432=VERTEX_POINT('',#12844);
#3433=VERTEX_POINT('',#12846);
#3434=VERTEX_POINT('',#12850);
#3435=VERTEX_POINT('',#12852);
#3436=VERTEX_POINT('',#12856);
#3437=VERTEX_POINT('',#12857);
#3438=VERTEX_POINT('',#12859);
#3439=VERTEX_POINT('',#12861);
#3440=VERTEX_POINT('',#12865);
#3441=VERTEX_POINT('',#12867);
#3442=VERTEX_POINT('',#12871);
#3443=VERTEX_POINT('',#12873);
#3444=VERTEX_POINT('',#12898);
#3445=VERTEX_POINT('',#12899);
#3446=VERTEX_POINT('',#12901);
#3447=VERTEX_POINT('',#12903);
#3448=VERTEX_POINT('',#12943);
#3449=VERTEX_POINT('',#12945);
#3450=VERTEX_POINT('',#12949);
#3451=VERTEX_POINT('',#12953);
#3452=VERTEX_POINT('',#12959);
#3453=VERTEX_POINT('',#12960);
#3454=VERTEX_POINT('',#12962);
#3455=VERTEX_POINT('',#12964);
#3456=VERTEX_POINT('',#12976);
#3457=VERTEX_POINT('',#12977);
#3458=VERTEX_POINT('',#12979);
#3459=VERTEX_POINT('',#12981);
#3460=VERTEX_POINT('',#13021);
#3461=VERTEX_POINT('',#13023);
#3462=VERTEX_POINT('',#13027);
#3463=VERTEX_POINT('',#13031);
#3464=VERTEX_POINT('',#13037);
#3465=VERTEX_POINT('',#13038);
#3466=VERTEX_POINT('',#13040);
#3467=VERTEX_POINT('',#13042);
#3468=VERTEX_POINT('',#13054);
#3469=VERTEX_POINT('',#13055);
#3470=VERTEX_POINT('',#13057);
#3471=VERTEX_POINT('',#13059);
#3472=VERTEX_POINT('',#13061);
#3473=VERTEX_POINT('',#13063);
#3474=VERTEX_POINT('',#13065);
#3475=VERTEX_POINT('',#13067);
#3476=VERTEX_POINT('',#13069);
#3477=VERTEX_POINT('',#13071);
#3478=VERTEX_POINT('',#13073);
#3479=VERTEX_POINT('',#13075);
#3480=VERTEX_POINT('',#13077);
#3481=VERTEX_POINT('',#13079);
#3482=VERTEX_POINT('',#13081);
#3483=VERTEX_POINT('',#13088);
#3484=VERTEX_POINT('',#13090);
#3485=VERTEX_POINT('',#13092);
#3486=VERTEX_POINT('',#13094);
#3487=VERTEX_POINT('',#13096);
#3488=VERTEX_POINT('',#13098);
#3489=VERTEX_POINT('',#13102);
#3490=VERTEX_POINT('',#13104);
#3491=VERTEX_POINT('',#13106);
#3492=VERTEX_POINT('',#13108);
#3493=VERTEX_POINT('',#13110);
#3494=VERTEX_POINT('',#13112);
#3495=VERTEX_POINT('',#13116);
#3496=VERTEX_POINT('',#13117);
#3497=VERTEX_POINT('',#13120);
#3498=VERTEX_POINT('',#13122);
#3499=VERTEX_POINT('',#13124);
#3500=VERTEX_POINT('',#13126);
#3501=VERTEX_POINT('',#13128);
#3502=VERTEX_POINT('',#13130);
#3503=VERTEX_POINT('',#13133);
#3504=VERTEX_POINT('',#13135);
#3505=VERTEX_POINT('',#13142);
#3506=VERTEX_POINT('',#13145);
#3507=VERTEX_POINT('',#13162);
#3508=VERTEX_POINT('',#13182);
#3509=VERTEX_POINT('',#13186);
#3510=VERTEX_POINT('',#13189);
#3511=VERTEX_POINT('',#13191);
#3512=VERTEX_POINT('',#13195);
#3513=VERTEX_POINT('',#13201);
#3514=VERTEX_POINT('',#13228);
#3515=VERTEX_POINT('',#13229);
#3516=VERTEX_POINT('',#13231);
#3517=VERTEX_POINT('',#13233);
#3518=VERTEX_POINT('',#13235);
#3519=VERTEX_POINT('',#13237);
#3520=VERTEX_POINT('',#13239);
#3521=VERTEX_POINT('',#13241);
#3522=VERTEX_POINT('',#13243);
#3523=VERTEX_POINT('',#13247);
#3524=VERTEX_POINT('',#13249);
#3525=VERTEX_POINT('',#13251);
#3526=VERTEX_POINT('',#13253);
#3527=VERTEX_POINT('',#13255);
#3528=VERTEX_POINT('',#13257);
#3529=VERTEX_POINT('',#13261);
#3530=VERTEX_POINT('',#13265);
#3531=VERTEX_POINT('',#13269);
#3532=VERTEX_POINT('',#13273);
#3533=VERTEX_POINT('',#13277);
#3534=VERTEX_POINT('',#13281);
#3535=VERTEX_POINT('',#13282);
#3536=VERTEX_POINT('',#13285);
#3537=VERTEX_POINT('',#13287);
#3538=VERTEX_POINT('',#13289);
#3539=VERTEX_POINT('',#13293);
#3540=VERTEX_POINT('',#13297);
#3541=VERTEX_POINT('',#13301);
#3542=VERTEX_POINT('',#13302);
#3543=VERTEX_POINT('',#13304);
#3544=VERTEX_POINT('',#13306);
#3545=VERTEX_POINT('',#13308);
#3546=VERTEX_POINT('',#13310);
#3547=VERTEX_POINT('',#13312);
#3548=VERTEX_POINT('',#13314);
#3549=VERTEX_POINT('',#13316);
#3550=VERTEX_POINT('',#13318);
#3551=VERTEX_POINT('',#13320);
#3552=VERTEX_POINT('',#13325);
#3553=VERTEX_POINT('',#13329);
#3554=VERTEX_POINT('',#13331);
#3555=VERTEX_POINT('',#13333);
#3556=VERTEX_POINT('',#13335);
#3557=VERTEX_POINT('',#13337);
#3558=VERTEX_POINT('',#13339);
#3559=VERTEX_POINT('',#13341);
#3560=VERTEX_POINT('',#13343);
#3561=VERTEX_POINT('',#13345);
#3562=VERTEX_POINT('',#13347);
#3563=VERTEX_POINT('',#13349);
#3564=VERTEX_POINT('',#13353);
#3565=VERTEX_POINT('',#13359);
#3566=VERTEX_POINT('',#13363);
#3567=VERTEX_POINT('',#13367);
#3568=VERTEX_POINT('',#13428);
#3569=VERTEX_POINT('',#13429);
#3570=VERTEX_POINT('',#13431);
#3571=VERTEX_POINT('',#13433);
#3572=VERTEX_POINT('',#13435);
#3573=VERTEX_POINT('',#13437);
#3574=VERTEX_POINT('',#13439);
#3575=VERTEX_POINT('',#13441);
#3576=VERTEX_POINT('',#13445);
#3577=VERTEX_POINT('',#13446);
#3578=VERTEX_POINT('',#13449);
#3579=VERTEX_POINT('',#13451);
#3580=VERTEX_POINT('',#13453);
#3581=VERTEX_POINT('',#13457);
#3582=VERTEX_POINT('',#13458);
#3583=VERTEX_POINT('',#13460);
#3584=VERTEX_POINT('',#13462);
#3585=VERTEX_POINT('',#13464);
#3586=VERTEX_POINT('',#13470);
#3587=VERTEX_POINT('',#13472);
#3588=VERTEX_POINT('',#13474);
#3589=VERTEX_POINT('',#13476);
#3590=VERTEX_POINT('',#13482);
#3591=VERTEX_POINT('',#13483);
#3592=VERTEX_POINT('',#13485);
#3593=VERTEX_POINT('',#13488);
#3594=VERTEX_POINT('',#13490);
#3595=VERTEX_POINT('',#13492);
#3596=VERTEX_POINT('',#13496);
#3597=VERTEX_POINT('',#13504);
#3598=VERTEX_POINT('',#13510);
#3599=VERTEX_POINT('',#13515);
#3600=VERTEX_POINT('',#13519);
#3601=VERTEX_POINT('',#13521);
#3602=VERTEX_POINT('',#13523);
#3603=VERTEX_POINT('',#13525);
#3604=VERTEX_POINT('',#13528);
#3605=VERTEX_POINT('',#13530);
#3606=VERTEX_POINT('',#13532);
#3607=VERTEX_POINT('',#13534);
#3608=VERTEX_POINT('',#13536);
#3609=VERTEX_POINT('',#13538);
#3610=VERTEX_POINT('',#13542);
#3611=VERTEX_POINT('',#13546);
#3612=VERTEX_POINT('',#13548);
#3613=VERTEX_POINT('',#13550);
#3614=VERTEX_POINT('',#13552);
#3615=VERTEX_POINT('',#13554);
#3616=VERTEX_POINT('',#13556);
#3617=VERTEX_POINT('',#13559);
#3618=VERTEX_POINT('',#13561);
#3619=VERTEX_POINT('',#13605);
#3620=VERTEX_POINT('',#13620);
#3621=VERTEX_POINT('',#13621);
#3622=VERTEX_POINT('',#13623);
#3623=VERTEX_POINT('',#13625);
#3624=VERTEX_POINT('',#13627);
#3625=VERTEX_POINT('',#13629);
#3626=VERTEX_POINT('',#13631);
#3627=VERTEX_POINT('',#13635);
#3628=VERTEX_POINT('',#13636);
#3629=VERTEX_POINT('',#13641);
#3630=VERTEX_POINT('',#13643);
#3631=VERTEX_POINT('',#13647);
#3632=VERTEX_POINT('',#13649);
#3633=VERTEX_POINT('',#13651);
#3634=VERTEX_POINT('',#13653);
#3635=VERTEX_POINT('',#13655);
#3636=VERTEX_POINT('',#13659);
#3637=VERTEX_POINT('',#13663);
#3638=VERTEX_POINT('',#13667);
#3639=VERTEX_POINT('',#13671);
#3640=VERTEX_POINT('',#13673);
#3641=VERTEX_POINT('',#13675);
#3642=VERTEX_POINT('',#13677);
#3643=VERTEX_POINT('',#13681);
#3644=VERTEX_POINT('',#13682);
#3645=VERTEX_POINT('',#13684);
#3646=VERTEX_POINT('',#13686);
#3647=VERTEX_POINT('',#13689);
#3648=VERTEX_POINT('',#13691);
#3649=VERTEX_POINT('',#13693);
#3650=VERTEX_POINT('',#13695);
#3651=VERTEX_POINT('',#13697);
#3652=VERTEX_POINT('',#13699);
#3653=VERTEX_POINT('',#13701);
#3654=VERTEX_POINT('',#13703);
#3655=VERTEX_POINT('',#13724);
#3656=VERTEX_POINT('',#13728);
#3657=VERTEX_POINT('',#13730);
#3658=VERTEX_POINT('',#13732);
#3659=VERTEX_POINT('',#13737);
#3660=VERTEX_POINT('',#13741);
#3661=VERTEX_POINT('',#13747);
#3662=VERTEX_POINT('',#13751);
#3663=VERTEX_POINT('',#13752);
#3664=VERTEX_POINT('',#13755);
#3665=VERTEX_POINT('',#13757);
#3666=VERTEX_POINT('',#13759);
#3667=VERTEX_POINT('',#13761);
#3668=VERTEX_POINT('',#13763);
#3669=VERTEX_POINT('',#13765);
#3670=VERTEX_POINT('',#13768);
#3671=VERTEX_POINT('',#13776);
#3672=VERTEX_POINT('',#13812);
#3673=VERTEX_POINT('',#13813);
#3674=VERTEX_POINT('',#13815);
#3675=VERTEX_POINT('',#13817);
#3676=VERTEX_POINT('',#13819);
#3677=VERTEX_POINT('',#13821);
#3678=VERTEX_POINT('',#13823);
#3679=VERTEX_POINT('',#13825);
#3680=VERTEX_POINT('',#13827);
#3681=VERTEX_POINT('',#13831);
#3682=VERTEX_POINT('',#13832);
#3683=VERTEX_POINT('',#13837);
#3684=VERTEX_POINT('',#13839);
#3685=VERTEX_POINT('',#13843);
#3686=VERTEX_POINT('',#13844);
#3687=VERTEX_POINT('',#13846);
#3688=VERTEX_POINT('',#13848);
#3689=VERTEX_POINT('',#13850);
#3690=VERTEX_POINT('',#13855);
#3691=VERTEX_POINT('',#13859);
#3692=VERTEX_POINT('',#13863);
#3693=VERTEX_POINT('',#13867);
#3694=VERTEX_POINT('',#13871);
#3695=VERTEX_POINT('',#13875);
#3696=VERTEX_POINT('',#13877);
#3697=VERTEX_POINT('',#13879);
#3698=VERTEX_POINT('',#13881);
#3699=VERTEX_POINT('',#13885);
#3700=VERTEX_POINT('',#13887);
#3701=VERTEX_POINT('',#13889);
#3702=VERTEX_POINT('',#13891);
#3703=VERTEX_POINT('',#13893);
#3704=VERTEX_POINT('',#13895);
#3705=VERTEX_POINT('',#13897);
#3706=VERTEX_POINT('',#13899);
#3707=VERTEX_POINT('',#13901);
#3708=VERTEX_POINT('',#13903);
#3709=VERTEX_POINT('',#13905);
#3710=VERTEX_POINT('',#13926);
#3711=VERTEX_POINT('',#13930);
#3712=VERTEX_POINT('',#13931);
#3713=VERTEX_POINT('',#13933);
#3714=VERTEX_POINT('',#13939);
#3715=VERTEX_POINT('',#13943);
#3716=VERTEX_POINT('',#13949);
#3717=VERTEX_POINT('',#13953);
#3718=VERTEX_POINT('',#13955);
#3719=VERTEX_POINT('',#13957);
#3720=VERTEX_POINT('',#13960);
#3721=VERTEX_POINT('',#13962);
#3722=VERTEX_POINT('',#13964);
#3723=VERTEX_POINT('',#13966);
#3724=VERTEX_POINT('',#13968);
#3725=VERTEX_POINT('',#13970);
#3726=EDGE_CURVE('',#3073,#3073,#2817,.T.);
#3727=EDGE_CURVE('',#3073,#3074,#1247,.T.);
#3728=EDGE_CURVE('',#3074,#3074,#2818,.T.);
#3729=EDGE_CURVE('',#3075,#3076,#1248,.T.);
#3730=EDGE_CURVE('',#3077,#3076,#1249,.T.);
#3731=EDGE_CURVE('',#3078,#3077,#1250,.T.);
#3732=EDGE_CURVE('',#3079,#3078,#1251,.T.);
#3733=EDGE_CURVE('',#3080,#3079,#1252,.T.);
#3734=EDGE_CURVE('',#3080,#3081,#1253,.T.);
#3735=EDGE_CURVE('',#3081,#3082,#1254,.T.);
#3736=EDGE_CURVE('',#3075,#3082,#1255,.T.);
#3737=EDGE_CURVE('',#3083,#3084,#1256,.T.);
#3738=EDGE_CURVE('',#3085,#3084,#1257,.T.);
#3739=EDGE_CURVE('',#3086,#3085,#1258,.T.);
#3740=EDGE_CURVE('',#3087,#3086,#1259,.T.);
#3741=EDGE_CURVE('',#3088,#3087,#1260,.T.);
#3742=EDGE_CURVE('',#3088,#3089,#1261,.T.);
#3743=EDGE_CURVE('',#3089,#3090,#1262,.T.);
#3744=EDGE_CURVE('',#3083,#3090,#1263,.T.);
#3745=EDGE_CURVE('',#3091,#3092,#2819,.F.);
#3746=EDGE_CURVE('',#3091,#3093,#1264,.T.);
#3747=EDGE_CURVE('',#3094,#3093,#2820,.T.);
#3748=EDGE_CURVE('',#3092,#3094,#1265,.T.);
#3749=EDGE_CURVE('',#3092,#3083,#1266,.T.);
#3750=EDGE_CURVE('',#3084,#3094,#1267,.T.);
#3751=EDGE_CURVE('',#3086,#3095,#1268,.T.);
#3752=EDGE_CURVE('',#3096,#3085,#1269,.T.);
#3753=EDGE_CURVE('',#3095,#3096,#1270,.T.);
#3754=EDGE_CURVE('',#3095,#3097,#2821,.F.);
#3755=EDGE_CURVE('',#3098,#3096,#2822,.T.);
#3756=EDGE_CURVE('',#3097,#3098,#1271,.T.);
#3757=EDGE_CURVE('',#3097,#3075,#1272,.T.);
#3758=EDGE_CURVE('',#3076,#3098,#1273,.T.);
#3759=EDGE_CURVE('',#3078,#3091,#1274,.T.);
#3760=EDGE_CURVE('',#3093,#3077,#1275,.T.);
#3761=EDGE_CURVE('',#3090,#3099,#1276,.T.);
#3762=EDGE_CURVE('',#3099,#3100,#1277,.T.);
#3763=EDGE_CURVE('',#3100,#3101,#2823,.T.);
#3764=EDGE_CURVE('',#3101,#3102,#1278,.T.);
#3765=EDGE_CURVE('',#3102,#3103,#2824,.T.);
#3766=EDGE_CURVE('',#3103,#3104,#1279,.T.);
#3767=EDGE_CURVE('',#3104,#3079,#1280,.T.);
#3768=EDGE_CURVE('',#3082,#3105,#1281,.T.);
#3769=EDGE_CURVE('',#3105,#3106,#1282,.T.);
#3770=EDGE_CURVE('',#3106,#3107,#2825,.T.);
#3771=EDGE_CURVE('',#3107,#3108,#1283,.T.);
#3772=EDGE_CURVE('',#3108,#3109,#2826,.T.);
#3773=EDGE_CURVE('',#3109,#3110,#1284,.T.);
#3774=EDGE_CURVE('',#3110,#3087,#1285,.T.);
#3775=EDGE_CURVE('',#3111,#3111,#2827,.T.);
#3776=EDGE_CURVE('',#3112,#3113,#1286,.T.);
#3777=EDGE_CURVE('',#3114,#3112,#2828,.T.);
#3778=EDGE_CURVE('',#3115,#3114,#1287,.T.);
#3779=EDGE_CURVE('',#3089,#3115,#1288,.T.);
#3780=EDGE_CURVE('',#3116,#3088,#1289,.T.);
#3781=EDGE_CURVE('',#3117,#3116,#1290,.T.);
#3782=EDGE_CURVE('',#3118,#3117,#2829,.T.);
#3783=EDGE_CURVE('',#3119,#3118,#1291,.T.);
#3784=EDGE_CURVE('',#3120,#3119,#2830,.T.);
#3785=EDGE_CURVE('',#3121,#3120,#1292,.T.);
#3786=EDGE_CURVE('',#3081,#3121,#1293,.T.);
#3787=EDGE_CURVE('',#3122,#3080,#1294,.T.);
#3788=EDGE_CURVE('',#3123,#3122,#1295,.T.);
#3789=EDGE_CURVE('',#3113,#3123,#2831,.T.);
#3790=EDGE_CURVE('',#3124,#3124,#2832,.T.);
#3791=EDGE_CURVE('',#3122,#3104,#1296,.T.);
#3792=EDGE_CURVE('',#3121,#3105,#1297,.T.);
#3793=EDGE_CURVE('',#3116,#3110,#1298,.T.);
#3794=EDGE_CURVE('',#3115,#3099,#1299,.T.);
#3795=EDGE_CURVE('',#3114,#3100,#1300,.T.);
#3796=EDGE_CURVE('',#3112,#3101,#1301,.T.);
#3797=EDGE_CURVE('',#3113,#3102,#1302,.T.);
#3798=EDGE_CURVE('',#3123,#3103,#1303,.T.);
#3799=EDGE_CURVE('',#3120,#3106,#1304,.T.);
#3800=EDGE_CURVE('',#3119,#3107,#1305,.T.);
#3801=EDGE_CURVE('',#3118,#3108,#1306,.T.);
#3802=EDGE_CURVE('',#3117,#3109,#1307,.T.);
#3803=EDGE_CURVE('',#3125,#3125,#2833,.T.);
#3804=EDGE_CURVE('',#3125,#3111,#1308,.T.);
#3805=EDGE_CURVE('',#3124,#3125,#1309,.T.);
#3806=EDGE_CURVE('',#3126,#3127,#2834,.T.);
#3807=EDGE_CURVE('',#3127,#3126,#1310,.T.);
#3808=EDGE_CURVE('',#3128,#3126,#1311,.T.);
#3809=EDGE_CURVE('',#3129,#3128,#59,.T.);
#3810=EDGE_CURVE('',#3130,#3129,#1312,.F.);
#3811=EDGE_CURVE('',#3131,#3130,#60,.F.);
#3812=EDGE_CURVE('',#3127,#3131,#1313,.F.);
#3813=EDGE_CURVE('',#3130,#3129,#2835,.T.);
#3814=EDGE_CURVE('',#3131,#3128,#2836,.T.);
#3815=EDGE_CURVE('',#3132,#3132,#2837,.T.);
#3816=EDGE_CURVE('',#3132,#3133,#1314,.T.);
#3817=EDGE_CURVE('',#3133,#3133,#2838,.T.);
#3818=EDGE_CURVE('',#3134,#3134,#2839,.T.);
#3819=EDGE_CURVE('',#3134,#3135,#1315,.T.);
#3820=EDGE_CURVE('',#3135,#3135,#2840,.T.);
#3821=EDGE_CURVE('',#3136,#3137,#1316,.T.);
#3822=EDGE_CURVE('',#3137,#3138,#1317,.T.);
#3823=EDGE_CURVE('',#3139,#3138,#1318,.T.);
#3824=EDGE_CURVE('',#3136,#3139,#1319,.T.);
#3825=EDGE_CURVE('',#3140,#3141,#1320,.T.);
#3826=EDGE_CURVE('',#3142,#3140,#1321,.T.);
#3827=EDGE_CURVE('',#3143,#3142,#1322,.T.);
#3828=EDGE_CURVE('',#3141,#3143,#1323,.T.);
#3829=EDGE_CURVE('',#3140,#3144,#1324,.T.);
#3830=EDGE_CURVE('',#3145,#3144,#1325,.T.);
#3831=EDGE_CURVE('',#3142,#3145,#1326,.T.);
#3832=EDGE_CURVE('',#3146,#3145,#1327,.T.);
#3833=EDGE_CURVE('',#3143,#3146,#1328,.T.);
#3834=EDGE_CURVE('',#3147,#3146,#1329,.T.);
#3835=EDGE_CURVE('',#3141,#3147,#1330,.T.);
#3836=EDGE_CURVE('',#3144,#3147,#1331,.T.);
#3837=EDGE_CURVE('',#3148,#3149,#1332,.T.);
#3838=EDGE_CURVE('',#3149,#3150,#1333,.T.);
#3839=EDGE_CURVE('',#3150,#3151,#1334,.T.);
#3840=EDGE_CURVE('',#3151,#3152,#1335,.T.);
#3841=EDGE_CURVE('',#3153,#3152,#1336,.T.);
#3842=EDGE_CURVE('',#3137,#3153,#2841,.T.);
#3843=EDGE_CURVE('',#3154,#3136,#2842,.T.);
#3844=EDGE_CURVE('',#3155,#3154,#1337,.T.);
#3845=EDGE_CURVE('',#3155,#3156,#1338,.T.);
#3846=EDGE_CURVE('',#3156,#3157,#1339,.T.);
#3847=EDGE_CURVE('',#3157,#3158,#1340,.T.);
#3848=EDGE_CURVE('',#3158,#3159,#1341,.T.);
#3849=EDGE_CURVE('',#3160,#3159,#1342,.T.);
#3850=EDGE_CURVE('',#3160,#3161,#1343,.T.);
#3851=EDGE_CURVE('',#3161,#3162,#1344,.T.);
#3852=EDGE_CURVE('',#3162,#3163,#1345,.T.);
#3853=EDGE_CURVE('',#3164,#3163,#1346,.T.);
#3854=EDGE_CURVE('',#3164,#3165,#1347,.T.);
#3855=EDGE_CURVE('',#3165,#3166,#1348,.T.);
#3856=EDGE_CURVE('',#3166,#3167,#1349,.T.);
#3857=EDGE_CURVE('',#3167,#3168,#1350,.T.);
#3858=EDGE_CURVE('',#3169,#3168,#1351,.T.);
#3859=EDGE_CURVE('',#3170,#3169,#2843,.T.);
#3860=EDGE_CURVE('',#3171,#3170,#1352,.T.);
#3861=EDGE_CURVE('',#3172,#3171,#2844,.T.);
#3862=EDGE_CURVE('',#3173,#3172,#1353,.T.);
#3863=EDGE_CURVE('',#3173,#3174,#1354,.T.);
#3864=EDGE_CURVE('',#3174,#3175,#1355,.T.);
#3865=EDGE_CURVE('',#3175,#3176,#1356,.T.);
#3866=EDGE_CURVE('',#3176,#3177,#1357,.T.);
#3867=EDGE_CURVE('',#3178,#3177,#1358,.T.);
#3868=EDGE_CURVE('',#3178,#3179,#1359,.T.);
#3869=EDGE_CURVE('',#3179,#3180,#1360,.T.);
#3870=EDGE_CURVE('',#3180,#3181,#1361,.T.);
#3871=EDGE_CURVE('',#3148,#3181,#1362,.T.);
#3872=EDGE_CURVE('',#3153,#3182,#1363,.T.);
#3873=EDGE_CURVE('',#3138,#3182,#2845,.T.);
#3874=EDGE_CURVE('',#3182,#3183,#1364,.T.);
#3875=EDGE_CURVE('',#3183,#3184,#1365,.T.);
#3876=EDGE_CURVE('',#3184,#3185,#1366,.T.);
#3877=EDGE_CURVE('',#3185,#3186,#1367,.T.);
#3878=EDGE_CURVE('',#3186,#3187,#1368,.T.);
#3879=EDGE_CURVE('',#3187,#3188,#2846,.T.);
#3880=EDGE_CURVE('',#3188,#3189,#1369,.T.);
#3881=EDGE_CURVE('',#3189,#3190,#2847,.T.);
#3882=EDGE_CURVE('',#3190,#3191,#1370,.T.);
#3883=EDGE_CURVE('',#3191,#3192,#1371,.T.);
#3884=EDGE_CURVE('',#3192,#3193,#1372,.T.);
#3885=EDGE_CURVE('',#3193,#3194,#1373,.T.);
#3886=EDGE_CURVE('',#3194,#3195,#1374,.T.);
#3887=EDGE_CURVE('',#3195,#3139,#2848,.T.);
#3888=EDGE_CURVE('',#3154,#3195,#1375,.T.);
#3889=EDGE_CURVE('',#3196,#3148,#1376,.F.);
#3890=EDGE_CURVE('',#3196,#3197,#1377,.T.);
#3891=EDGE_CURVE('',#3149,#3197,#1378,.T.);
#3892=EDGE_CURVE('',#3197,#3198,#1379,.T.);
#3893=EDGE_CURVE('',#3150,#3198,#1380,.T.);
#3894=EDGE_CURVE('',#3198,#3199,#1381,.T.);
#3895=EDGE_CURVE('',#3151,#3199,#1382,.T.);
#3896=EDGE_CURVE('',#3199,#3200,#1383,.T.);
#3897=EDGE_CURVE('',#3200,#3184,#1384,.T.);
#3898=EDGE_CURVE('',#3152,#3183,#1385,.T.);
#3899=EDGE_CURVE('',#3155,#3194,#1386,.T.);
#3900=EDGE_CURVE('',#3201,#3193,#1387,.T.);
#3901=EDGE_CURVE('',#3201,#3202,#1388,.T.);
#3902=EDGE_CURVE('',#3156,#3202,#1389,.T.);
#3903=EDGE_CURVE('',#3202,#3203,#1390,.T.);
#3904=EDGE_CURVE('',#3157,#3203,#1391,.T.);
#3905=EDGE_CURVE('',#3203,#3204,#1392,.T.);
#3906=EDGE_CURVE('',#3158,#3204,#1393,.T.);
#3907=EDGE_CURVE('',#3159,#3205,#1394,.F.);
#3908=EDGE_CURVE('',#3204,#3205,#1395,.T.);
#3909=EDGE_CURVE('',#3205,#3201,#1396,.F.);
#3910=EDGE_CURVE('',#3206,#3192,#1397,.T.);
#3911=EDGE_CURVE('',#3206,#3207,#1398,.F.);
#3912=EDGE_CURVE('',#3207,#3164,#1399,.F.);
#3913=EDGE_CURVE('',#3163,#3208,#1400,.F.);
#3914=EDGE_CURVE('',#3208,#3209,#1401,.F.);
#3915=EDGE_CURVE('',#3209,#3160,#1402,.F.);
#3916=EDGE_CURVE('',#3209,#3210,#1403,.T.);
#3917=EDGE_CURVE('',#3161,#3210,#1404,.T.);
#3918=EDGE_CURVE('',#3210,#3211,#1405,.T.);
#3919=EDGE_CURVE('',#3162,#3211,#1406,.T.);
#3920=EDGE_CURVE('',#3211,#3208,#1407,.T.);
#3921=EDGE_CURVE('',#3207,#3212,#1408,.T.);
#3922=EDGE_CURVE('',#3165,#3212,#1409,.T.);
#3923=EDGE_CURVE('',#3212,#3213,#1410,.T.);
#3924=EDGE_CURVE('',#3166,#3213,#1411,.T.);
#3925=EDGE_CURVE('',#3213,#3214,#1412,.T.);
#3926=EDGE_CURVE('',#3167,#3214,#1413,.T.);
#3927=EDGE_CURVE('',#3214,#3206,#1414,.T.);
#3928=EDGE_CURVE('',#3168,#3191,#1415,.T.);
#3929=EDGE_CURVE('',#3169,#3190,#1416,.T.);
#3930=EDGE_CURVE('',#3170,#3189,#1417,.T.);
#3931=EDGE_CURVE('',#3171,#3188,#1418,.T.);
#3932=EDGE_CURVE('',#3172,#3187,#1419,.T.);
#3933=EDGE_CURVE('',#3173,#3186,#1420,.T.);
#3934=EDGE_CURVE('',#3215,#3185,#1421,.T.);
#3935=EDGE_CURVE('',#3215,#3216,#1422,.T.);
#3936=EDGE_CURVE('',#3174,#3216,#1423,.T.);
#3937=EDGE_CURVE('',#3216,#3217,#1424,.T.);
#3938=EDGE_CURVE('',#3175,#3217,#1425,.T.);
#3939=EDGE_CURVE('',#3217,#3218,#1426,.T.);
#3940=EDGE_CURVE('',#3176,#3218,#1427,.T.);
#3941=EDGE_CURVE('',#3177,#3219,#1428,.F.);
#3942=EDGE_CURVE('',#3218,#3219,#1429,.T.);
#3943=EDGE_CURVE('',#3181,#3220,#1430,.F.);
#3944=EDGE_CURVE('',#3220,#3221,#1431,.F.);
#3945=EDGE_CURVE('',#3221,#3178,#1432,.F.);
#3946=EDGE_CURVE('',#3219,#3215,#1433,.F.);
#3947=EDGE_CURVE('',#3200,#3196,#1434,.F.);
#3948=EDGE_CURVE('',#3221,#3222,#1435,.T.);
#3949=EDGE_CURVE('',#3179,#3222,#1436,.T.);
#3950=EDGE_CURVE('',#3222,#3223,#1437,.T.);
#3951=EDGE_CURVE('',#3180,#3223,#1438,.T.);
#3952=EDGE_CURVE('',#3223,#3220,#1439,.T.);
#3953=EDGE_CURVE('',#3224,#3225,#1440,.T.);
#3954=EDGE_CURVE('',#3226,#3225,#2849,.T.);
#3955=EDGE_CURVE('',#3227,#3226,#1441,.T.);
#3956=EDGE_CURVE('',#3227,#3224,#1442,.T.);
#3957=EDGE_CURVE('',#3228,#3229,#1443,.T.);
#3958=EDGE_CURVE('',#3230,#3229,#2850,.T.);
#3959=EDGE_CURVE('',#3231,#3230,#1444,.T.);
#3960=EDGE_CURVE('',#3231,#3228,#1445,.T.);
#3961=EDGE_CURVE('',#3232,#3233,#1446,.T.);
#3962=EDGE_CURVE('',#3233,#3234,#1447,.T.);
#3963=EDGE_CURVE('',#3235,#3234,#1448,.T.);
#3964=EDGE_CURVE('',#3232,#3235,#2851,.T.);
#3965=EDGE_CURVE('',#3236,#3237,#1449,.T.);
#3966=EDGE_CURVE('',#3237,#3238,#1450,.T.);
#3967=EDGE_CURVE('',#3239,#3238,#1451,.T.);
#3968=EDGE_CURVE('',#3236,#3239,#2852,.T.);
#3969=EDGE_CURVE('',#3227,#3240,#2853,.T.);
#3970=EDGE_CURVE('',#3240,#3241,#1452,.T.);
#3971=EDGE_CURVE('',#3225,#3241,#2854,.T.);
#3972=EDGE_CURVE('',#3231,#3242,#2855,.T.);
#3973=EDGE_CURVE('',#3242,#3243,#1453,.T.);
#3974=EDGE_CURVE('',#3229,#3243,#2856,.T.);
#3975=EDGE_CURVE('',#3244,#3245,#2857,.T.);
#3976=EDGE_CURVE('',#3246,#3244,#1454,.T.);
#3977=EDGE_CURVE('',#3246,#3247,#2858,.T.);
#3978=EDGE_CURVE('',#3247,#3245,#1455,.F.);
#3979=EDGE_CURVE('',#3248,#3249,#2859,.T.);
#3980=EDGE_CURVE('',#3248,#3250,#1456,.T.);
#3981=EDGE_CURVE('',#3251,#3250,#2860,.F.);
#3982=EDGE_CURVE('',#3251,#3249,#1457,.T.);
#3983=EDGE_CURVE('',#3246,#3248,#1458,.T.);
#3984=EDGE_CURVE('',#3252,#3246,#1459,.T.);
#3985=EDGE_CURVE('',#3252,#3253,#1460,.T.);
#3986=EDGE_CURVE('',#3253,#3254,#1461,.T.);
#3987=EDGE_CURVE('',#3254,#3248,#1462,.T.);
#3988=EDGE_CURVE('',#3255,#3256,#1463,.T.);
#3989=EDGE_CURVE('',#3256,#3257,#2861,.T.);
#3990=EDGE_CURVE('',#3257,#3258,#1464,.T.);
#3991=EDGE_CURVE('',#3258,#3231,#1465,.T.);
#3992=EDGE_CURVE('',#3231,#3228,#1466,.T.);
#3993=EDGE_CURVE('',#3259,#3228,#1467,.T.);
#3994=EDGE_CURVE('',#3260,#3259,#2862,.T.);
#3995=EDGE_CURVE('',#3261,#3260,#1468,.T.);
#3996=EDGE_CURVE('',#3262,#3261,#2863,.T.);
#3997=EDGE_CURVE('',#3233,#3262,#1469,.T.);
#3998=EDGE_CURVE('',#3233,#3234,#1470,.T.);
#3999=EDGE_CURVE('',#3234,#3255,#1471,.T.);
#4000=EDGE_CURVE('',#3263,#3264,#2864,.T.);
#4001=EDGE_CURVE('',#3264,#3265,#1472,.T.);
#4002=EDGE_CURVE('',#3265,#3227,#1473,.T.);
#4003=EDGE_CURVE('',#3227,#3224,#1474,.T.);
#4004=EDGE_CURVE('',#3266,#3224,#1475,.T.);
#4005=EDGE_CURVE('',#3267,#3266,#2865,.T.);
#4006=EDGE_CURVE('',#3268,#3267,#1476,.T.);
#4007=EDGE_CURVE('',#3269,#3268,#2866,.T.);
#4008=EDGE_CURVE('',#3237,#3269,#1477,.T.);
#4009=EDGE_CURVE('',#3237,#3238,#1478,.T.);
#4010=EDGE_CURVE('',#3238,#3270,#1479,.T.);
#4011=EDGE_CURVE('',#3270,#3263,#1480,.T.);
#4012=EDGE_CURVE('',#3271,#3272,#1481,.T.);
#4013=EDGE_CURVE('',#3271,#3270,#1482,.T.);
#4014=EDGE_CURVE('',#3258,#3270,#1483,.T.);
#4015=EDGE_CURVE('',#3258,#3272,#1484,.T.);
#4016=EDGE_CURVE('',#3273,#3274,#1485,.T.);
#4017=EDGE_CURVE('',#3273,#3275,#1486,.T.);
#4018=EDGE_CURVE('',#3275,#3276,#1487,.T.);
#4019=EDGE_CURVE('',#3276,#3277,#1488,.T.);
#4020=EDGE_CURVE('',#3274,#3277,#1489,.T.);
#4021=EDGE_CURVE('',#3278,#3244,#1490,.T.);
#4022=EDGE_CURVE('',#3278,#3252,#1491,.F.);
#4023=EDGE_CURVE('',#3279,#3254,#1492,.T.);
#4024=EDGE_CURVE('',#3250,#3279,#1493,.F.);
#4025=EDGE_CURVE('',#3280,#3253,#1494,.T.);
#4026=EDGE_CURVE('',#3279,#3280,#1495,.F.);
#4027=EDGE_CURVE('',#3280,#3278,#1496,.F.);
#4028=EDGE_CURVE('',#3236,#3237,#1497,.T.);
#4029=EDGE_CURVE('',#3236,#3239,#2867,.T.);
#4030=EDGE_CURVE('',#3232,#3233,#1498,.T.);
#4031=EDGE_CURVE('',#3232,#3235,#2868,.T.);
#4032=EDGE_CURVE('',#3262,#3281,#1499,.T.);
#4033=EDGE_CURVE('',#3232,#3281,#1500,.T.);
#4034=EDGE_CURVE('',#3261,#3282,#1501,.T.);
#4035=EDGE_CURVE('',#3281,#3282,#2869,.T.);
#4036=EDGE_CURVE('',#3260,#3283,#1502,.T.);
#4037=EDGE_CURVE('',#3282,#3283,#1503,.T.);
#4038=EDGE_CURVE('',#3259,#3284,#1504,.T.);
#4039=EDGE_CURVE('',#3283,#3284,#2870,.T.);
#4040=EDGE_CURVE('',#3228,#3229,#1505,.T.);
#4041=EDGE_CURVE('',#3284,#3229,#1506,.T.);
#4042=EDGE_CURVE('',#3230,#3229,#2871,.T.);
#4043=EDGE_CURVE('',#3258,#3285,#1507,.T.);
#4044=EDGE_CURVE('',#3257,#3286,#1508,.T.);
#4045=EDGE_CURVE('',#3285,#3286,#1509,.F.);
#4046=EDGE_CURVE('',#3286,#3287,#2872,.F.);
#4047=EDGE_CURVE('',#3256,#3287,#1510,.T.);
#4048=EDGE_CURVE('',#3288,#3255,#1511,.T.);
#4049=EDGE_CURVE('',#3287,#3288,#1512,.F.);
#4050=EDGE_CURVE('',#3289,#3270,#1513,.T.);
#4051=EDGE_CURVE('',#3290,#3289,#1514,.F.);
#4052=EDGE_CURVE('',#3263,#3290,#1515,.T.);
#4053=EDGE_CURVE('',#3269,#3291,#1516,.T.);
#4054=EDGE_CURVE('',#3236,#3291,#1517,.T.);
#4055=EDGE_CURVE('',#3268,#3292,#1518,.T.);
#4056=EDGE_CURVE('',#3291,#3292,#2873,.T.);
#4057=EDGE_CURVE('',#3267,#3293,#1519,.T.);
#4058=EDGE_CURVE('',#3292,#3293,#1520,.T.);
#4059=EDGE_CURVE('',#3266,#3294,#1521,.T.);
#4060=EDGE_CURVE('',#3293,#3294,#2874,.T.);
#4061=EDGE_CURVE('',#3224,#3225,#1522,.T.);
#4062=EDGE_CURVE('',#3294,#3225,#1523,.T.);
#4063=EDGE_CURVE('',#3226,#3225,#2875,.T.);
#4064=EDGE_CURVE('',#3265,#3295,#1524,.T.);
#4065=EDGE_CURVE('',#3264,#3296,#1525,.T.);
#4066=EDGE_CURVE('',#3295,#3296,#1526,.F.);
#4067=EDGE_CURVE('',#3296,#3290,#2876,.F.);
#4068=EDGE_CURVE('',#3272,#3285,#2877,.T.);
#4069=EDGE_CURVE('',#3289,#3271,#2878,.F.);
#4070=EDGE_CURVE('',#3273,#3297,#1527,.T.);
#4071=EDGE_CURVE('',#3298,#3297,#1528,.F.);
#4072=EDGE_CURVE('',#3298,#3275,#1529,.T.);
#4073=EDGE_CURVE('',#3274,#3299,#1530,.T.);
#4074=EDGE_CURVE('',#3277,#3300,#1531,.F.);
#4075=EDGE_CURVE('',#3299,#3300,#1532,.T.);
#4076=EDGE_CURVE('',#3301,#3276,#1533,.T.);
#4077=EDGE_CURVE('',#3300,#3301,#1534,.F.);
#4078=EDGE_CURVE('',#3301,#3298,#1535,.F.);
#4079=EDGE_CURVE('',#3289,#3239,#1536,.T.);
#4080=EDGE_CURVE('',#3226,#3295,#1537,.T.);
#4081=EDGE_CURVE('',#3288,#3235,#1538,.T.);
#4082=EDGE_CURVE('',#3230,#3285,#1539,.T.);
#4083=EDGE_CURVE('',#3244,#3250,#1540,.T.);
#4084=EDGE_CURVE('',#3297,#3299,#1541,.T.);
#4085=EDGE_CURVE('',#3302,#3303,#1542,.T.);
#4086=EDGE_CURVE('',#3302,#3255,#1543,.T.);
#4087=EDGE_CURVE('',#3265,#3255,#1544,.T.);
#4088=EDGE_CURVE('',#3265,#3303,#1545,.T.);
#4089=EDGE_CURVE('',#3288,#3302,#2879,.F.);
#4090=EDGE_CURVE('',#3303,#3295,#2880,.T.);
#4091=EDGE_CURVE('',#3304,#3305,#2881,.T.);
#4092=EDGE_CURVE('',#3306,#3304,#1546,.T.);
#4093=EDGE_CURVE('',#3306,#3307,#2882,.T.);
#4094=EDGE_CURVE('',#3307,#3305,#1547,.T.);
#4095=EDGE_CURVE('',#3308,#3309,#2883,.T.);
#4096=EDGE_CURVE('',#3308,#3310,#1548,.T.);
#4097=EDGE_CURVE('',#3311,#3310,#2884,.F.);
#4098=EDGE_CURVE('',#3309,#3311,#1549,.T.);
#4099=EDGE_CURVE('',#3306,#3308,#1550,.T.);
#4100=EDGE_CURVE('',#3312,#3306,#1551,.T.);
#4101=EDGE_CURVE('',#3312,#3313,#1552,.T.);
#4102=EDGE_CURVE('',#3313,#3314,#1553,.T.);
#4103=EDGE_CURVE('',#3314,#3308,#1554,.T.);
#4104=EDGE_CURVE('',#3315,#3316,#2885,.F.);
#4105=EDGE_CURVE('',#3317,#3315,#1555,.T.);
#4106=EDGE_CURVE('',#3318,#3317,#2886,.T.);
#4107=EDGE_CURVE('',#3318,#3316,#1556,.T.);
#4108=EDGE_CURVE('',#3319,#3320,#2887,.T.);
#4109=EDGE_CURVE('',#3320,#3321,#1557,.T.);
#4110=EDGE_CURVE('',#3322,#3321,#2888,.T.);
#4111=EDGE_CURVE('',#3322,#3319,#1558,.F.);
#4112=EDGE_CURVE('',#3317,#3320,#1559,.T.);
#4113=EDGE_CURVE('',#3317,#3323,#1560,.T.);
#4114=EDGE_CURVE('',#3323,#3324,#1561,.T.);
#4115=EDGE_CURVE('',#3324,#3325,#1562,.T.);
#4116=EDGE_CURVE('',#3320,#3325,#1563,.T.);
#4117=EDGE_CURVE('',#3326,#3304,#1564,.T.);
#4118=EDGE_CURVE('',#3326,#3312,#1565,.F.);
#4119=EDGE_CURVE('',#3314,#3327,#1566,.T.);
#4120=EDGE_CURVE('',#3310,#3327,#1567,.F.);
#4121=EDGE_CURVE('',#3313,#3328,#1568,.T.);
#4122=EDGE_CURVE('',#3327,#3328,#1569,.F.);
#4123=EDGE_CURVE('',#3328,#3326,#1570,.F.);
#4124=EDGE_CURVE('',#3329,#3315,#1571,.F.);
#4125=EDGE_CURVE('',#3323,#3329,#1572,.T.);
#4126=EDGE_CURVE('',#3325,#3330,#1573,.F.);
#4127=EDGE_CURVE('',#3321,#3330,#1574,.T.);
#4128=EDGE_CURVE('',#3324,#3331,#1575,.T.);
#4129=EDGE_CURVE('',#3330,#3331,#1576,.F.);
#4130=EDGE_CURVE('',#3331,#3329,#1577,.F.);
#4131=EDGE_CURVE('',#3304,#3310,#1578,.T.);
#4132=EDGE_CURVE('',#3315,#3321,#1579,.T.);
#4133=EDGE_CURVE('',#3332,#3274,#2889,.T.);
#4134=EDGE_CURVE('',#3333,#3299,#2890,.T.);
#4135=EDGE_CURVE('',#3333,#3332,#1580,.T.);
#4136=EDGE_CURVE('',#3297,#3334,#2891,.F.);
#4137=EDGE_CURVE('',#3335,#3273,#2892,.T.);
#4138=EDGE_CURVE('',#3334,#3335,#1581,.T.);
#4139=EDGE_CURVE('',#3336,#3337,#1582,.T.);
#4140=EDGE_CURVE('',#3337,#3338,#1583,.F.);
#4141=EDGE_CURVE('',#3338,#3339,#1584,.F.);
#4142=EDGE_CURVE('',#3339,#3340,#1585,.F.);
#4143=EDGE_CURVE('',#3340,#3341,#2893,.F.);
#4144=EDGE_CURVE('',#3342,#3341,#1586,.T.);
#4145=EDGE_CURVE('',#3342,#3343,#2894,.F.);
#4146=EDGE_CURVE('',#3343,#3344,#1587,.T.);
#4147=EDGE_CURVE('',#3344,#3241,#1588,.T.);
#4148=EDGE_CURVE('',#3241,#3345,#1589,.T.);
#4149=EDGE_CURVE('',#3345,#3346,#2895,.F.);
#4150=EDGE_CURVE('',#3347,#3346,#1590,.T.);
#4151=EDGE_CURVE('',#3347,#3348,#2896,.F.);
#4152=EDGE_CURVE('',#3348,#3349,#1591,.F.);
#4153=EDGE_CURVE('',#3349,#3350,#1592,.F.);
#4154=EDGE_CURVE('',#3350,#3336,#1593,.F.);
#4155=EDGE_CURVE('',#3351,#3352,#1594,.T.);
#4156=EDGE_CURVE('',#3353,#3351,#2897,.T.);
#4157=EDGE_CURVE('',#3354,#3353,#1595,.T.);
#4158=EDGE_CURVE('',#3352,#3354,#2898,.T.);
#4159=EDGE_CURVE('',#3355,#3356,#1596,.T.);
#4160=EDGE_CURVE('',#3356,#3357,#1597,.T.);
#4161=EDGE_CURVE('',#3357,#3358,#1598,.T.);
#4162=EDGE_CURVE('',#3358,#3359,#1599,.T.);
#4163=EDGE_CURVE('',#3359,#3360,#2899,.T.);
#4164=EDGE_CURVE('',#3360,#3361,#1600,.T.);
#4165=EDGE_CURVE('',#3361,#3362,#2900,.T.);
#4166=EDGE_CURVE('',#3240,#3362,#1601,.T.);
#4167=EDGE_CURVE('',#3363,#3240,#1602,.T.);
#4168=EDGE_CURVE('',#3364,#3363,#1603,.T.);
#4169=EDGE_CURVE('',#3364,#3365,#2901,.T.);
#4170=EDGE_CURVE('',#3365,#3366,#1604,.T.);
#4171=EDGE_CURVE('',#3366,#3367,#2902,.T.);
#4172=EDGE_CURVE('',#3367,#3368,#1605,.T.);
#4173=EDGE_CURVE('',#3368,#3369,#1606,.T.);
#4174=EDGE_CURVE('',#3369,#3355,#1607,.T.);
#4175=EDGE_CURVE('',#3370,#3371,#2903,.T.);
#4176=EDGE_CURVE('',#3371,#3372,#1608,.T.);
#4177=EDGE_CURVE('',#3372,#3373,#2904,.T.);
#4178=EDGE_CURVE('',#3373,#3370,#1609,.T.);
#4179=EDGE_CURVE('',#3337,#3355,#1610,.T.);
#4180=EDGE_CURVE('',#3369,#3338,#1611,.T.);
#4181=EDGE_CURVE('',#3356,#3336,#1612,.T.);
#4182=EDGE_CURVE('',#3357,#3350,#1613,.T.);
#4183=EDGE_CURVE('',#3368,#3339,#1614,.T.);
#4184=EDGE_CURVE('',#3367,#3340,#1615,.T.);
#4185=EDGE_CURVE('',#3366,#3341,#1616,.T.);
#4186=EDGE_CURVE('',#3305,#3342,#61,.F.);
#4187=EDGE_CURVE('',#3341,#3311,#62,.F.);
#4188=EDGE_CURVE('',#3365,#3342,#1617,.T.);
#4189=EDGE_CURVE('',#3343,#3364,#1618,.F.);
#4190=EDGE_CURVE('',#3363,#3344,#1619,.T.);
#4191=EDGE_CURVE('',#3344,#3232,#2905,.T.);
#4192=EDGE_CURVE('',#3362,#3345,#1620,.T.);
#4193=EDGE_CURVE('',#3361,#3346,#1621,.T.);
#4194=EDGE_CURVE('',#3316,#3347,#63,.F.);
#4195=EDGE_CURVE('',#3346,#3322,#64,.F.);
#4196=EDGE_CURVE('',#3360,#3347,#1622,.T.);
#4197=EDGE_CURVE('',#3359,#3348,#1623,.T.);
#4198=EDGE_CURVE('',#3358,#3349,#1624,.T.);
#4199=EDGE_CURVE('',#3319,#3361,#65,.T.);
#4200=EDGE_CURVE('',#3360,#3318,#66,.T.);
#4201=EDGE_CURVE('',#3363,#3234,#2906,.T.);
#4202=EDGE_CURVE('',#3309,#3366,#67,.T.);
#4203=EDGE_CURVE('',#3365,#3307,#68,.T.);
#4204=EDGE_CURVE('',#3336,#3374,#2907,.T.);
#4205=EDGE_CURVE('',#3374,#3375,#1625,.T.);
#4206=EDGE_CURVE('',#3337,#3375,#2908,.T.);
#4207=EDGE_CURVE('',#3374,#3376,#1626,.T.);
#4208=EDGE_CURVE('',#3376,#3377,#1627,.T.);
#4209=EDGE_CURVE('',#3375,#3377,#1628,.T.);
#4210=EDGE_CURVE('',#3376,#3378,#2909,.T.);
#4211=EDGE_CURVE('',#3378,#3379,#1629,.T.);
#4212=EDGE_CURVE('',#3377,#3379,#2910,.T.);
#4213=EDGE_CURVE('',#3379,#3380,#1630,.T.);
#4214=EDGE_CURVE('',#3378,#3381,#1631,.T.);
#4215=EDGE_CURVE('',#3380,#3381,#2911,.F.);
#4216=EDGE_CURVE('',#3382,#3383,#2912,.F.);
#4217=EDGE_CURVE('',#3382,#3384,#1632,.T.);
#4218=EDGE_CURVE('',#3384,#3385,#1633,.T.);
#4219=EDGE_CURVE('',#3383,#3385,#1634,.T.);
#4220=EDGE_CURVE('',#3384,#3386,#2913,.T.);
#4221=EDGE_CURVE('',#3386,#3387,#1635,.T.);
#4222=EDGE_CURVE('',#3385,#3387,#2914,.T.);
#4223=EDGE_CURVE('',#3386,#3388,#1636,.T.);
#4224=EDGE_CURVE('',#3388,#3389,#1637,.T.);
#4225=EDGE_CURVE('',#3387,#3389,#1638,.T.);
#4226=EDGE_CURVE('',#3388,#3356,#2915,.T.);
#4227=EDGE_CURVE('',#3389,#3355,#2916,.T.);
#4228=EDGE_CURVE('',#3380,#3383,#1639,.T.);
#4229=EDGE_CURVE('',#3385,#3379,#1640,.T.);
#4230=EDGE_CURVE('',#3384,#3378,#1641,.T.);
#4231=EDGE_CURVE('',#3376,#3386,#1642,.T.);
#4232=EDGE_CURVE('',#3381,#3382,#1643,.T.);
#4233=EDGE_CURVE('',#3388,#3374,#1644,.T.);
#4234=EDGE_CURVE('',#3377,#3387,#1645,.T.);
#4235=EDGE_CURVE('',#3389,#3375,#1646,.T.);
#4236=EDGE_CURVE('',#3390,#3391,#1647,.T.);
#4237=EDGE_CURVE('',#3391,#3392,#1648,.F.);
#4238=EDGE_CURVE('',#3392,#3393,#1649,.F.);
#4239=EDGE_CURVE('',#3393,#3394,#1650,.F.);
#4240=EDGE_CURVE('',#3394,#3395,#2917,.T.);
#4241=EDGE_CURVE('',#3396,#3395,#1651,.T.);
#4242=EDGE_CURVE('',#3396,#3397,#2918,.T.);
#4243=EDGE_CURVE('',#3397,#3398,#1652,.T.);
#4244=EDGE_CURVE('',#3398,#3243,#1653,.T.);
#4245=EDGE_CURVE('',#3243,#3399,#1654,.T.);
#4246=EDGE_CURVE('',#3399,#3400,#2919,.T.);
#4247=EDGE_CURVE('',#3401,#3400,#1655,.T.);
#4248=EDGE_CURVE('',#3401,#3402,#2920,.T.);
#4249=EDGE_CURVE('',#3402,#3403,#1656,.F.);
#4250=EDGE_CURVE('',#3403,#3404,#1657,.F.);
#4251=EDGE_CURVE('',#3404,#3390,#1658,.F.);
#4252=EDGE_CURVE('',#3405,#3406,#1659,.T.);
#4253=EDGE_CURVE('',#3407,#3405,#2921,.T.);
#4254=EDGE_CURVE('',#3408,#3407,#1660,.T.);
#4255=EDGE_CURVE('',#3406,#3408,#2922,.T.);
#4256=EDGE_CURVE('',#3409,#3410,#1661,.T.);
#4257=EDGE_CURVE('',#3410,#3411,#1662,.T.);
#4258=EDGE_CURVE('',#3411,#3412,#1663,.T.);
#4259=EDGE_CURVE('',#3412,#3413,#1664,.T.);
#4260=EDGE_CURVE('',#3413,#3414,#2923,.F.);
#4261=EDGE_CURVE('',#3414,#3415,#1665,.T.);
#4262=EDGE_CURVE('',#3415,#3416,#2924,.F.);
#4263=EDGE_CURVE('',#3242,#3416,#1666,.T.);
#4264=EDGE_CURVE('',#3417,#3242,#1667,.T.);
#4265=EDGE_CURVE('',#3418,#3417,#1668,.T.);
#4266=EDGE_CURVE('',#3418,#3419,#2925,.F.);
#4267=EDGE_CURVE('',#3419,#3420,#1669,.T.);
#4268=EDGE_CURVE('',#3420,#3421,#2926,.F.);
#4269=EDGE_CURVE('',#3421,#3422,#1670,.T.);
#4270=EDGE_CURVE('',#3422,#3423,#1671,.T.);
#4271=EDGE_CURVE('',#3423,#3409,#1672,.T.);
#4272=EDGE_CURVE('',#3424,#3425,#2927,.T.);
#4273=EDGE_CURVE('',#3425,#3426,#1673,.T.);
#4274=EDGE_CURVE('',#3426,#3427,#2928,.T.);
#4275=EDGE_CURVE('',#3427,#3424,#1674,.T.);
#4276=EDGE_CURVE('',#3391,#3409,#1675,.T.);
#4277=EDGE_CURVE('',#3392,#3423,#1676,.T.);
#4278=EDGE_CURVE('',#3410,#3390,#1677,.T.);
#4279=EDGE_CURVE('',#3404,#3411,#1678,.T.);
#4280=EDGE_CURVE('',#3393,#3422,#1679,.T.);
#4281=EDGE_CURVE('',#3394,#3421,#1680,.T.);
#4282=EDGE_CURVE('',#3420,#3395,#1681,.T.);
#4283=EDGE_CURVE('',#3245,#3396,#69,.T.);
#4284=EDGE_CURVE('',#3395,#3251,#70,.T.);
#4285=EDGE_CURVE('',#3419,#3396,#1682,.T.);
#4286=EDGE_CURVE('',#3397,#3418,#1683,.T.);
#4287=EDGE_CURVE('',#3417,#3398,#1684,.T.);
#4288=EDGE_CURVE('',#3398,#3236,#2929,.T.);
#4289=EDGE_CURVE('',#3416,#3399,#1685,.F.);
#4290=EDGE_CURVE('',#3415,#3400,#1686,.T.);
#4291=EDGE_CURVE('',#3334,#3401,#71,.T.);
#4292=EDGE_CURVE('',#3400,#3333,#72,.T.);
#4293=EDGE_CURVE('',#3414,#3401,#1687,.T.);
#4294=EDGE_CURVE('',#3402,#3413,#1688,.T.);
#4295=EDGE_CURVE('',#3403,#3412,#1689,.T.);
#4296=EDGE_CURVE('',#3332,#3415,#73,.F.);
#4297=EDGE_CURVE('',#3414,#3335,#74,.F.);
#4298=EDGE_CURVE('',#3417,#3238,#2930,.T.);
#4299=EDGE_CURVE('',#3249,#3420,#75,.F.);
#4300=EDGE_CURVE('',#3419,#3247,#76,.F.);
#4301=EDGE_CURVE('',#3390,#3428,#2931,.T.);
#4302=EDGE_CURVE('',#3428,#3429,#1690,.T.);
#4303=EDGE_CURVE('',#3391,#3429,#2932,.T.);
#4304=EDGE_CURVE('',#3428,#3430,#1691,.T.);
#4305=EDGE_CURVE('',#3430,#3431,#1692,.T.);
#4306=EDGE_CURVE('',#3429,#3431,#1693,.T.);
#4307=EDGE_CURVE('',#3430,#3432,#2933,.T.);
#4308=EDGE_CURVE('',#3432,#3433,#1694,.T.);
#4309=EDGE_CURVE('',#3431,#3433,#2934,.T.);
#4310=EDGE_CURVE('',#3433,#3434,#1695,.T.);
#4311=EDGE_CURVE('',#3432,#3435,#1696,.T.);
#4312=EDGE_CURVE('',#3434,#3435,#2935,.F.);
#4313=EDGE_CURVE('',#3436,#3437,#2936,.F.);
#4314=EDGE_CURVE('',#3436,#3438,#1697,.T.);
#4315=EDGE_CURVE('',#3438,#3439,#1698,.T.);
#4316=EDGE_CURVE('',#3437,#3439,#1699,.T.);
#4317=EDGE_CURVE('',#3438,#3440,#2937,.T.);
#4318=EDGE_CURVE('',#3440,#3441,#1700,.T.);
#4319=EDGE_CURVE('',#3439,#3441,#2938,.T.);
#4320=EDGE_CURVE('',#3440,#3442,#1701,.T.);
#4321=EDGE_CURVE('',#3442,#3443,#1702,.T.);
#4322=EDGE_CURVE('',#3441,#3443,#1703,.T.);
#4323=EDGE_CURVE('',#3442,#3410,#2939,.T.);
#4324=EDGE_CURVE('',#3443,#3409,#2940,.T.);
#4325=EDGE_CURVE('',#3434,#3437,#1704,.T.);
#4326=EDGE_CURVE('',#3439,#3433,#1705,.T.);
#4327=EDGE_CURVE('',#3438,#3432,#1706,.T.);
#4328=EDGE_CURVE('',#3430,#3440,#1707,.T.);
#4329=EDGE_CURVE('',#3435,#3436,#1708,.T.);
#4330=EDGE_CURVE('',#3442,#3428,#1709,.T.);
#4331=EDGE_CURVE('',#3431,#3441,#1710,.T.);
#4332=EDGE_CURVE('',#3443,#3429,#1711,.T.);
#4333=EDGE_CURVE('',#3444,#3445,#1712,.T.);
#4334=EDGE_CURVE('',#3445,#3446,#2941,.T.);
#4335=EDGE_CURVE('',#3446,#3447,#1713,.T.);
#4336=EDGE_CURVE('',#3447,#3444,#2942,.T.);
#4337=EDGE_CURVE('',#3354,#3444,#2943,.F.);
#4338=EDGE_CURVE('',#3353,#3445,#2944,.F.);
#4339=EDGE_CURVE('',#3351,#3446,#2945,.F.);
#4340=EDGE_CURVE('',#3352,#3447,#2946,.F.);
#4341=EDGE_CURVE('',#3371,#3448,#1714,.T.);
#4342=EDGE_CURVE('',#3370,#3449,#1715,.T.);
#4343=EDGE_CURVE('',#3449,#3448,#2947,.T.);
#4344=EDGE_CURVE('',#3372,#3450,#1716,.T.);
#4345=EDGE_CURVE('',#3448,#3450,#1717,.T.);
#4346=EDGE_CURVE('',#3373,#3451,#1718,.T.);
#4347=EDGE_CURVE('',#3450,#3451,#2948,.T.);
#4348=EDGE_CURVE('',#3451,#3449,#1719,.T.);
#4349=EDGE_CURVE('',#3452,#3453,#2949,.T.);
#4350=EDGE_CURVE('',#3454,#3452,#1720,.T.);
#4351=EDGE_CURVE('',#3455,#3454,#2950,.T.);
#4352=EDGE_CURVE('',#3453,#3455,#1721,.T.);
#4353=EDGE_CURVE('',#3448,#3453,#2951,.T.);
#4354=EDGE_CURVE('',#3450,#3455,#2952,.T.);
#4355=EDGE_CURVE('',#3451,#3454,#2953,.T.);
#4356=EDGE_CURVE('',#3449,#3452,#2954,.T.);
#4357=EDGE_CURVE('',#3456,#3457,#1722,.T.);
#4358=EDGE_CURVE('',#3457,#3458,#2955,.T.);
#4359=EDGE_CURVE('',#3458,#3459,#1723,.T.);
#4360=EDGE_CURVE('',#3459,#3456,#2956,.T.);
#4361=EDGE_CURVE('',#3408,#3456,#2957,.F.);
#4362=EDGE_CURVE('',#3407,#3457,#2958,.F.);
#4363=EDGE_CURVE('',#3405,#3458,#2959,.F.);
#4364=EDGE_CURVE('',#3406,#3459,#2960,.F.);
#4365=EDGE_CURVE('',#3425,#3460,#1724,.T.);
#4366=EDGE_CURVE('',#3424,#3461,#1725,.T.);
#4367=EDGE_CURVE('',#3461,#3460,#2961,.T.);
#4368=EDGE_CURVE('',#3426,#3462,#1726,.T.);
#4369=EDGE_CURVE('',#3460,#3462,#1727,.T.);
#4370=EDGE_CURVE('',#3427,#3463,#1728,.T.);
#4371=EDGE_CURVE('',#3462,#3463,#2962,.T.);
#4372=EDGE_CURVE('',#3463,#3461,#1729,.T.);
#4373=EDGE_CURVE('',#3464,#3465,#2963,.T.);
#4374=EDGE_CURVE('',#3466,#3464,#1730,.T.);
#4375=EDGE_CURVE('',#3467,#3466,#2964,.T.);
#4376=EDGE_CURVE('',#3465,#3467,#1731,.T.);
#4377=EDGE_CURVE('',#3460,#3465,#2965,.T.);
#4378=EDGE_CURVE('',#3462,#3467,#2966,.T.);
#4379=EDGE_CURVE('',#3463,#3466,#2967,.T.);
#4380=EDGE_CURVE('',#3461,#3464,#2968,.T.);
#4381=EDGE_CURVE('',#3468,#3469,#1732,.F.);
#4382=EDGE_CURVE('',#3469,#3470,#2969,.T.);
#4383=EDGE_CURVE('',#3470,#3471,#2970,.T.);
#4384=EDGE_CURVE('',#3471,#3472,#1733,.T.);
#4385=EDGE_CURVE('',#3473,#3472,#1734,.T.);
#4386=EDGE_CURVE('',#3474,#3473,#1735,.T.);
#4387=EDGE_CURVE('',#3475,#3474,#1736,.T.);
#4388=EDGE_CURVE('',#3476,#3475,#1737,.T.);
#4389=EDGE_CURVE('',#3477,#3476,#1738,.T.);
#4390=EDGE_CURVE('',#3478,#3477,#1739,.T.);
#4391=EDGE_CURVE('',#3479,#3478,#1740,.T.);
#4392=EDGE_CURVE('',#3480,#3479,#1741,.T.);
#4393=EDGE_CURVE('',#3481,#3480,#1742,.T.);
#4394=EDGE_CURVE('',#3482,#3481,#1743,.T.);
#4395=EDGE_CURVE('',#3468,#3482,#1744,.T.);
#4396=EDGE_CURVE('',#3469,#3471,#2971,.T.);
#4397=EDGE_CURVE('',#3472,#3468,#2972,.T.);
#4398=EDGE_CURVE('',#3473,#3483,#2973,.T.);
#4399=EDGE_CURVE('',#3483,#3484,#1745,.T.);
#4400=EDGE_CURVE('',#3485,#3484,#1746,.T.);
#4401=EDGE_CURVE('',#3486,#3485,#1747,.T.);
#4402=EDGE_CURVE('',#3487,#3486,#2974,.T.);
#4403=EDGE_CURVE('',#3488,#3487,#1748,.T.);
#4404=EDGE_CURVE('',#3474,#3488,#1749,.T.);
#4405=EDGE_CURVE('',#3481,#3489,#1750,.T.);
#4406=EDGE_CURVE('',#3490,#3489,#1751,.T.);
#4407=EDGE_CURVE('',#3490,#3491,#2975,.T.);
#4408=EDGE_CURVE('',#3491,#3492,#1752,.T.);
#4409=EDGE_CURVE('',#3493,#3492,#1753,.T.);
#4410=EDGE_CURVE('',#3494,#3493,#1754,.T.);
#4411=EDGE_CURVE('',#3482,#3494,#2976,.T.);
#4412=EDGE_CURVE('',#3495,#3496,#1755,.F.);
#4413=EDGE_CURVE('',#3490,#3495,#1756,.T.);
#4414=EDGE_CURVE('',#3489,#3497,#1757,.T.);
#4415=EDGE_CURVE('',#3497,#3498,#1758,.T.);
#4416=EDGE_CURVE('',#3498,#3499,#1759,.T.);
#4417=EDGE_CURVE('',#3499,#3500,#1760,.T.);
#4418=EDGE_CURVE('',#3500,#3501,#1761,.T.);
#4419=EDGE_CURVE('',#3501,#3502,#1762,.T.);
#4420=EDGE_CURVE('',#3502,#3488,#1763,.T.);
#4421=EDGE_CURVE('',#3503,#3487,#1764,.T.);
#4422=EDGE_CURVE('',#3504,#3503,#1765,.T.);
#4423=EDGE_CURVE('',#3496,#3504,#2977,.T.);
#4424=EDGE_CURVE('',#3496,#3504,#2978,.T.);
#4425=EDGE_CURVE('',#3495,#3503,#2979,.T.);
#4426=EDGE_CURVE('',#3505,#3470,#2980,.T.);
#4427=EDGE_CURVE('',#3472,#3506,#2981,.T.);
#4428=EDGE_CURVE('',#3483,#3506,#1766,.T.);
#4429=EDGE_CURVE('',#3475,#3502,#1767,.T.);
#4430=EDGE_CURVE('',#3476,#3501,#1768,.T.);
#4431=EDGE_CURVE('',#3477,#3500,#1769,.T.);
#4432=EDGE_CURVE('',#3478,#3499,#1770,.T.);
#4433=EDGE_CURVE('',#3479,#3498,#1771,.T.);
#4434=EDGE_CURVE('',#3480,#3497,#1772,.T.);
#4435=EDGE_CURVE('',#3507,#3494,#1773,.T.);
#4436=EDGE_CURVE('',#3468,#3507,#2982,.T.);
#4437=EDGE_CURVE('',#3506,#3507,#2983,.T.);
#4438=EDGE_CURVE('',#3506,#3508,#1774,.T.);
#4439=EDGE_CURVE('',#3484,#3508,#1775,.T.);
#4440=EDGE_CURVE('',#3508,#3509,#2984,.T.);
#4441=EDGE_CURVE('',#3509,#3493,#1776,.T.);
#4442=EDGE_CURVE('',#3492,#3510,#1777,.T.);
#4443=EDGE_CURVE('',#3510,#3511,#2985,.T.);
#4444=EDGE_CURVE('',#3511,#3485,#1778,.T.);
#4445=EDGE_CURVE('',#3512,#3486,#1779,.T.);
#4446=EDGE_CURVE('',#3512,#3511,#1780,.T.);
#4447=EDGE_CURVE('',#3503,#3512,#2986,.T.);
#4448=EDGE_CURVE('',#3495,#3513,#2987,.T.);
#4449=EDGE_CURVE('',#3491,#3513,#1781,.T.);
#4450=EDGE_CURVE('',#3513,#3510,#1782,.T.);
#4451=EDGE_CURVE('',#3507,#3509,#1783,.T.);
#4452=EDGE_CURVE('',#3513,#3512,#2988,.T.);
#4453=EDGE_CURVE('',#3514,#3515,#1784,.T.);
#4454=EDGE_CURVE('',#3515,#3516,#2989,.T.);
#4455=EDGE_CURVE('',#3516,#3517,#1785,.T.);
#4456=EDGE_CURVE('',#3517,#3518,#1786,.T.);
#4457=EDGE_CURVE('',#3518,#3519,#1787,.T.);
#4458=EDGE_CURVE('',#3519,#3520,#1788,.T.);
#4459=EDGE_CURVE('',#3520,#3521,#1789,.T.);
#4460=EDGE_CURVE('',#3522,#3521,#1790,.T.);
#4461=EDGE_CURVE('',#3514,#3522,#1791,.T.);
#4462=EDGE_CURVE('',#3515,#3523,#1792,.F.);
#4463=EDGE_CURVE('',#3524,#3514,#2990,.T.);
#4464=EDGE_CURVE('',#3524,#3525,#1793,.T.);
#4465=EDGE_CURVE('',#3526,#3525,#1794,.T.);
#4466=EDGE_CURVE('',#3527,#3526,#1795,.T.);
#4467=EDGE_CURVE('',#3527,#3528,#2991,.T.);
#4468=EDGE_CURVE('',#3528,#3523,#1796,.T.);
#4469=EDGE_CURVE('',#3523,#3529,#2992,.T.);
#4470=EDGE_CURVE('',#3529,#3516,#1797,.T.);
#4471=EDGE_CURVE('',#3529,#3530,#1798,.T.);
#4472=EDGE_CURVE('',#3530,#3517,#1799,.T.);
#4473=EDGE_CURVE('',#3530,#3531,#1800,.T.);
#4474=EDGE_CURVE('',#3531,#3518,#1801,.T.);
#4475=EDGE_CURVE('',#3532,#3519,#1802,.F.);
#4476=EDGE_CURVE('',#3531,#3532,#1803,.T.);
#4477=EDGE_CURVE('',#3532,#3533,#1804,.T.);
#4478=EDGE_CURVE('',#3533,#3520,#1805,.T.);
#4479=EDGE_CURVE('',#3534,#3535,#1806,.T.);
#4480=EDGE_CURVE('',#3521,#3534,#2993,.T.);
#4481=EDGE_CURVE('',#3536,#3533,#1807,.T.);
#4482=EDGE_CURVE('',#3537,#3536,#2994,.T.);
#4483=EDGE_CURVE('',#3538,#3537,#1808,.T.);
#4484=EDGE_CURVE('',#3535,#3538,#1809,.T.);
#4485=EDGE_CURVE('',#3539,#3534,#1810,.T.);
#4486=EDGE_CURVE('',#3522,#3539,#2995,.T.);
#4487=EDGE_CURVE('',#3540,#3522,#2996,.T.);
#4488=EDGE_CURVE('',#3524,#3540,#1811,.T.);
#4489=EDGE_CURVE('',#3541,#3542,#2997,.T.);
#4490=EDGE_CURVE('',#3542,#3543,#1812,.T.);
#4491=EDGE_CURVE('',#3543,#3544,#1813,.T.);
#4492=EDGE_CURVE('',#3545,#3544,#1814,.T.);
#4493=EDGE_CURVE('',#3546,#3545,#1815,.T.);
#4494=EDGE_CURVE('',#3547,#3546,#1816,.T.);
#4495=EDGE_CURVE('',#3548,#3547,#1817,.T.);
#4496=EDGE_CURVE('',#3549,#3548,#1818,.T.);
#4497=EDGE_CURVE('',#3550,#3549,#1819,.T.);
#4498=EDGE_CURVE('',#3551,#3550,#1820,.T.);
#4499=EDGE_CURVE('',#3525,#3551,#1821,.T.);
#4500=EDGE_CURVE('',#3540,#3541,#1822,.F.);
#4501=EDGE_CURVE('',#3552,#3551,#1823,.T.);
#4502=EDGE_CURVE('',#3526,#3552,#1824,.T.);
#4503=EDGE_CURVE('',#3553,#3527,#1825,.T.);
#4504=EDGE_CURVE('',#3552,#3554,#1826,.T.);
#4505=EDGE_CURVE('',#3554,#3555,#1827,.T.);
#4506=EDGE_CURVE('',#3555,#3556,#1828,.T.);
#4507=EDGE_CURVE('',#3556,#3557,#1829,.T.);
#4508=EDGE_CURVE('',#3557,#3558,#1830,.T.);
#4509=EDGE_CURVE('',#3558,#3559,#1831,.T.);
#4510=EDGE_CURVE('',#3559,#3560,#1832,.T.);
#4511=EDGE_CURVE('',#3560,#3561,#1833,.T.);
#4512=EDGE_CURVE('',#3562,#3561,#1834,.T.);
#4513=EDGE_CURVE('',#3563,#3562,#2998,.T.);
#4514=EDGE_CURVE('',#3553,#3563,#1835,.F.);
#4515=EDGE_CURVE('',#3553,#3564,#2999,.T.);
#4516=EDGE_CURVE('',#3564,#3528,#1836,.T.);
#4517=EDGE_CURVE('',#3564,#3536,#1837,.T.);
#4518=EDGE_CURVE('',#3565,#3535,#1838,.T.);
#4519=EDGE_CURVE('',#3539,#3565,#1839,.T.);
#4520=EDGE_CURVE('',#3566,#3537,#1840,.T.);
#4521=EDGE_CURVE('',#3566,#3564,#3000,.T.);
#4522=EDGE_CURVE('',#3567,#3538,#1841,.T.);
#4523=EDGE_CURVE('',#3567,#3566,#1842,.T.);
#4524=EDGE_CURVE('',#3559,#3545,#1843,.T.);
#4525=EDGE_CURVE('',#3544,#3565,#3001,.T.);
#4526=EDGE_CURVE('',#3560,#3567,#3002,.T.);
#4527=EDGE_CURVE('',#3543,#3539,#3003,.T.);
#4528=EDGE_CURVE('',#3540,#3543,#3004,.T.);
#4529=EDGE_CURVE('',#3541,#3542,#3005,.T.);
#4530=EDGE_CURVE('',#3558,#3546,#1844,.T.);
#4531=EDGE_CURVE('',#3557,#3547,#1845,.T.);
#4532=EDGE_CURVE('',#3556,#3548,#1846,.T.);
#4533=EDGE_CURVE('',#3555,#3549,#1847,.T.);
#4534=EDGE_CURVE('',#3554,#3550,#1848,.T.);
#4535=EDGE_CURVE('',#3561,#3566,#3006,.T.);
#4536=EDGE_CURVE('',#3561,#3553,#3007,.T.);
#4537=EDGE_CURVE('',#3563,#3562,#3008,.T.);
#4538=EDGE_CURVE('',#3568,#3569,#1849,.T.);
#4539=EDGE_CURVE('',#3569,#3570,#1850,.T.);
#4540=EDGE_CURVE('',#3570,#3571,#3009,.T.);
#4541=EDGE_CURVE('',#3571,#3572,#1851,.T.);
#4542=EDGE_CURVE('',#3572,#3573,#1852,.T.);
#4543=EDGE_CURVE('',#3574,#3573,#1853,.T.);
#4544=EDGE_CURVE('',#3574,#3575,#3010,.T.);
#4545=EDGE_CURVE('',#3575,#3568,#1854,.T.);
#4546=EDGE_CURVE('',#3576,#3577,#1855,.T.);
#4547=EDGE_CURVE('',#3577,#3574,#1856,.T.);
#4548=EDGE_CURVE('',#3573,#3578,#1857,.T.);
#4549=EDGE_CURVE('',#3578,#3579,#1858,.T.);
#4550=EDGE_CURVE('',#3579,#3580,#3011,.T.);
#4551=EDGE_CURVE('',#3576,#3580,#1859,.T.);
#4552=EDGE_CURVE('',#3581,#3582,#1860,.T.);
#4553=EDGE_CURVE('',#3582,#3583,#1861,.T.);
#4554=EDGE_CURVE('',#3584,#3583,#3012,.T.);
#4555=EDGE_CURVE('',#3585,#3584,#1862,.T.);
#4556=EDGE_CURVE('',#3572,#3585,#1863,.T.);
#4557=EDGE_CURVE('',#3581,#3571,#1864,.T.);
#4558=EDGE_CURVE('',#3583,#3580,#1865,.T.);
#4559=EDGE_CURVE('',#3586,#3582,#3013,.T.);
#4560=EDGE_CURVE('',#3586,#3587,#1866,.T.);
#4561=EDGE_CURVE('',#3587,#3588,#1867,.T.);
#4562=EDGE_CURVE('',#3589,#3588,#1868,.T.);
#4563=EDGE_CURVE('',#3589,#3576,#3014,.T.);
#4564=EDGE_CURVE('',#3584,#3579,#1869,.T.);
#4565=EDGE_CURVE('',#3590,#3591,#1870,.T.);
#4566=EDGE_CURVE('',#3591,#3592,#3015,.T.);
#4567=EDGE_CURVE('',#3592,#3569,#1871,.T.);
#4568=EDGE_CURVE('',#3593,#3568,#1872,.T.);
#4569=EDGE_CURVE('',#3594,#3593,#3016,.T.);
#4570=EDGE_CURVE('',#3595,#3594,#1873,.T.);
#4571=EDGE_CURVE('',#3590,#3595,#1874,.T.);
#4572=EDGE_CURVE('',#3592,#3596,#1875,.T.);
#4573=EDGE_CURVE('',#3596,#3570,#1876,.T.);
#4574=EDGE_CURVE('',#3596,#3581,#3017,.T.);
#4575=EDGE_CURVE('',#3585,#3578,#1877,.T.);
#4576=EDGE_CURVE('',#3577,#3597,#3018,.T.);
#4577=EDGE_CURVE('',#3597,#3575,#1878,.T.);
#4578=EDGE_CURVE('',#3597,#3593,#1879,.T.);
#4579=EDGE_CURVE('',#3589,#3598,#1880,.T.);
#4580=EDGE_CURVE('',#3598,#3577,#3019,.T.);
#4581=EDGE_CURVE('',#3599,#3586,#1881,.T.);
#4582=EDGE_CURVE('',#3599,#3581,#3020,.T.);
#4583=EDGE_CURVE('',#3599,#3600,#1882,.F.);
#4584=EDGE_CURVE('',#3600,#3601,#3021,.T.);
#4585=EDGE_CURVE('',#3601,#3602,#3022,.T.);
#4586=EDGE_CURVE('',#3602,#3603,#1883,.T.);
#4587=EDGE_CURVE('',#3591,#3603,#1884,.T.);
#4588=EDGE_CURVE('',#3604,#3590,#1885,.T.);
#4589=EDGE_CURVE('',#3605,#3604,#1886,.T.);
#4590=EDGE_CURVE('',#3606,#3605,#1887,.T.);
#4591=EDGE_CURVE('',#3607,#3606,#1888,.T.);
#4592=EDGE_CURVE('',#3608,#3607,#1889,.T.);
#4593=EDGE_CURVE('',#3609,#3608,#1890,.T.);
#4594=EDGE_CURVE('',#3587,#3609,#1891,.T.);
#4595=EDGE_CURVE('',#3609,#3610,#1892,.T.);
#4596=EDGE_CURVE('',#3588,#3610,#1893,.T.);
#4597=EDGE_CURVE('',#3598,#3611,#1894,.F.);
#4598=EDGE_CURVE('',#3610,#3612,#1895,.T.);
#4599=EDGE_CURVE('',#3612,#3613,#1896,.T.);
#4600=EDGE_CURVE('',#3613,#3614,#1897,.T.);
#4601=EDGE_CURVE('',#3614,#3615,#1898,.T.);
#4602=EDGE_CURVE('',#3615,#3616,#1899,.T.);
#4603=EDGE_CURVE('',#3616,#3595,#1900,.T.);
#4604=EDGE_CURVE('',#3617,#3594,#1901,.T.);
#4605=EDGE_CURVE('',#3618,#3617,#1902,.T.);
#4606=EDGE_CURVE('',#3611,#3618,#3023,.T.);
#4607=EDGE_CURVE('',#3603,#3596,#3024,.T.);
#4608=EDGE_CURVE('',#3617,#3597,#3025,.T.);
#4609=EDGE_CURVE('',#3604,#3616,#1903,.T.);
#4610=EDGE_CURVE('',#3603,#3599,#3026,.T.);
#4611=EDGE_CURVE('',#3598,#3617,#3027,.T.);
#4612=EDGE_CURVE('',#3600,#3602,#3028,.T.);
#4613=EDGE_CURVE('',#3619,#3601,#3029,.T.);
#4614=EDGE_CURVE('',#3605,#3615,#1904,.T.);
#4615=EDGE_CURVE('',#3606,#3614,#1905,.T.);
#4616=EDGE_CURVE('',#3607,#3613,#1906,.T.);
#4617=EDGE_CURVE('',#3608,#3612,#1907,.T.);
#4618=EDGE_CURVE('',#3611,#3618,#3030,.T.);
#4619=EDGE_CURVE('',#3620,#3621,#1908,.T.);
#4620=EDGE_CURVE('',#3621,#3622,#1909,.T.);
#4621=EDGE_CURVE('',#3623,#3622,#1910,.T.);
#4622=EDGE_CURVE('',#3624,#3623,#1911,.T.);
#4623=EDGE_CURVE('',#3625,#3624,#1912,.T.);
#4624=EDGE_CURVE('',#3626,#3625,#3031,.T.);
#4625=EDGE_CURVE('',#3620,#3626,#1913,.T.);
#4626=EDGE_CURVE('',#3627,#3628,#1914,.T.);
#4627=EDGE_CURVE('',#3628,#3621,#3032,.T.);
#4628=EDGE_CURVE('',#3627,#3620,#3033,.T.);
#4629=EDGE_CURVE('',#3621,#3629,#3034,.T.);
#4630=EDGE_CURVE('',#3629,#3630,#1915,.T.);
#4631=EDGE_CURVE('',#3622,#3630,#3035,.T.);
#4632=EDGE_CURVE('',#3630,#3631,#1916,.T.);
#4633=EDGE_CURVE('',#3631,#3632,#1917,.T.);
#4634=EDGE_CURVE('',#3632,#3633,#1918,.T.);
#4635=EDGE_CURVE('',#3633,#3634,#3036,.T.);
#4636=EDGE_CURVE('',#3635,#3634,#1919,.T.);
#4637=EDGE_CURVE('',#3623,#3635,#1920,.T.);
#4638=EDGE_CURVE('',#3636,#3635,#1921,.T.);
#4639=EDGE_CURVE('',#3624,#3636,#1922,.T.);
#4640=EDGE_CURVE('',#3637,#3636,#1923,.T.);
#4641=EDGE_CURVE('',#3625,#3637,#1924,.T.);
#4642=EDGE_CURVE('',#3638,#3626,#1925,.F.);
#4643=EDGE_CURVE('',#3638,#3637,#3037,.T.);
#4644=EDGE_CURVE('',#3639,#3638,#1926,.T.);
#4645=EDGE_CURVE('',#3640,#3639,#3038,.T.);
#4646=EDGE_CURVE('',#3641,#3640,#1927,.T.);
#4647=EDGE_CURVE('',#3642,#3641,#1928,.T.);
#4648=EDGE_CURVE('',#3642,#3627,#1929,.T.);
#4649=EDGE_CURVE('',#3643,#3644,#1930,.F.);
#4650=EDGE_CURVE('',#3644,#3645,#3039,.T.);
#4651=EDGE_CURVE('',#3645,#3646,#3040,.T.);
#4652=EDGE_CURVE('',#3646,#3628,#1931,.T.);
#4653=EDGE_CURVE('',#3647,#3642,#1932,.T.);
#4654=EDGE_CURVE('',#3648,#3647,#1933,.T.);
#4655=EDGE_CURVE('',#3649,#3648,#1934,.T.);
#4656=EDGE_CURVE('',#3650,#3649,#1935,.T.);
#4657=EDGE_CURVE('',#3651,#3650,#1936,.T.);
#4658=EDGE_CURVE('',#3652,#3651,#1937,.T.);
#4659=EDGE_CURVE('',#3653,#3652,#1938,.T.);
#4660=EDGE_CURVE('',#3654,#3653,#1939,.T.);
#4661=EDGE_CURVE('',#3643,#3654,#1940,.T.);
#4662=EDGE_CURVE('',#3628,#3643,#3041,.T.);
#4663=EDGE_CURVE('',#3643,#3629,#3042,.T.);
#4664=EDGE_CURVE('',#3629,#3655,#1941,.T.);
#4665=EDGE_CURVE('',#3655,#3631,#1942,.T.);
#4666=EDGE_CURVE('',#3653,#3656,#1943,.T.);
#4667=EDGE_CURVE('',#3657,#3656,#1944,.T.);
#4668=EDGE_CURVE('',#3657,#3658,#3043,.T.);
#4669=EDGE_CURVE('',#3658,#3632,#1945,.T.);
#4670=EDGE_CURVE('',#3654,#3655,#3044,.T.);
#4671=EDGE_CURVE('',#3658,#3659,#1946,.T.);
#4672=EDGE_CURVE('',#3659,#3633,#1947,.T.);
#4673=EDGE_CURVE('',#3659,#3660,#3045,.T.);
#4674=EDGE_CURVE('',#3660,#3634,#1948,.T.);
#4675=EDGE_CURVE('',#3660,#3639,#1949,.T.);
#4676=EDGE_CURVE('',#3661,#3640,#1950,.T.);
#4677=EDGE_CURVE('',#3661,#3660,#3046,.T.);
#4678=EDGE_CURVE('',#3662,#3663,#1951,.F.);
#4679=EDGE_CURVE('',#3657,#3662,#1952,.T.);
#4680=EDGE_CURVE('',#3656,#3664,#1953,.T.);
#4681=EDGE_CURVE('',#3664,#3665,#1954,.T.);
#4682=EDGE_CURVE('',#3665,#3666,#1955,.T.);
#4683=EDGE_CURVE('',#3666,#3667,#1956,.T.);
#4684=EDGE_CURVE('',#3667,#3668,#1957,.T.);
#4685=EDGE_CURVE('',#3668,#3669,#1958,.T.);
#4686=EDGE_CURVE('',#3669,#3641,#1959,.T.);
#4687=EDGE_CURVE('',#3670,#3661,#1960,.T.);
#4688=EDGE_CURVE('',#3663,#3670,#3047,.T.);
#4689=EDGE_CURVE('',#3647,#3669,#1961,.T.);
#4690=EDGE_CURVE('',#3644,#3646,#3048,.T.);
#4691=EDGE_CURVE('',#3671,#3645,#3049,.T.);
#4692=EDGE_CURVE('',#3648,#3668,#1962,.T.);
#4693=EDGE_CURVE('',#3649,#3667,#1963,.T.);
#4694=EDGE_CURVE('',#3650,#3666,#1964,.T.);
#4695=EDGE_CURVE('',#3651,#3665,#1965,.T.);
#4696=EDGE_CURVE('',#3652,#3664,#1966,.T.);
#4697=EDGE_CURVE('',#3662,#3659,#3050,.T.);
#4698=EDGE_CURVE('',#3662,#3661,#3051,.T.);
#4699=EDGE_CURVE('',#3663,#3670,#3052,.T.);
#4700=EDGE_CURVE('',#3672,#3673,#1967,.T.);
#4701=EDGE_CURVE('',#3673,#3674,#1968,.T.);
#4702=EDGE_CURVE('',#3675,#3674,#1969,.T.);
#4703=EDGE_CURVE('',#3676,#3675,#1970,.T.);
#4704=EDGE_CURVE('',#3676,#3677,#1971,.T.);
#4705=EDGE_CURVE('',#3677,#3678,#1972,.T.);
#4706=EDGE_CURVE('',#3678,#3679,#1973,.T.);
#4707=EDGE_CURVE('',#3679,#3680,#3053,.T.);
#4708=EDGE_CURVE('',#3672,#3680,#1974,.T.);
#4709=EDGE_CURVE('',#3681,#3682,#1975,.T.);
#4710=EDGE_CURVE('',#3682,#3673,#3054,.T.);
#4711=EDGE_CURVE('',#3681,#3672,#3055,.T.);
#4712=EDGE_CURVE('',#3673,#3683,#3056,.T.);
#4713=EDGE_CURVE('',#3683,#3684,#1976,.T.);
#4714=EDGE_CURVE('',#3674,#3684,#3057,.T.);
#4715=EDGE_CURVE('',#3685,#3686,#1977,.T.);
#4716=EDGE_CURVE('',#3686,#3687,#1978,.T.);
#4717=EDGE_CURVE('',#3687,#3688,#3058,.T.);
#4718=EDGE_CURVE('',#3688,#3689,#1979,.T.);
#4719=EDGE_CURVE('',#3689,#3675,#1980,.T.);
#4720=EDGE_CURVE('',#3684,#3685,#1981,.T.);
#4721=EDGE_CURVE('',#3676,#3690,#1982,.T.);
#4722=EDGE_CURVE('',#3690,#3689,#1983,.T.);
#4723=EDGE_CURVE('',#3690,#3691,#1984,.T.);
#4724=EDGE_CURVE('',#3691,#3677,#1985,.T.);
#4725=EDGE_CURVE('',#3691,#3692,#1986,.T.);
#4726=EDGE_CURVE('',#3692,#3678,#1987,.T.);
#4727=EDGE_CURVE('',#3692,#3693,#1988,.T.);
#4728=EDGE_CURVE('',#3693,#3679,#1989,.T.);
#4729=EDGE_CURVE('',#3694,#3680,#1990,.T.);
#4730=EDGE_CURVE('',#3693,#3694,#3059,.T.);
#4731=EDGE_CURVE('',#3695,#3694,#1991,.T.);
#4732=EDGE_CURVE('',#3696,#3695,#3060,.T.);
#4733=EDGE_CURVE('',#3696,#3697,#1992,.T.);
#4734=EDGE_CURVE('',#3697,#3698,#1993,.T.);
#4735=EDGE_CURVE('',#3681,#3698,#1994,.T.);
#4736=EDGE_CURVE('',#3682,#3699,#1995,.F.);
#4737=EDGE_CURVE('',#3698,#3700,#1996,.T.);
#4738=EDGE_CURVE('',#3700,#3701,#1997,.T.);
#4739=EDGE_CURVE('',#3701,#3702,#1998,.T.);
#4740=EDGE_CURVE('',#3702,#3703,#1999,.T.);
#4741=EDGE_CURVE('',#3703,#3704,#2000,.T.);
#4742=EDGE_CURVE('',#3704,#3705,#2001,.T.);
#4743=EDGE_CURVE('',#3705,#3706,#2002,.T.);
#4744=EDGE_CURVE('',#3706,#3707,#2003,.T.);
#4745=EDGE_CURVE('',#3708,#3707,#2004,.T.);
#4746=EDGE_CURVE('',#3709,#3708,#2005,.T.);
#4747=EDGE_CURVE('',#3699,#3709,#3061,.T.);
#4748=EDGE_CURVE('',#3682,#3708,#3062,.T.);
#4749=EDGE_CURVE('',#3708,#3683,#3063,.T.);
#4750=EDGE_CURVE('',#3683,#3710,#2006,.T.);
#4751=EDGE_CURVE('',#3710,#3685,#2007,.T.);
#4752=EDGE_CURVE('',#3711,#3712,#2008,.T.);
#4753=EDGE_CURVE('',#3712,#3713,#3064,.T.);
#4754=EDGE_CURVE('',#3713,#3686,#2009,.T.);
#4755=EDGE_CURVE('',#3707,#3710,#3065,.T.);
#4756=EDGE_CURVE('',#3711,#3706,#2010,.T.);
#4757=EDGE_CURVE('',#3713,#3714,#2011,.T.);
#4758=EDGE_CURVE('',#3714,#3687,#2012,.T.);
#4759=EDGE_CURVE('',#3714,#3715,#3066,.T.);
#4760=EDGE_CURVE('',#3715,#3688,#2013,.T.);
#4761=EDGE_CURVE('',#3715,#3695,#2014,.T.);
#4762=EDGE_CURVE('',#3716,#3696,#2015,.T.);
#4763=EDGE_CURVE('',#3716,#3715,#3067,.T.);
#4764=EDGE_CURVE('',#3716,#3717,#2016,.F.);
#4765=EDGE_CURVE('',#3717,#3718,#3068,.T.);
#4766=EDGE_CURVE('',#3718,#3719,#2017,.T.);
#4767=EDGE_CURVE('',#3712,#3719,#2018,.T.);
#4768=EDGE_CURVE('',#3720,#3711,#2019,.T.);
#4769=EDGE_CURVE('',#3721,#3720,#2020,.T.);
#4770=EDGE_CURVE('',#3722,#3721,#2021,.T.);
#4771=EDGE_CURVE('',#3723,#3722,#2022,.T.);
#4772=EDGE_CURVE('',#3724,#3723,#2023,.T.);
#4773=EDGE_CURVE('',#3725,#3724,#2024,.T.);
#4774=EDGE_CURVE('',#3697,#3725,#2025,.T.);
#4775=EDGE_CURVE('',#3725,#3700,#2026,.T.);
#4776=EDGE_CURVE('',#3699,#3709,#3069,.T.);
#4777=EDGE_CURVE('',#3724,#3701,#2027,.T.);
#4778=EDGE_CURVE('',#3723,#3702,#2028,.T.);
#4779=EDGE_CURVE('',#3722,#3703,#2029,.T.);
#4780=EDGE_CURVE('',#3721,#3704,#2030,.T.);
#4781=EDGE_CURVE('',#3720,#3705,#2031,.T.);
#4782=EDGE_CURVE('',#3719,#3714,#3070,.T.);
#4783=EDGE_CURVE('',#3719,#3716,#3071,.T.);
#4784=EDGE_CURVE('',#3717,#3718,#3072,.T.);
#4785=ORIENTED_EDGE('',*,*,#3726,.F.);
#4786=ORIENTED_EDGE('',*,*,#3727,.T.);
#4787=ORIENTED_EDGE('',*,*,#3728,.F.);
#4788=ORIENTED_EDGE('',*,*,#3727,.F.);
#4789=ORIENTED_EDGE('',*,*,#3729,.T.);
#4790=ORIENTED_EDGE('',*,*,#3730,.F.);
#4791=ORIENTED_EDGE('',*,*,#3731,.F.);
#4792=ORIENTED_EDGE('',*,*,#3732,.F.);
#4793=ORIENTED_EDGE('',*,*,#3733,.F.);
#4794=ORIENTED_EDGE('',*,*,#3734,.T.);
#4795=ORIENTED_EDGE('',*,*,#3735,.T.);
#4796=ORIENTED_EDGE('',*,*,#3736,.F.);
#4797=ORIENTED_EDGE('',*,*,#3737,.T.);
#4798=ORIENTED_EDGE('',*,*,#3738,.F.);
#4799=ORIENTED_EDGE('',*,*,#3739,.F.);
#4800=ORIENTED_EDGE('',*,*,#3740,.F.);
#4801=ORIENTED_EDGE('',*,*,#3741,.F.);
#4802=ORIENTED_EDGE('',*,*,#3742,.T.);
#4803=ORIENTED_EDGE('',*,*,#3743,.T.);
#4804=ORIENTED_EDGE('',*,*,#3744,.F.);
#4805=ORIENTED_EDGE('',*,*,#3745,.F.);
#4806=ORIENTED_EDGE('',*,*,#3746,.T.);
#4807=ORIENTED_EDGE('',*,*,#3747,.F.);
#4808=ORIENTED_EDGE('',*,*,#3748,.F.);
#4809=ORIENTED_EDGE('',*,*,#3749,.F.);
#4810=ORIENTED_EDGE('',*,*,#3748,.T.);
#4811=ORIENTED_EDGE('',*,*,#3750,.F.);
#4812=ORIENTED_EDGE('',*,*,#3737,.F.);
#4813=ORIENTED_EDGE('',*,*,#3751,.F.);
#4814=ORIENTED_EDGE('',*,*,#3739,.T.);
#4815=ORIENTED_EDGE('',*,*,#3752,.F.);
#4816=ORIENTED_EDGE('',*,*,#3753,.F.);
#4817=ORIENTED_EDGE('',*,*,#3754,.F.);
#4818=ORIENTED_EDGE('',*,*,#3753,.T.);
#4819=ORIENTED_EDGE('',*,*,#3755,.F.);
#4820=ORIENTED_EDGE('',*,*,#3756,.F.);
#4821=ORIENTED_EDGE('',*,*,#3757,.F.);
#4822=ORIENTED_EDGE('',*,*,#3756,.T.);
#4823=ORIENTED_EDGE('',*,*,#3758,.F.);
#4824=ORIENTED_EDGE('',*,*,#3729,.F.);
#4825=ORIENTED_EDGE('',*,*,#3759,.F.);
#4826=ORIENTED_EDGE('',*,*,#3731,.T.);
#4827=ORIENTED_EDGE('',*,*,#3760,.F.);
#4828=ORIENTED_EDGE('',*,*,#3746,.F.);
#4829=ORIENTED_EDGE('',*,*,#3759,.T.);
#4830=ORIENTED_EDGE('',*,*,#3745,.T.);
#4831=ORIENTED_EDGE('',*,*,#3749,.T.);
#4832=ORIENTED_EDGE('',*,*,#3744,.T.);
#4833=ORIENTED_EDGE('',*,*,#3761,.T.);
#4834=ORIENTED_EDGE('',*,*,#3762,.T.);
#4835=ORIENTED_EDGE('',*,*,#3763,.T.);
#4836=ORIENTED_EDGE('',*,*,#3764,.T.);
#4837=ORIENTED_EDGE('',*,*,#3765,.T.);
#4838=ORIENTED_EDGE('',*,*,#3766,.T.);
#4839=ORIENTED_EDGE('',*,*,#3767,.T.);
#4840=ORIENTED_EDGE('',*,*,#3732,.T.);
#4841=ORIENTED_EDGE('',*,*,#3757,.T.);
#4842=ORIENTED_EDGE('',*,*,#3736,.T.);
#4843=ORIENTED_EDGE('',*,*,#3768,.T.);
#4844=ORIENTED_EDGE('',*,*,#3769,.T.);
#4845=ORIENTED_EDGE('',*,*,#3770,.T.);
#4846=ORIENTED_EDGE('',*,*,#3771,.T.);
#4847=ORIENTED_EDGE('',*,*,#3772,.T.);
#4848=ORIENTED_EDGE('',*,*,#3773,.T.);
#4849=ORIENTED_EDGE('',*,*,#3774,.T.);
#4850=ORIENTED_EDGE('',*,*,#3740,.T.);
#4851=ORIENTED_EDGE('',*,*,#3751,.T.);
#4852=ORIENTED_EDGE('',*,*,#3754,.T.);
#4853=ORIENTED_EDGE('',*,*,#3775,.F.);
#4854=ORIENTED_EDGE('',*,*,#3726,.T.);
#4855=ORIENTED_EDGE('',*,*,#3776,.F.);
#4856=ORIENTED_EDGE('',*,*,#3777,.F.);
#4857=ORIENTED_EDGE('',*,*,#3778,.F.);
#4858=ORIENTED_EDGE('',*,*,#3779,.F.);
#4859=ORIENTED_EDGE('',*,*,#3742,.F.);
#4860=ORIENTED_EDGE('',*,*,#3780,.F.);
#4861=ORIENTED_EDGE('',*,*,#3781,.F.);
#4862=ORIENTED_EDGE('',*,*,#3782,.F.);
#4863=ORIENTED_EDGE('',*,*,#3783,.F.);
#4864=ORIENTED_EDGE('',*,*,#3784,.F.);
#4865=ORIENTED_EDGE('',*,*,#3785,.F.);
#4866=ORIENTED_EDGE('',*,*,#3786,.F.);
#4867=ORIENTED_EDGE('',*,*,#3734,.F.);
#4868=ORIENTED_EDGE('',*,*,#3787,.F.);
#4869=ORIENTED_EDGE('',*,*,#3788,.F.);
#4870=ORIENTED_EDGE('',*,*,#3789,.F.);
#4871=ORIENTED_EDGE('',*,*,#3728,.T.);
#4872=ORIENTED_EDGE('',*,*,#3760,.T.);
#4873=ORIENTED_EDGE('',*,*,#3730,.T.);
#4874=ORIENTED_EDGE('',*,*,#3758,.T.);
#4875=ORIENTED_EDGE('',*,*,#3755,.T.);
#4876=ORIENTED_EDGE('',*,*,#3752,.T.);
#4877=ORIENTED_EDGE('',*,*,#3738,.T.);
#4878=ORIENTED_EDGE('',*,*,#3750,.T.);
#4879=ORIENTED_EDGE('',*,*,#3747,.T.);
#4880=ORIENTED_EDGE('',*,*,#3790,.T.);
#4881=ORIENTED_EDGE('',*,*,#3787,.T.);
#4882=ORIENTED_EDGE('',*,*,#3733,.T.);
#4883=ORIENTED_EDGE('',*,*,#3767,.F.);
#4884=ORIENTED_EDGE('',*,*,#3791,.F.);
#4885=ORIENTED_EDGE('',*,*,#3786,.T.);
#4886=ORIENTED_EDGE('',*,*,#3792,.T.);
#4887=ORIENTED_EDGE('',*,*,#3768,.F.);
#4888=ORIENTED_EDGE('',*,*,#3735,.F.);
#4889=ORIENTED_EDGE('',*,*,#3780,.T.);
#4890=ORIENTED_EDGE('',*,*,#3741,.T.);
#4891=ORIENTED_EDGE('',*,*,#3774,.F.);
#4892=ORIENTED_EDGE('',*,*,#3793,.F.);
#4893=ORIENTED_EDGE('',*,*,#3779,.T.);
#4894=ORIENTED_EDGE('',*,*,#3794,.T.);
#4895=ORIENTED_EDGE('',*,*,#3761,.F.);
#4896=ORIENTED_EDGE('',*,*,#3743,.F.);
#4897=ORIENTED_EDGE('',*,*,#3778,.T.);
#4898=ORIENTED_EDGE('',*,*,#3795,.T.);
#4899=ORIENTED_EDGE('',*,*,#3762,.F.);
#4900=ORIENTED_EDGE('',*,*,#3794,.F.);
#4901=ORIENTED_EDGE('',*,*,#3777,.T.);
#4902=ORIENTED_EDGE('',*,*,#3796,.T.);
#4903=ORIENTED_EDGE('',*,*,#3763,.F.);
#4904=ORIENTED_EDGE('',*,*,#3795,.F.);
#4905=ORIENTED_EDGE('',*,*,#3776,.T.);
#4906=ORIENTED_EDGE('',*,*,#3797,.T.);
#4907=ORIENTED_EDGE('',*,*,#3764,.F.);
#4908=ORIENTED_EDGE('',*,*,#3796,.F.);
#4909=ORIENTED_EDGE('',*,*,#3789,.T.);
#4910=ORIENTED_EDGE('',*,*,#3798,.T.);
#4911=ORIENTED_EDGE('',*,*,#3765,.F.);
#4912=ORIENTED_EDGE('',*,*,#3797,.F.);
#4913=ORIENTED_EDGE('',*,*,#3788,.T.);
#4914=ORIENTED_EDGE('',*,*,#3791,.T.);
#4915=ORIENTED_EDGE('',*,*,#3766,.F.);
#4916=ORIENTED_EDGE('',*,*,#3798,.F.);
#4917=ORIENTED_EDGE('',*,*,#3785,.T.);
#4918=ORIENTED_EDGE('',*,*,#3799,.T.);
#4919=ORIENTED_EDGE('',*,*,#3769,.F.);
#4920=ORIENTED_EDGE('',*,*,#3792,.F.);
#4921=ORIENTED_EDGE('',*,*,#3784,.T.);
#4922=ORIENTED_EDGE('',*,*,#3800,.T.);
#4923=ORIENTED_EDGE('',*,*,#3770,.F.);
#4924=ORIENTED_EDGE('',*,*,#3799,.F.);
#4925=ORIENTED_EDGE('',*,*,#3783,.T.);
#4926=ORIENTED_EDGE('',*,*,#3801,.T.);
#4927=ORIENTED_EDGE('',*,*,#3771,.F.);
#4928=ORIENTED_EDGE('',*,*,#3800,.F.);
#4929=ORIENTED_EDGE('',*,*,#3782,.T.);
#4930=ORIENTED_EDGE('',*,*,#3802,.T.);
#4931=ORIENTED_EDGE('',*,*,#3772,.F.);
#4932=ORIENTED_EDGE('',*,*,#3801,.F.);
#4933=ORIENTED_EDGE('',*,*,#3781,.T.);
#4934=ORIENTED_EDGE('',*,*,#3793,.T.);
#4935=ORIENTED_EDGE('',*,*,#3773,.F.);
#4936=ORIENTED_EDGE('',*,*,#3802,.F.);
#4937=ORIENTED_EDGE('',*,*,#3803,.F.);
#4938=ORIENTED_EDGE('',*,*,#3804,.T.);
#4939=ORIENTED_EDGE('',*,*,#3775,.T.);
#4940=ORIENTED_EDGE('',*,*,#3804,.F.);
#4941=ORIENTED_EDGE('',*,*,#3790,.F.);
#4942=ORIENTED_EDGE('',*,*,#3805,.T.);
#4943=ORIENTED_EDGE('',*,*,#3803,.T.);
#4944=ORIENTED_EDGE('',*,*,#3805,.F.);
#4945=ORIENTED_EDGE('',*,*,#3806,.F.);
#4946=ORIENTED_EDGE('',*,*,#3807,.F.);
#4947=ORIENTED_EDGE('',*,*,#3807,.T.);
#4948=ORIENTED_EDGE('',*,*,#3808,.F.);
#4949=ORIENTED_EDGE('',*,*,#3809,.F.);
#4950=ORIENTED_EDGE('',*,*,#3810,.F.);
#4951=ORIENTED_EDGE('',*,*,#3811,.F.);
#4952=ORIENTED_EDGE('',*,*,#3812,.F.);
#4953=ORIENTED_EDGE('',*,*,#3810,.T.);
#4954=ORIENTED_EDGE('',*,*,#3813,.F.);
#4955=ORIENTED_EDGE('',*,*,#3809,.T.);
#4956=ORIENTED_EDGE('',*,*,#3814,.F.);
#4957=ORIENTED_EDGE('',*,*,#3811,.T.);
#4958=ORIENTED_EDGE('',*,*,#3813,.T.);
#4959=ORIENTED_EDGE('',*,*,#3806,.T.);
#4960=ORIENTED_EDGE('',*,*,#3812,.T.);
#4961=ORIENTED_EDGE('',*,*,#3814,.T.);
#4962=ORIENTED_EDGE('',*,*,#3808,.T.);
#4963=ORIENTED_EDGE('',*,*,#3815,.T.);
#4964=ORIENTED_EDGE('',*,*,#3815,.F.);
#4965=ORIENTED_EDGE('',*,*,#3816,.T.);
#4966=ORIENTED_EDGE('',*,*,#3817,.T.);
#4967=ORIENTED_EDGE('',*,*,#3816,.F.);
#4968=ORIENTED_EDGE('',*,*,#3818,.T.);
#4969=ORIENTED_EDGE('',*,*,#3817,.F.);
#4970=ORIENTED_EDGE('',*,*,#3818,.F.);
#4971=ORIENTED_EDGE('',*,*,#3819,.T.);
#4972=ORIENTED_EDGE('',*,*,#3820,.T.);
#4973=ORIENTED_EDGE('',*,*,#3819,.F.);
#4974=ORIENTED_EDGE('',*,*,#3820,.F.);
#4975=ORIENTED_EDGE('',*,*,#3821,.T.);
#4976=ORIENTED_EDGE('',*,*,#3822,.T.);
#4977=ORIENTED_EDGE('',*,*,#3823,.F.);
#4978=ORIENTED_EDGE('',*,*,#3824,.F.);
#4979=ORIENTED_EDGE('',*,*,#3825,.F.);
#4980=ORIENTED_EDGE('',*,*,#3826,.F.);
#4981=ORIENTED_EDGE('',*,*,#3827,.F.);
#4982=ORIENTED_EDGE('',*,*,#3828,.F.);
#4983=ORIENTED_EDGE('',*,*,#3826,.T.);
#4984=ORIENTED_EDGE('',*,*,#3829,.T.);
#4985=ORIENTED_EDGE('',*,*,#3830,.F.);
#4986=ORIENTED_EDGE('',*,*,#3831,.F.);
#4987=ORIENTED_EDGE('',*,*,#3827,.T.);
#4988=ORIENTED_EDGE('',*,*,#3831,.T.);
#4989=ORIENTED_EDGE('',*,*,#3832,.F.);
#4990=ORIENTED_EDGE('',*,*,#3833,.F.);
#4991=ORIENTED_EDGE('',*,*,#3828,.T.);
#4992=ORIENTED_EDGE('',*,*,#3833,.T.);
#4993=ORIENTED_EDGE('',*,*,#3834,.F.);
#4994=ORIENTED_EDGE('',*,*,#3835,.F.);
#4995=ORIENTED_EDGE('',*,*,#3825,.T.);
#4996=ORIENTED_EDGE('',*,*,#3835,.T.);
#4997=ORIENTED_EDGE('',*,*,#3836,.F.);
#4998=ORIENTED_EDGE('',*,*,#3829,.F.);
#4999=ORIENTED_EDGE('',*,*,#3837,.T.);
#5000=ORIENTED_EDGE('',*,*,#3838,.T.);
#5001=ORIENTED_EDGE('',*,*,#3839,.T.);
#5002=ORIENTED_EDGE('',*,*,#3840,.T.);
#5003=ORIENTED_EDGE('',*,*,#3841,.F.);
#5004=ORIENTED_EDGE('',*,*,#3842,.F.);
#5005=ORIENTED_EDGE('',*,*,#3821,.F.);
#5006=ORIENTED_EDGE('',*,*,#3843,.F.);
#5007=ORIENTED_EDGE('',*,*,#3844,.F.);
#5008=ORIENTED_EDGE('',*,*,#3845,.T.);
#5009=ORIENTED_EDGE('',*,*,#3846,.T.);
#5010=ORIENTED_EDGE('',*,*,#3847,.T.);
#5011=ORIENTED_EDGE('',*,*,#3848,.T.);
#5012=ORIENTED_EDGE('',*,*,#3849,.F.);
#5013=ORIENTED_EDGE('',*,*,#3850,.T.);
#5014=ORIENTED_EDGE('',*,*,#3851,.T.);
#5015=ORIENTED_EDGE('',*,*,#3852,.T.);
#5016=ORIENTED_EDGE('',*,*,#3853,.F.);
#5017=ORIENTED_EDGE('',*,*,#3854,.T.);
#5018=ORIENTED_EDGE('',*,*,#3855,.T.);
#5019=ORIENTED_EDGE('',*,*,#3856,.T.);
#5020=ORIENTED_EDGE('',*,*,#3857,.T.);
#5021=ORIENTED_EDGE('',*,*,#3858,.F.);
#5022=ORIENTED_EDGE('',*,*,#3859,.F.);
#5023=ORIENTED_EDGE('',*,*,#3860,.F.);
#5024=ORIENTED_EDGE('',*,*,#3861,.F.);
#5025=ORIENTED_EDGE('',*,*,#3862,.F.);
#5026=ORIENTED_EDGE('',*,*,#3863,.T.);
#5027=ORIENTED_EDGE('',*,*,#3864,.T.);
#5028=ORIENTED_EDGE('',*,*,#3865,.T.);
#5029=ORIENTED_EDGE('',*,*,#3866,.T.);
#5030=ORIENTED_EDGE('',*,*,#3867,.F.);
#5031=ORIENTED_EDGE('',*,*,#3868,.T.);
#5032=ORIENTED_EDGE('',*,*,#3869,.T.);
#5033=ORIENTED_EDGE('',*,*,#3870,.T.);
#5034=ORIENTED_EDGE('',*,*,#3871,.F.);
#5035=ORIENTED_EDGE('',*,*,#3842,.T.);
#5036=ORIENTED_EDGE('',*,*,#3872,.T.);
#5037=ORIENTED_EDGE('',*,*,#3873,.F.);
#5038=ORIENTED_EDGE('',*,*,#3822,.F.);
#5039=ORIENTED_EDGE('',*,*,#3873,.T.);
#5040=ORIENTED_EDGE('',*,*,#3874,.T.);
#5041=ORIENTED_EDGE('',*,*,#3875,.T.);
#5042=ORIENTED_EDGE('',*,*,#3876,.T.);
#5043=ORIENTED_EDGE('',*,*,#3877,.T.);
#5044=ORIENTED_EDGE('',*,*,#3878,.T.);
#5045=ORIENTED_EDGE('',*,*,#3879,.T.);
#5046=ORIENTED_EDGE('',*,*,#3880,.T.);
#5047=ORIENTED_EDGE('',*,*,#3881,.T.);
#5048=ORIENTED_EDGE('',*,*,#3882,.T.);
#5049=ORIENTED_EDGE('',*,*,#3883,.T.);
#5050=ORIENTED_EDGE('',*,*,#3884,.T.);
#5051=ORIENTED_EDGE('',*,*,#3885,.T.);
#5052=ORIENTED_EDGE('',*,*,#3886,.T.);
#5053=ORIENTED_EDGE('',*,*,#3887,.T.);
#5054=ORIENTED_EDGE('',*,*,#3823,.T.);
#5055=ORIENTED_EDGE('',*,*,#3843,.T.);
#5056=ORIENTED_EDGE('',*,*,#3824,.T.);
#5057=ORIENTED_EDGE('',*,*,#3887,.F.);
#5058=ORIENTED_EDGE('',*,*,#3888,.F.);
#5059=ORIENTED_EDGE('',*,*,#3836,.T.);
#5060=ORIENTED_EDGE('',*,*,#3834,.T.);
#5061=ORIENTED_EDGE('',*,*,#3832,.T.);
#5062=ORIENTED_EDGE('',*,*,#3830,.T.);
#5063=ORIENTED_EDGE('',*,*,#3889,.F.);
#5064=ORIENTED_EDGE('',*,*,#3890,.T.);
#5065=ORIENTED_EDGE('',*,*,#3891,.F.);
#5066=ORIENTED_EDGE('',*,*,#3837,.F.);
#5067=ORIENTED_EDGE('',*,*,#3838,.F.);
#5068=ORIENTED_EDGE('',*,*,#3891,.T.);
#5069=ORIENTED_EDGE('',*,*,#3892,.T.);
#5070=ORIENTED_EDGE('',*,*,#3893,.F.);
#5071=ORIENTED_EDGE('',*,*,#3839,.F.);
#5072=ORIENTED_EDGE('',*,*,#3893,.T.);
#5073=ORIENTED_EDGE('',*,*,#3894,.T.);
#5074=ORIENTED_EDGE('',*,*,#3895,.F.);
#5075=ORIENTED_EDGE('',*,*,#3840,.F.);
#5076=ORIENTED_EDGE('',*,*,#3895,.T.);
#5077=ORIENTED_EDGE('',*,*,#3896,.T.);
#5078=ORIENTED_EDGE('',*,*,#3897,.T.);
#5079=ORIENTED_EDGE('',*,*,#3875,.F.);
#5080=ORIENTED_EDGE('',*,*,#3898,.F.);
#5081=ORIENTED_EDGE('',*,*,#3841,.T.);
#5082=ORIENTED_EDGE('',*,*,#3898,.T.);
#5083=ORIENTED_EDGE('',*,*,#3874,.F.);
#5084=ORIENTED_EDGE('',*,*,#3872,.F.);
#5085=ORIENTED_EDGE('',*,*,#3844,.T.);
#5086=ORIENTED_EDGE('',*,*,#3888,.T.);
#5087=ORIENTED_EDGE('',*,*,#3886,.F.);
#5088=ORIENTED_EDGE('',*,*,#3899,.F.);
#5089=ORIENTED_EDGE('',*,*,#3899,.T.);
#5090=ORIENTED_EDGE('',*,*,#3885,.F.);
#5091=ORIENTED_EDGE('',*,*,#3900,.F.);
#5092=ORIENTED_EDGE('',*,*,#3901,.T.);
#5093=ORIENTED_EDGE('',*,*,#3902,.F.);
#5094=ORIENTED_EDGE('',*,*,#3845,.F.);
#5095=ORIENTED_EDGE('',*,*,#3846,.F.);
#5096=ORIENTED_EDGE('',*,*,#3902,.T.);
#5097=ORIENTED_EDGE('',*,*,#3903,.T.);
#5098=ORIENTED_EDGE('',*,*,#3904,.F.);
#5099=ORIENTED_EDGE('',*,*,#3847,.F.);
#5100=ORIENTED_EDGE('',*,*,#3904,.T.);
#5101=ORIENTED_EDGE('',*,*,#3905,.T.);
#5102=ORIENTED_EDGE('',*,*,#3906,.F.);
#5103=ORIENTED_EDGE('',*,*,#3907,.F.);
#5104=ORIENTED_EDGE('',*,*,#3848,.F.);
#5105=ORIENTED_EDGE('',*,*,#3906,.T.);
#5106=ORIENTED_EDGE('',*,*,#3908,.T.);
#5107=ORIENTED_EDGE('',*,*,#3907,.T.);
#5108=ORIENTED_EDGE('',*,*,#3909,.T.);
#5109=ORIENTED_EDGE('',*,*,#3900,.T.);
#5110=ORIENTED_EDGE('',*,*,#3884,.F.);
#5111=ORIENTED_EDGE('',*,*,#3910,.F.);
#5112=ORIENTED_EDGE('',*,*,#3911,.T.);
#5113=ORIENTED_EDGE('',*,*,#3912,.T.);
#5114=ORIENTED_EDGE('',*,*,#3853,.T.);
#5115=ORIENTED_EDGE('',*,*,#3913,.T.);
#5116=ORIENTED_EDGE('',*,*,#3914,.T.);
#5117=ORIENTED_EDGE('',*,*,#3915,.T.);
#5118=ORIENTED_EDGE('',*,*,#3849,.T.);
#5119=ORIENTED_EDGE('',*,*,#3915,.F.);
#5120=ORIENTED_EDGE('',*,*,#3916,.T.);
#5121=ORIENTED_EDGE('',*,*,#3917,.F.);
#5122=ORIENTED_EDGE('',*,*,#3850,.F.);
#5123=ORIENTED_EDGE('',*,*,#3851,.F.);
#5124=ORIENTED_EDGE('',*,*,#3917,.T.);
#5125=ORIENTED_EDGE('',*,*,#3918,.T.);
#5126=ORIENTED_EDGE('',*,*,#3919,.F.);
#5127=ORIENTED_EDGE('',*,*,#3913,.F.);
#5128=ORIENTED_EDGE('',*,*,#3852,.F.);
#5129=ORIENTED_EDGE('',*,*,#3919,.T.);
#5130=ORIENTED_EDGE('',*,*,#3920,.T.);
#5131=ORIENTED_EDGE('',*,*,#3912,.F.);
#5132=ORIENTED_EDGE('',*,*,#3921,.T.);
#5133=ORIENTED_EDGE('',*,*,#3922,.F.);
#5134=ORIENTED_EDGE('',*,*,#3854,.F.);
#5135=ORIENTED_EDGE('',*,*,#3855,.F.);
#5136=ORIENTED_EDGE('',*,*,#3922,.T.);
#5137=ORIENTED_EDGE('',*,*,#3923,.T.);
#5138=ORIENTED_EDGE('',*,*,#3924,.F.);
#5139=ORIENTED_EDGE('',*,*,#3856,.F.);
#5140=ORIENTED_EDGE('',*,*,#3924,.T.);
#5141=ORIENTED_EDGE('',*,*,#3925,.T.);
#5142=ORIENTED_EDGE('',*,*,#3926,.F.);
#5143=ORIENTED_EDGE('',*,*,#3857,.F.);
#5144=ORIENTED_EDGE('',*,*,#3926,.T.);
#5145=ORIENTED_EDGE('',*,*,#3927,.T.);
#5146=ORIENTED_EDGE('',*,*,#3910,.T.);
#5147=ORIENTED_EDGE('',*,*,#3883,.F.);
#5148=ORIENTED_EDGE('',*,*,#3928,.F.);
#5149=ORIENTED_EDGE('',*,*,#3858,.T.);
#5150=ORIENTED_EDGE('',*,*,#3928,.T.);
#5151=ORIENTED_EDGE('',*,*,#3882,.F.);
#5152=ORIENTED_EDGE('',*,*,#3929,.F.);
#5153=ORIENTED_EDGE('',*,*,#3859,.T.);
#5154=ORIENTED_EDGE('',*,*,#3929,.T.);
#5155=ORIENTED_EDGE('',*,*,#3881,.F.);
#5156=ORIENTED_EDGE('',*,*,#3930,.F.);
#5157=ORIENTED_EDGE('',*,*,#3860,.T.);
#5158=ORIENTED_EDGE('',*,*,#3930,.T.);
#5159=ORIENTED_EDGE('',*,*,#3880,.F.);
#5160=ORIENTED_EDGE('',*,*,#3931,.F.);
#5161=ORIENTED_EDGE('',*,*,#3861,.T.);
#5162=ORIENTED_EDGE('',*,*,#3931,.T.);
#5163=ORIENTED_EDGE('',*,*,#3879,.F.);
#5164=ORIENTED_EDGE('',*,*,#3932,.F.);
#5165=ORIENTED_EDGE('',*,*,#3862,.T.);
#5166=ORIENTED_EDGE('',*,*,#3932,.T.);
#5167=ORIENTED_EDGE('',*,*,#3878,.F.);
#5168=ORIENTED_EDGE('',*,*,#3933,.F.);
#5169=ORIENTED_EDGE('',*,*,#3933,.T.);
#5170=ORIENTED_EDGE('',*,*,#3877,.F.);
#5171=ORIENTED_EDGE('',*,*,#3934,.F.);
#5172=ORIENTED_EDGE('',*,*,#3935,.T.);
#5173=ORIENTED_EDGE('',*,*,#3936,.F.);
#5174=ORIENTED_EDGE('',*,*,#3863,.F.);
#5175=ORIENTED_EDGE('',*,*,#3864,.F.);
#5176=ORIENTED_EDGE('',*,*,#3936,.T.);
#5177=ORIENTED_EDGE('',*,*,#3937,.T.);
#5178=ORIENTED_EDGE('',*,*,#3938,.F.);
#5179=ORIENTED_EDGE('',*,*,#3865,.F.);
#5180=ORIENTED_EDGE('',*,*,#3938,.T.);
#5181=ORIENTED_EDGE('',*,*,#3939,.T.);
#5182=ORIENTED_EDGE('',*,*,#3940,.F.);
#5183=ORIENTED_EDGE('',*,*,#3941,.F.);
#5184=ORIENTED_EDGE('',*,*,#3866,.F.);
#5185=ORIENTED_EDGE('',*,*,#3940,.T.);
#5186=ORIENTED_EDGE('',*,*,#3942,.T.);
#5187=ORIENTED_EDGE('',*,*,#3889,.T.);
#5188=ORIENTED_EDGE('',*,*,#3871,.T.);
#5189=ORIENTED_EDGE('',*,*,#3943,.T.);
#5190=ORIENTED_EDGE('',*,*,#3944,.T.);
#5191=ORIENTED_EDGE('',*,*,#3945,.T.);
#5192=ORIENTED_EDGE('',*,*,#3867,.T.);
#5193=ORIENTED_EDGE('',*,*,#3941,.T.);
#5194=ORIENTED_EDGE('',*,*,#3946,.T.);
#5195=ORIENTED_EDGE('',*,*,#3934,.T.);
#5196=ORIENTED_EDGE('',*,*,#3876,.F.);
#5197=ORIENTED_EDGE('',*,*,#3897,.F.);
#5198=ORIENTED_EDGE('',*,*,#3947,.T.);
#5199=ORIENTED_EDGE('',*,*,#3945,.F.);
#5200=ORIENTED_EDGE('',*,*,#3948,.T.);
#5201=ORIENTED_EDGE('',*,*,#3949,.F.);
#5202=ORIENTED_EDGE('',*,*,#3868,.F.);
#5203=ORIENTED_EDGE('',*,*,#3869,.F.);
#5204=ORIENTED_EDGE('',*,*,#3949,.T.);
#5205=ORIENTED_EDGE('',*,*,#3950,.T.);
#5206=ORIENTED_EDGE('',*,*,#3951,.F.);
#5207=ORIENTED_EDGE('',*,*,#3943,.F.);
#5208=ORIENTED_EDGE('',*,*,#3870,.F.);
#5209=ORIENTED_EDGE('',*,*,#3951,.T.);
#5210=ORIENTED_EDGE('',*,*,#3952,.T.);
#5211=ORIENTED_EDGE('',*,*,#3947,.F.);
#5212=ORIENTED_EDGE('',*,*,#3896,.F.);
#5213=ORIENTED_EDGE('',*,*,#3894,.F.);
#5214=ORIENTED_EDGE('',*,*,#3892,.F.);
#5215=ORIENTED_EDGE('',*,*,#3890,.F.);
#5216=ORIENTED_EDGE('',*,*,#3909,.F.);
#5217=ORIENTED_EDGE('',*,*,#3908,.F.);
#5218=ORIENTED_EDGE('',*,*,#3905,.F.);
#5219=ORIENTED_EDGE('',*,*,#3903,.F.);
#5220=ORIENTED_EDGE('',*,*,#3901,.F.);
#5221=ORIENTED_EDGE('',*,*,#3911,.F.);
#5222=ORIENTED_EDGE('',*,*,#3927,.F.);
#5223=ORIENTED_EDGE('',*,*,#3925,.F.);
#5224=ORIENTED_EDGE('',*,*,#3923,.F.);
#5225=ORIENTED_EDGE('',*,*,#3921,.F.);
#5226=ORIENTED_EDGE('',*,*,#3914,.F.);
#5227=ORIENTED_EDGE('',*,*,#3920,.F.);
#5228=ORIENTED_EDGE('',*,*,#3918,.F.);
#5229=ORIENTED_EDGE('',*,*,#3916,.F.);
#5230=ORIENTED_EDGE('',*,*,#3946,.F.);
#5231=ORIENTED_EDGE('',*,*,#3942,.F.);
#5232=ORIENTED_EDGE('',*,*,#3939,.F.);
#5233=ORIENTED_EDGE('',*,*,#3937,.F.);
#5234=ORIENTED_EDGE('',*,*,#3935,.F.);
#5235=ORIENTED_EDGE('',*,*,#3944,.F.);
#5236=ORIENTED_EDGE('',*,*,#3952,.F.);
#5237=ORIENTED_EDGE('',*,*,#3950,.F.);
#5238=ORIENTED_EDGE('',*,*,#3948,.F.);
#5239=ORIENTED_EDGE('',*,*,#3953,.T.);
#5240=ORIENTED_EDGE('',*,*,#3954,.F.);
#5241=ORIENTED_EDGE('',*,*,#3955,.F.);
#5242=ORIENTED_EDGE('',*,*,#3956,.T.);
#5243=ORIENTED_EDGE('',*,*,#3957,.T.);
#5244=ORIENTED_EDGE('',*,*,#3958,.F.);
#5245=ORIENTED_EDGE('',*,*,#3959,.F.);
#5246=ORIENTED_EDGE('',*,*,#3960,.T.);
#5247=ORIENTED_EDGE('',*,*,#3961,.T.);
#5248=ORIENTED_EDGE('',*,*,#3962,.T.);
#5249=ORIENTED_EDGE('',*,*,#3963,.F.);
#5250=ORIENTED_EDGE('',*,*,#3964,.F.);
#5251=ORIENTED_EDGE('',*,*,#3965,.T.);
#5252=ORIENTED_EDGE('',*,*,#3966,.T.);
#5253=ORIENTED_EDGE('',*,*,#3967,.F.);
#5254=ORIENTED_EDGE('',*,*,#3968,.F.);
#5255=ORIENTED_EDGE('',*,*,#3953,.F.);
#5256=ORIENTED_EDGE('',*,*,#3956,.F.);
#5257=ORIENTED_EDGE('',*,*,#3969,.T.);
#5258=ORIENTED_EDGE('',*,*,#3970,.T.);
#5259=ORIENTED_EDGE('',*,*,#3971,.F.);
#5260=ORIENTED_EDGE('',*,*,#3957,.F.);
#5261=ORIENTED_EDGE('',*,*,#3960,.F.);
#5262=ORIENTED_EDGE('',*,*,#3972,.T.);
#5263=ORIENTED_EDGE('',*,*,#3973,.T.);
#5264=ORIENTED_EDGE('',*,*,#3974,.F.);
#5265=ORIENTED_EDGE('',*,*,#3975,.F.);
#5266=ORIENTED_EDGE('',*,*,#3976,.F.);
#5267=ORIENTED_EDGE('',*,*,#3977,.T.);
#5268=ORIENTED_EDGE('',*,*,#3978,.T.);
#5269=ORIENTED_EDGE('',*,*,#3979,.F.);
#5270=ORIENTED_EDGE('',*,*,#3980,.T.);
#5271=ORIENTED_EDGE('',*,*,#3981,.F.);
#5272=ORIENTED_EDGE('',*,*,#3982,.T.);
#5273=ORIENTED_EDGE('',*,*,#3983,.F.);
#5274=ORIENTED_EDGE('',*,*,#3984,.F.);
#5275=ORIENTED_EDGE('',*,*,#3985,.T.);
#5276=ORIENTED_EDGE('',*,*,#3986,.T.);
#5277=ORIENTED_EDGE('',*,*,#3987,.T.);
#5278=ORIENTED_EDGE('',*,*,#3988,.T.);
#5279=ORIENTED_EDGE('',*,*,#3989,.T.);
#5280=ORIENTED_EDGE('',*,*,#3990,.T.);
#5281=ORIENTED_EDGE('',*,*,#3991,.T.);
#5282=ORIENTED_EDGE('',*,*,#3992,.T.);
#5283=ORIENTED_EDGE('',*,*,#3993,.F.);
#5284=ORIENTED_EDGE('',*,*,#3994,.F.);
#5285=ORIENTED_EDGE('',*,*,#3995,.F.);
#5286=ORIENTED_EDGE('',*,*,#3996,.F.);
#5287=ORIENTED_EDGE('',*,*,#3997,.F.);
#5288=ORIENTED_EDGE('',*,*,#3998,.T.);
#5289=ORIENTED_EDGE('',*,*,#3999,.T.);
#5290=ORIENTED_EDGE('',*,*,#4000,.T.);
#5291=ORIENTED_EDGE('',*,*,#4001,.T.);
#5292=ORIENTED_EDGE('',*,*,#4002,.T.);
#5293=ORIENTED_EDGE('',*,*,#4003,.T.);
#5294=ORIENTED_EDGE('',*,*,#4004,.F.);
#5295=ORIENTED_EDGE('',*,*,#4005,.F.);
#5296=ORIENTED_EDGE('',*,*,#4006,.F.);
#5297=ORIENTED_EDGE('',*,*,#4007,.F.);
#5298=ORIENTED_EDGE('',*,*,#4008,.F.);
#5299=ORIENTED_EDGE('',*,*,#4009,.T.);
#5300=ORIENTED_EDGE('',*,*,#4010,.T.);
#5301=ORIENTED_EDGE('',*,*,#4011,.T.);
#5302=ORIENTED_EDGE('',*,*,#4012,.F.);
#5303=ORIENTED_EDGE('',*,*,#4013,.T.);
#5304=ORIENTED_EDGE('',*,*,#4014,.F.);
#5305=ORIENTED_EDGE('',*,*,#4015,.T.);
#5306=ORIENTED_EDGE('',*,*,#4016,.F.);
#5307=ORIENTED_EDGE('',*,*,#4017,.T.);
#5308=ORIENTED_EDGE('',*,*,#4018,.T.);
#5309=ORIENTED_EDGE('',*,*,#4019,.T.);
#5310=ORIENTED_EDGE('',*,*,#4020,.F.);
#5311=ORIENTED_EDGE('',*,*,#3976,.T.);
#5312=ORIENTED_EDGE('',*,*,#4021,.F.);
#5313=ORIENTED_EDGE('',*,*,#4022,.T.);
#5314=ORIENTED_EDGE('',*,*,#3984,.T.);
#5315=ORIENTED_EDGE('',*,*,#3980,.F.);
#5316=ORIENTED_EDGE('',*,*,#3987,.F.);
#5317=ORIENTED_EDGE('',*,*,#4023,.F.);
#5318=ORIENTED_EDGE('',*,*,#4024,.F.);
#5319=ORIENTED_EDGE('',*,*,#3986,.F.);
#5320=ORIENTED_EDGE('',*,*,#4025,.F.);
#5321=ORIENTED_EDGE('',*,*,#4026,.F.);
#5322=ORIENTED_EDGE('',*,*,#4023,.T.);
#5323=ORIENTED_EDGE('',*,*,#3985,.F.);
#5324=ORIENTED_EDGE('',*,*,#4022,.F.);
#5325=ORIENTED_EDGE('',*,*,#4027,.F.);
#5326=ORIENTED_EDGE('',*,*,#4025,.T.);
#5327=ORIENTED_EDGE('',*,*,#4028,.F.);
#5328=ORIENTED_EDGE('',*,*,#4029,.T.);
#5329=ORIENTED_EDGE('',*,*,#3967,.T.);
#5330=ORIENTED_EDGE('',*,*,#4009,.F.);
#5331=ORIENTED_EDGE('',*,*,#4030,.F.);
#5332=ORIENTED_EDGE('',*,*,#4031,.T.);
#5333=ORIENTED_EDGE('',*,*,#3963,.T.);
#5334=ORIENTED_EDGE('',*,*,#3998,.F.);
#5335=ORIENTED_EDGE('',*,*,#4030,.T.);
#5336=ORIENTED_EDGE('',*,*,#3997,.T.);
#5337=ORIENTED_EDGE('',*,*,#4032,.T.);
#5338=ORIENTED_EDGE('',*,*,#4033,.F.);
#5339=ORIENTED_EDGE('',*,*,#3996,.T.);
#5340=ORIENTED_EDGE('',*,*,#4034,.T.);
#5341=ORIENTED_EDGE('',*,*,#4035,.F.);
#5342=ORIENTED_EDGE('',*,*,#4032,.F.);
#5343=ORIENTED_EDGE('',*,*,#3995,.T.);
#5344=ORIENTED_EDGE('',*,*,#4036,.T.);
#5345=ORIENTED_EDGE('',*,*,#4037,.F.);
#5346=ORIENTED_EDGE('',*,*,#4034,.F.);
#5347=ORIENTED_EDGE('',*,*,#3994,.T.);
#5348=ORIENTED_EDGE('',*,*,#4038,.T.);
#5349=ORIENTED_EDGE('',*,*,#4039,.F.);
#5350=ORIENTED_EDGE('',*,*,#4036,.F.);
#5351=ORIENTED_EDGE('',*,*,#4040,.T.);
#5352=ORIENTED_EDGE('',*,*,#4041,.F.);
#5353=ORIENTED_EDGE('',*,*,#4038,.F.);
#5354=ORIENTED_EDGE('',*,*,#3993,.T.);
#5355=ORIENTED_EDGE('',*,*,#4040,.F.);
#5356=ORIENTED_EDGE('',*,*,#3992,.F.);
#5357=ORIENTED_EDGE('',*,*,#3959,.T.);
#5358=ORIENTED_EDGE('',*,*,#4042,.T.);
#5359=ORIENTED_EDGE('',*,*,#4043,.F.);
#5360=ORIENTED_EDGE('',*,*,#3990,.F.);
#5361=ORIENTED_EDGE('',*,*,#4044,.T.);
#5362=ORIENTED_EDGE('',*,*,#4045,.F.);
#5363=ORIENTED_EDGE('',*,*,#4046,.F.);
#5364=ORIENTED_EDGE('',*,*,#4044,.F.);
#5365=ORIENTED_EDGE('',*,*,#3989,.F.);
#5366=ORIENTED_EDGE('',*,*,#4047,.T.);
#5367=ORIENTED_EDGE('',*,*,#4048,.F.);
#5368=ORIENTED_EDGE('',*,*,#4049,.F.);
#5369=ORIENTED_EDGE('',*,*,#4047,.F.);
#5370=ORIENTED_EDGE('',*,*,#3988,.F.);
#5371=ORIENTED_EDGE('',*,*,#4050,.F.);
#5372=ORIENTED_EDGE('',*,*,#4051,.F.);
#5373=ORIENTED_EDGE('',*,*,#4052,.F.);
#5374=ORIENTED_EDGE('',*,*,#4011,.F.);
#5375=ORIENTED_EDGE('',*,*,#4028,.T.);
#5376=ORIENTED_EDGE('',*,*,#4008,.T.);
#5377=ORIENTED_EDGE('',*,*,#4053,.T.);
#5378=ORIENTED_EDGE('',*,*,#4054,.F.);
#5379=ORIENTED_EDGE('',*,*,#4007,.T.);
#5380=ORIENTED_EDGE('',*,*,#4055,.T.);
#5381=ORIENTED_EDGE('',*,*,#4056,.F.);
#5382=ORIENTED_EDGE('',*,*,#4053,.F.);
#5383=ORIENTED_EDGE('',*,*,#4006,.T.);
#5384=ORIENTED_EDGE('',*,*,#4057,.T.);
#5385=ORIENTED_EDGE('',*,*,#4058,.F.);
#5386=ORIENTED_EDGE('',*,*,#4055,.F.);
#5387=ORIENTED_EDGE('',*,*,#4005,.T.);
#5388=ORIENTED_EDGE('',*,*,#4059,.T.);
#5389=ORIENTED_EDGE('',*,*,#4060,.F.);
#5390=ORIENTED_EDGE('',*,*,#4057,.F.);
#5391=ORIENTED_EDGE('',*,*,#4061,.T.);
#5392=ORIENTED_EDGE('',*,*,#4062,.F.);
#5393=ORIENTED_EDGE('',*,*,#4059,.F.);
#5394=ORIENTED_EDGE('',*,*,#4004,.T.);
#5395=ORIENTED_EDGE('',*,*,#4061,.F.);
#5396=ORIENTED_EDGE('',*,*,#4003,.F.);
#5397=ORIENTED_EDGE('',*,*,#3955,.T.);
#5398=ORIENTED_EDGE('',*,*,#4063,.T.);
#5399=ORIENTED_EDGE('',*,*,#4064,.F.);
#5400=ORIENTED_EDGE('',*,*,#4001,.F.);
#5401=ORIENTED_EDGE('',*,*,#4065,.T.);
#5402=ORIENTED_EDGE('',*,*,#4066,.F.);
#5403=ORIENTED_EDGE('',*,*,#4067,.F.);
#5404=ORIENTED_EDGE('',*,*,#4065,.F.);
#5405=ORIENTED_EDGE('',*,*,#4000,.F.);
#5406=ORIENTED_EDGE('',*,*,#4052,.T.);
#5407=ORIENTED_EDGE('',*,*,#4043,.T.);
#5408=ORIENTED_EDGE('',*,*,#4068,.F.);
#5409=ORIENTED_EDGE('',*,*,#4015,.F.);
#5410=ORIENTED_EDGE('',*,*,#4050,.T.);
#5411=ORIENTED_EDGE('',*,*,#4013,.F.);
#5412=ORIENTED_EDGE('',*,*,#4069,.F.);
#5413=ORIENTED_EDGE('',*,*,#4070,.T.);
#5414=ORIENTED_EDGE('',*,*,#4071,.F.);
#5415=ORIENTED_EDGE('',*,*,#4072,.T.);
#5416=ORIENTED_EDGE('',*,*,#4017,.F.);
#5417=ORIENTED_EDGE('',*,*,#4073,.F.);
#5418=ORIENTED_EDGE('',*,*,#4020,.T.);
#5419=ORIENTED_EDGE('',*,*,#4074,.T.);
#5420=ORIENTED_EDGE('',*,*,#4075,.F.);
#5421=ORIENTED_EDGE('',*,*,#4019,.F.);
#5422=ORIENTED_EDGE('',*,*,#4076,.F.);
#5423=ORIENTED_EDGE('',*,*,#4077,.F.);
#5424=ORIENTED_EDGE('',*,*,#4074,.F.);
#5425=ORIENTED_EDGE('',*,*,#4018,.F.);
#5426=ORIENTED_EDGE('',*,*,#4072,.F.);
#5427=ORIENTED_EDGE('',*,*,#4078,.F.);
#5428=ORIENTED_EDGE('',*,*,#4076,.T.);
#5429=ORIENTED_EDGE('',*,*,#4067,.T.);
#5430=ORIENTED_EDGE('',*,*,#4051,.T.);
#5431=ORIENTED_EDGE('',*,*,#4079,.T.);
#5432=ORIENTED_EDGE('',*,*,#4029,.F.);
#5433=ORIENTED_EDGE('',*,*,#4054,.T.);
#5434=ORIENTED_EDGE('',*,*,#4056,.T.);
#5435=ORIENTED_EDGE('',*,*,#4058,.T.);
#5436=ORIENTED_EDGE('',*,*,#4060,.T.);
#5437=ORIENTED_EDGE('',*,*,#4062,.T.);
#5438=ORIENTED_EDGE('',*,*,#4063,.F.);
#5439=ORIENTED_EDGE('',*,*,#4080,.T.);
#5440=ORIENTED_EDGE('',*,*,#4066,.T.);
#5441=ORIENTED_EDGE('',*,*,#4049,.T.);
#5442=ORIENTED_EDGE('',*,*,#4081,.T.);
#5443=ORIENTED_EDGE('',*,*,#4031,.F.);
#5444=ORIENTED_EDGE('',*,*,#4033,.T.);
#5445=ORIENTED_EDGE('',*,*,#4035,.T.);
#5446=ORIENTED_EDGE('',*,*,#4037,.T.);
#5447=ORIENTED_EDGE('',*,*,#4039,.T.);
#5448=ORIENTED_EDGE('',*,*,#4041,.T.);
#5449=ORIENTED_EDGE('',*,*,#4042,.F.);
#5450=ORIENTED_EDGE('',*,*,#4082,.T.);
#5451=ORIENTED_EDGE('',*,*,#4045,.T.);
#5452=ORIENTED_EDGE('',*,*,#4046,.T.);
#5453=ORIENTED_EDGE('',*,*,#4083,.T.);
#5454=ORIENTED_EDGE('',*,*,#4024,.T.);
#5455=ORIENTED_EDGE('',*,*,#4026,.T.);
#5456=ORIENTED_EDGE('',*,*,#4027,.T.);
#5457=ORIENTED_EDGE('',*,*,#4021,.T.);
#5458=ORIENTED_EDGE('',*,*,#4084,.T.);
#5459=ORIENTED_EDGE('',*,*,#4075,.T.);
#5460=ORIENTED_EDGE('',*,*,#4077,.T.);
#5461=ORIENTED_EDGE('',*,*,#4078,.T.);
#5462=ORIENTED_EDGE('',*,*,#4071,.T.);
#5463=ORIENTED_EDGE('',*,*,#4085,.F.);
#5464=ORIENTED_EDGE('',*,*,#4086,.T.);
#5465=ORIENTED_EDGE('',*,*,#4087,.F.);
#5466=ORIENTED_EDGE('',*,*,#4088,.T.);
#5467=ORIENTED_EDGE('',*,*,#4048,.T.);
#5468=ORIENTED_EDGE('',*,*,#4086,.F.);
#5469=ORIENTED_EDGE('',*,*,#4089,.F.);
#5470=ORIENTED_EDGE('',*,*,#4064,.T.);
#5471=ORIENTED_EDGE('',*,*,#4090,.F.);
#5472=ORIENTED_EDGE('',*,*,#4088,.F.);
#5473=ORIENTED_EDGE('',*,*,#4091,.F.);
#5474=ORIENTED_EDGE('',*,*,#4092,.F.);
#5475=ORIENTED_EDGE('',*,*,#4093,.T.);
#5476=ORIENTED_EDGE('',*,*,#4094,.T.);
#5477=ORIENTED_EDGE('',*,*,#4095,.F.);
#5478=ORIENTED_EDGE('',*,*,#4096,.T.);
#5479=ORIENTED_EDGE('',*,*,#4097,.F.);
#5480=ORIENTED_EDGE('',*,*,#4098,.F.);
#5481=ORIENTED_EDGE('',*,*,#4099,.F.);
#5482=ORIENTED_EDGE('',*,*,#4100,.F.);
#5483=ORIENTED_EDGE('',*,*,#4101,.T.);
#5484=ORIENTED_EDGE('',*,*,#4102,.T.);
#5485=ORIENTED_EDGE('',*,*,#4103,.T.);
#5486=ORIENTED_EDGE('',*,*,#4104,.F.);
#5487=ORIENTED_EDGE('',*,*,#4105,.F.);
#5488=ORIENTED_EDGE('',*,*,#4106,.F.);
#5489=ORIENTED_EDGE('',*,*,#4107,.T.);
#5490=ORIENTED_EDGE('',*,*,#4108,.T.);
#5491=ORIENTED_EDGE('',*,*,#4109,.T.);
#5492=ORIENTED_EDGE('',*,*,#4110,.F.);
#5493=ORIENTED_EDGE('',*,*,#4111,.T.);
#5494=ORIENTED_EDGE('',*,*,#4112,.F.);
#5495=ORIENTED_EDGE('',*,*,#4113,.T.);
#5496=ORIENTED_EDGE('',*,*,#4114,.T.);
#5497=ORIENTED_EDGE('',*,*,#4115,.T.);
#5498=ORIENTED_EDGE('',*,*,#4116,.F.);
#5499=ORIENTED_EDGE('',*,*,#4092,.T.);
#5500=ORIENTED_EDGE('',*,*,#4117,.F.);
#5501=ORIENTED_EDGE('',*,*,#4118,.T.);
#5502=ORIENTED_EDGE('',*,*,#4100,.T.);
#5503=ORIENTED_EDGE('',*,*,#4096,.F.);
#5504=ORIENTED_EDGE('',*,*,#4103,.F.);
#5505=ORIENTED_EDGE('',*,*,#4119,.T.);
#5506=ORIENTED_EDGE('',*,*,#4120,.F.);
#5507=ORIENTED_EDGE('',*,*,#4102,.F.);
#5508=ORIENTED_EDGE('',*,*,#4121,.T.);
#5509=ORIENTED_EDGE('',*,*,#4122,.F.);
#5510=ORIENTED_EDGE('',*,*,#4119,.F.);
#5511=ORIENTED_EDGE('',*,*,#4101,.F.);
#5512=ORIENTED_EDGE('',*,*,#4118,.F.);
#5513=ORIENTED_EDGE('',*,*,#4123,.F.);
#5514=ORIENTED_EDGE('',*,*,#4121,.F.);
#5515=ORIENTED_EDGE('',*,*,#4105,.T.);
#5516=ORIENTED_EDGE('',*,*,#4124,.F.);
#5517=ORIENTED_EDGE('',*,*,#4125,.F.);
#5518=ORIENTED_EDGE('',*,*,#4113,.F.);
#5519=ORIENTED_EDGE('',*,*,#4109,.F.);
#5520=ORIENTED_EDGE('',*,*,#4116,.T.);
#5521=ORIENTED_EDGE('',*,*,#4126,.T.);
#5522=ORIENTED_EDGE('',*,*,#4127,.F.);
#5523=ORIENTED_EDGE('',*,*,#4115,.F.);
#5524=ORIENTED_EDGE('',*,*,#4128,.T.);
#5525=ORIENTED_EDGE('',*,*,#4129,.F.);
#5526=ORIENTED_EDGE('',*,*,#4126,.F.);
#5527=ORIENTED_EDGE('',*,*,#4114,.F.);
#5528=ORIENTED_EDGE('',*,*,#4125,.T.);
#5529=ORIENTED_EDGE('',*,*,#4130,.F.);
#5530=ORIENTED_EDGE('',*,*,#4128,.F.);
#5531=ORIENTED_EDGE('',*,*,#4131,.T.);
#5532=ORIENTED_EDGE('',*,*,#4120,.T.);
#5533=ORIENTED_EDGE('',*,*,#4122,.T.);
#5534=ORIENTED_EDGE('',*,*,#4123,.T.);
#5535=ORIENTED_EDGE('',*,*,#4117,.T.);
#5536=ORIENTED_EDGE('',*,*,#4132,.T.);
#5537=ORIENTED_EDGE('',*,*,#4127,.T.);
#5538=ORIENTED_EDGE('',*,*,#4129,.T.);
#5539=ORIENTED_EDGE('',*,*,#4130,.T.);
#5540=ORIENTED_EDGE('',*,*,#4124,.T.);
#5541=ORIENTED_EDGE('',*,*,#4133,.T.);
#5542=ORIENTED_EDGE('',*,*,#4073,.T.);
#5543=ORIENTED_EDGE('',*,*,#4134,.F.);
#5544=ORIENTED_EDGE('',*,*,#4135,.T.);
#5545=ORIENTED_EDGE('',*,*,#4136,.F.);
#5546=ORIENTED_EDGE('',*,*,#4070,.F.);
#5547=ORIENTED_EDGE('',*,*,#4137,.F.);
#5548=ORIENTED_EDGE('',*,*,#4138,.F.);
#5549=ORIENTED_EDGE('',*,*,#4139,.T.);
#5550=ORIENTED_EDGE('',*,*,#4140,.T.);
#5551=ORIENTED_EDGE('',*,*,#4141,.T.);
#5552=ORIENTED_EDGE('',*,*,#4142,.T.);
#5553=ORIENTED_EDGE('',*,*,#4143,.T.);
#5554=ORIENTED_EDGE('',*,*,#4144,.F.);
#5555=ORIENTED_EDGE('',*,*,#4145,.T.);
#5556=ORIENTED_EDGE('',*,*,#4146,.T.);
#5557=ORIENTED_EDGE('',*,*,#4147,.T.);
#5558=ORIENTED_EDGE('',*,*,#4148,.T.);
#5559=ORIENTED_EDGE('',*,*,#4149,.T.);
#5560=ORIENTED_EDGE('',*,*,#4150,.F.);
#5561=ORIENTED_EDGE('',*,*,#4151,.T.);
#5562=ORIENTED_EDGE('',*,*,#4152,.T.);
#5563=ORIENTED_EDGE('',*,*,#4153,.T.);
#5564=ORIENTED_EDGE('',*,*,#4154,.T.);
#5565=ORIENTED_EDGE('',*,*,#4155,.F.);
#5566=ORIENTED_EDGE('',*,*,#4156,.F.);
#5567=ORIENTED_EDGE('',*,*,#4157,.F.);
#5568=ORIENTED_EDGE('',*,*,#4158,.F.);
#5569=ORIENTED_EDGE('',*,*,#4159,.T.);
#5570=ORIENTED_EDGE('',*,*,#4160,.T.);
#5571=ORIENTED_EDGE('',*,*,#4161,.T.);
#5572=ORIENTED_EDGE('',*,*,#4162,.T.);
#5573=ORIENTED_EDGE('',*,*,#4163,.T.);
#5574=ORIENTED_EDGE('',*,*,#4164,.T.);
#5575=ORIENTED_EDGE('',*,*,#4165,.T.);
#5576=ORIENTED_EDGE('',*,*,#4166,.F.);
#5577=ORIENTED_EDGE('',*,*,#4167,.F.);
#5578=ORIENTED_EDGE('',*,*,#4168,.F.);
#5579=ORIENTED_EDGE('',*,*,#4169,.T.);
#5580=ORIENTED_EDGE('',*,*,#4170,.T.);
#5581=ORIENTED_EDGE('',*,*,#4171,.T.);
#5582=ORIENTED_EDGE('',*,*,#4172,.T.);
#5583=ORIENTED_EDGE('',*,*,#4173,.T.);
#5584=ORIENTED_EDGE('',*,*,#4174,.T.);
#5585=ORIENTED_EDGE('',*,*,#4175,.T.);
#5586=ORIENTED_EDGE('',*,*,#4176,.T.);
#5587=ORIENTED_EDGE('',*,*,#4177,.T.);
#5588=ORIENTED_EDGE('',*,*,#4178,.T.);
#5589=ORIENTED_EDGE('',*,*,#4179,.T.);
#5590=ORIENTED_EDGE('',*,*,#4174,.F.);
#5591=ORIENTED_EDGE('',*,*,#4180,.T.);
#5592=ORIENTED_EDGE('',*,*,#4140,.F.);
#5593=ORIENTED_EDGE('',*,*,#4181,.T.);
#5594=ORIENTED_EDGE('',*,*,#4154,.F.);
#5595=ORIENTED_EDGE('',*,*,#4182,.F.);
#5596=ORIENTED_EDGE('',*,*,#4160,.F.);
#5597=ORIENTED_EDGE('',*,*,#4173,.F.);
#5598=ORIENTED_EDGE('',*,*,#4183,.T.);
#5599=ORIENTED_EDGE('',*,*,#4141,.F.);
#5600=ORIENTED_EDGE('',*,*,#4180,.F.);
#5601=ORIENTED_EDGE('',*,*,#4172,.F.);
#5602=ORIENTED_EDGE('',*,*,#4184,.T.);
#5603=ORIENTED_EDGE('',*,*,#4142,.F.);
#5604=ORIENTED_EDGE('',*,*,#4183,.F.);
#5605=ORIENTED_EDGE('',*,*,#4185,.T.);
#5606=ORIENTED_EDGE('',*,*,#4143,.F.);
#5607=ORIENTED_EDGE('',*,*,#4184,.F.);
#5608=ORIENTED_EDGE('',*,*,#4171,.F.);
#5609=ORIENTED_EDGE('',*,*,#4131,.F.);
#5610=ORIENTED_EDGE('',*,*,#4091,.T.);
#5611=ORIENTED_EDGE('',*,*,#4186,.T.);
#5612=ORIENTED_EDGE('',*,*,#4144,.T.);
#5613=ORIENTED_EDGE('',*,*,#4187,.T.);
#5614=ORIENTED_EDGE('',*,*,#4097,.T.);
#5615=ORIENTED_EDGE('',*,*,#4188,.F.);
#5616=ORIENTED_EDGE('',*,*,#4169,.F.);
#5617=ORIENTED_EDGE('',*,*,#4189,.F.);
#5618=ORIENTED_EDGE('',*,*,#4145,.F.);
#5619=ORIENTED_EDGE('',*,*,#4189,.T.);
#5620=ORIENTED_EDGE('',*,*,#4168,.T.);
#5621=ORIENTED_EDGE('',*,*,#4190,.T.);
#5622=ORIENTED_EDGE('',*,*,#4146,.F.);
#5623=ORIENTED_EDGE('',*,*,#4090,.T.);
#5624=ORIENTED_EDGE('',*,*,#4080,.F.);
#5625=ORIENTED_EDGE('',*,*,#3954,.T.);
#5626=ORIENTED_EDGE('',*,*,#3971,.T.);
#5627=ORIENTED_EDGE('',*,*,#4147,.F.);
#5628=ORIENTED_EDGE('',*,*,#4191,.T.);
#5629=ORIENTED_EDGE('',*,*,#3964,.T.);
#5630=ORIENTED_EDGE('',*,*,#4081,.F.);
#5631=ORIENTED_EDGE('',*,*,#4089,.T.);
#5632=ORIENTED_EDGE('',*,*,#4085,.T.);
#5633=ORIENTED_EDGE('',*,*,#4192,.T.);
#5634=ORIENTED_EDGE('',*,*,#4148,.F.);
#5635=ORIENTED_EDGE('',*,*,#3970,.F.);
#5636=ORIENTED_EDGE('',*,*,#4166,.T.);
#5637=ORIENTED_EDGE('',*,*,#4193,.T.);
#5638=ORIENTED_EDGE('',*,*,#4149,.F.);
#5639=ORIENTED_EDGE('',*,*,#4192,.F.);
#5640=ORIENTED_EDGE('',*,*,#4165,.F.);
#5641=ORIENTED_EDGE('',*,*,#4132,.F.);
#5642=ORIENTED_EDGE('',*,*,#4104,.T.);
#5643=ORIENTED_EDGE('',*,*,#4194,.T.);
#5644=ORIENTED_EDGE('',*,*,#4150,.T.);
#5645=ORIENTED_EDGE('',*,*,#4195,.T.);
#5646=ORIENTED_EDGE('',*,*,#4110,.T.);
#5647=ORIENTED_EDGE('',*,*,#4196,.F.);
#5648=ORIENTED_EDGE('',*,*,#4163,.F.);
#5649=ORIENTED_EDGE('',*,*,#4197,.T.);
#5650=ORIENTED_EDGE('',*,*,#4151,.F.);
#5651=ORIENTED_EDGE('',*,*,#4162,.F.);
#5652=ORIENTED_EDGE('',*,*,#4198,.T.);
#5653=ORIENTED_EDGE('',*,*,#4152,.F.);
#5654=ORIENTED_EDGE('',*,*,#4197,.F.);
#5655=ORIENTED_EDGE('',*,*,#4161,.F.);
#5656=ORIENTED_EDGE('',*,*,#4182,.T.);
#5657=ORIENTED_EDGE('',*,*,#4153,.F.);
#5658=ORIENTED_EDGE('',*,*,#4198,.F.);
#5659=ORIENTED_EDGE('',*,*,#4112,.T.);
#5660=ORIENTED_EDGE('',*,*,#4108,.F.);
#5661=ORIENTED_EDGE('',*,*,#4199,.T.);
#5662=ORIENTED_EDGE('',*,*,#4164,.F.);
#5663=ORIENTED_EDGE('',*,*,#4200,.T.);
#5664=ORIENTED_EDGE('',*,*,#4106,.T.);
#5665=ORIENTED_EDGE('',*,*,#4087,.T.);
#5666=ORIENTED_EDGE('',*,*,#3999,.F.);
#5667=ORIENTED_EDGE('',*,*,#4201,.F.);
#5668=ORIENTED_EDGE('',*,*,#4167,.T.);
#5669=ORIENTED_EDGE('',*,*,#3969,.F.);
#5670=ORIENTED_EDGE('',*,*,#4002,.F.);
#5671=ORIENTED_EDGE('',*,*,#4099,.T.);
#5672=ORIENTED_EDGE('',*,*,#4095,.T.);
#5673=ORIENTED_EDGE('',*,*,#4202,.T.);
#5674=ORIENTED_EDGE('',*,*,#4170,.F.);
#5675=ORIENTED_EDGE('',*,*,#4203,.T.);
#5676=ORIENTED_EDGE('',*,*,#4093,.F.);
#5677=ORIENTED_EDGE('',*,*,#4187,.F.);
#5678=ORIENTED_EDGE('',*,*,#4185,.F.);
#5679=ORIENTED_EDGE('',*,*,#4202,.F.);
#5680=ORIENTED_EDGE('',*,*,#4098,.T.);
#5681=ORIENTED_EDGE('',*,*,#4203,.F.);
#5682=ORIENTED_EDGE('',*,*,#4188,.T.);
#5683=ORIENTED_EDGE('',*,*,#4186,.F.);
#5684=ORIENTED_EDGE('',*,*,#4094,.F.);
#5685=ORIENTED_EDGE('',*,*,#3961,.F.);
#5686=ORIENTED_EDGE('',*,*,#4191,.F.);
#5687=ORIENTED_EDGE('',*,*,#4190,.F.);
#5688=ORIENTED_EDGE('',*,*,#4201,.T.);
#5689=ORIENTED_EDGE('',*,*,#3962,.F.);
#5690=ORIENTED_EDGE('',*,*,#4195,.F.);
#5691=ORIENTED_EDGE('',*,*,#4193,.F.);
#5692=ORIENTED_EDGE('',*,*,#4199,.F.);
#5693=ORIENTED_EDGE('',*,*,#4111,.F.);
#5694=ORIENTED_EDGE('',*,*,#4200,.F.);
#5695=ORIENTED_EDGE('',*,*,#4196,.T.);
#5696=ORIENTED_EDGE('',*,*,#4194,.F.);
#5697=ORIENTED_EDGE('',*,*,#4107,.F.);
#5698=ORIENTED_EDGE('',*,*,#4204,.T.);
#5699=ORIENTED_EDGE('',*,*,#4205,.T.);
#5700=ORIENTED_EDGE('',*,*,#4206,.F.);
#5701=ORIENTED_EDGE('',*,*,#4139,.F.);
#5702=ORIENTED_EDGE('',*,*,#4207,.T.);
#5703=ORIENTED_EDGE('',*,*,#4208,.T.);
#5704=ORIENTED_EDGE('',*,*,#4209,.F.);
#5705=ORIENTED_EDGE('',*,*,#4205,.F.);
#5706=ORIENTED_EDGE('',*,*,#4210,.T.);
#5707=ORIENTED_EDGE('',*,*,#4211,.T.);
#5708=ORIENTED_EDGE('',*,*,#4212,.F.);
#5709=ORIENTED_EDGE('',*,*,#4208,.F.);
#5710=ORIENTED_EDGE('',*,*,#4213,.F.);
#5711=ORIENTED_EDGE('',*,*,#4211,.F.);
#5712=ORIENTED_EDGE('',*,*,#4214,.T.);
#5713=ORIENTED_EDGE('',*,*,#4215,.F.);
#5714=ORIENTED_EDGE('',*,*,#4216,.F.);
#5715=ORIENTED_EDGE('',*,*,#4217,.T.);
#5716=ORIENTED_EDGE('',*,*,#4218,.T.);
#5717=ORIENTED_EDGE('',*,*,#4219,.F.);
#5718=ORIENTED_EDGE('',*,*,#4220,.T.);
#5719=ORIENTED_EDGE('',*,*,#4221,.T.);
#5720=ORIENTED_EDGE('',*,*,#4222,.F.);
#5721=ORIENTED_EDGE('',*,*,#4218,.F.);
#5722=ORIENTED_EDGE('',*,*,#4223,.T.);
#5723=ORIENTED_EDGE('',*,*,#4224,.T.);
#5724=ORIENTED_EDGE('',*,*,#4225,.F.);
#5725=ORIENTED_EDGE('',*,*,#4221,.F.);
#5726=ORIENTED_EDGE('',*,*,#4226,.T.);
#5727=ORIENTED_EDGE('',*,*,#4159,.F.);
#5728=ORIENTED_EDGE('',*,*,#4227,.F.);
#5729=ORIENTED_EDGE('',*,*,#4224,.F.);
#5730=ORIENTED_EDGE('',*,*,#4228,.T.);
#5731=ORIENTED_EDGE('',*,*,#4219,.T.);
#5732=ORIENTED_EDGE('',*,*,#4229,.T.);
#5733=ORIENTED_EDGE('',*,*,#4213,.T.);
#5734=ORIENTED_EDGE('',*,*,#4230,.T.);
#5735=ORIENTED_EDGE('',*,*,#4210,.F.);
#5736=ORIENTED_EDGE('',*,*,#4231,.T.);
#5737=ORIENTED_EDGE('',*,*,#4220,.F.);
#5738=ORIENTED_EDGE('',*,*,#4232,.F.);
#5739=ORIENTED_EDGE('',*,*,#4214,.F.);
#5740=ORIENTED_EDGE('',*,*,#4230,.F.);
#5741=ORIENTED_EDGE('',*,*,#4217,.F.);
#5742=ORIENTED_EDGE('',*,*,#4231,.F.);
#5743=ORIENTED_EDGE('',*,*,#4207,.F.);
#5744=ORIENTED_EDGE('',*,*,#4233,.F.);
#5745=ORIENTED_EDGE('',*,*,#4223,.F.);
#5746=ORIENTED_EDGE('',*,*,#4233,.T.);
#5747=ORIENTED_EDGE('',*,*,#4204,.F.);
#5748=ORIENTED_EDGE('',*,*,#4181,.F.);
#5749=ORIENTED_EDGE('',*,*,#4226,.F.);
#5750=ORIENTED_EDGE('',*,*,#4229,.F.);
#5751=ORIENTED_EDGE('',*,*,#4222,.T.);
#5752=ORIENTED_EDGE('',*,*,#4234,.F.);
#5753=ORIENTED_EDGE('',*,*,#4212,.T.);
#5754=ORIENTED_EDGE('',*,*,#4234,.T.);
#5755=ORIENTED_EDGE('',*,*,#4225,.T.);
#5756=ORIENTED_EDGE('',*,*,#4235,.T.);
#5757=ORIENTED_EDGE('',*,*,#4209,.T.);
#5758=ORIENTED_EDGE('',*,*,#4235,.F.);
#5759=ORIENTED_EDGE('',*,*,#4227,.T.);
#5760=ORIENTED_EDGE('',*,*,#4179,.F.);
#5761=ORIENTED_EDGE('',*,*,#4206,.T.);
#5762=ORIENTED_EDGE('',*,*,#4236,.T.);
#5763=ORIENTED_EDGE('',*,*,#4237,.T.);
#5764=ORIENTED_EDGE('',*,*,#4238,.T.);
#5765=ORIENTED_EDGE('',*,*,#4239,.T.);
#5766=ORIENTED_EDGE('',*,*,#4240,.T.);
#5767=ORIENTED_EDGE('',*,*,#4241,.F.);
#5768=ORIENTED_EDGE('',*,*,#4242,.T.);
#5769=ORIENTED_EDGE('',*,*,#4243,.T.);
#5770=ORIENTED_EDGE('',*,*,#4244,.T.);
#5771=ORIENTED_EDGE('',*,*,#4245,.T.);
#5772=ORIENTED_EDGE('',*,*,#4246,.T.);
#5773=ORIENTED_EDGE('',*,*,#4247,.F.);
#5774=ORIENTED_EDGE('',*,*,#4248,.T.);
#5775=ORIENTED_EDGE('',*,*,#4249,.T.);
#5776=ORIENTED_EDGE('',*,*,#4250,.T.);
#5777=ORIENTED_EDGE('',*,*,#4251,.T.);
#5778=ORIENTED_EDGE('',*,*,#4252,.F.);
#5779=ORIENTED_EDGE('',*,*,#4253,.F.);
#5780=ORIENTED_EDGE('',*,*,#4254,.F.);
#5781=ORIENTED_EDGE('',*,*,#4255,.F.);
#5782=ORIENTED_EDGE('',*,*,#4256,.T.);
#5783=ORIENTED_EDGE('',*,*,#4257,.T.);
#5784=ORIENTED_EDGE('',*,*,#4258,.T.);
#5785=ORIENTED_EDGE('',*,*,#4259,.T.);
#5786=ORIENTED_EDGE('',*,*,#4260,.T.);
#5787=ORIENTED_EDGE('',*,*,#4261,.T.);
#5788=ORIENTED_EDGE('',*,*,#4262,.T.);
#5789=ORIENTED_EDGE('',*,*,#4263,.F.);
#5790=ORIENTED_EDGE('',*,*,#4264,.F.);
#5791=ORIENTED_EDGE('',*,*,#4265,.F.);
#5792=ORIENTED_EDGE('',*,*,#4266,.T.);
#5793=ORIENTED_EDGE('',*,*,#4267,.T.);
#5794=ORIENTED_EDGE('',*,*,#4268,.T.);
#5795=ORIENTED_EDGE('',*,*,#4269,.T.);
#5796=ORIENTED_EDGE('',*,*,#4270,.T.);
#5797=ORIENTED_EDGE('',*,*,#4271,.T.);
#5798=ORIENTED_EDGE('',*,*,#4272,.T.);
#5799=ORIENTED_EDGE('',*,*,#4273,.T.);
#5800=ORIENTED_EDGE('',*,*,#4274,.T.);
#5801=ORIENTED_EDGE('',*,*,#4275,.T.);
#5802=ORIENTED_EDGE('',*,*,#4276,.T.);
#5803=ORIENTED_EDGE('',*,*,#4271,.F.);
#5804=ORIENTED_EDGE('',*,*,#4277,.F.);
#5805=ORIENTED_EDGE('',*,*,#4237,.F.);
#5806=ORIENTED_EDGE('',*,*,#4278,.T.);
#5807=ORIENTED_EDGE('',*,*,#4251,.F.);
#5808=ORIENTED_EDGE('',*,*,#4279,.T.);
#5809=ORIENTED_EDGE('',*,*,#4257,.F.);
#5810=ORIENTED_EDGE('',*,*,#4270,.F.);
#5811=ORIENTED_EDGE('',*,*,#4280,.F.);
#5812=ORIENTED_EDGE('',*,*,#4238,.F.);
#5813=ORIENTED_EDGE('',*,*,#4277,.T.);
#5814=ORIENTED_EDGE('',*,*,#4269,.F.);
#5815=ORIENTED_EDGE('',*,*,#4281,.F.);
#5816=ORIENTED_EDGE('',*,*,#4239,.F.);
#5817=ORIENTED_EDGE('',*,*,#4280,.T.);
#5818=ORIENTED_EDGE('',*,*,#4282,.T.);
#5819=ORIENTED_EDGE('',*,*,#4240,.F.);
#5820=ORIENTED_EDGE('',*,*,#4281,.T.);
#5821=ORIENTED_EDGE('',*,*,#4268,.F.);
#5822=ORIENTED_EDGE('',*,*,#4083,.F.);
#5823=ORIENTED_EDGE('',*,*,#3975,.T.);
#5824=ORIENTED_EDGE('',*,*,#4283,.T.);
#5825=ORIENTED_EDGE('',*,*,#4241,.T.);
#5826=ORIENTED_EDGE('',*,*,#4284,.T.);
#5827=ORIENTED_EDGE('',*,*,#3981,.T.);
#5828=ORIENTED_EDGE('',*,*,#4285,.F.);
#5829=ORIENTED_EDGE('',*,*,#4266,.F.);
#5830=ORIENTED_EDGE('',*,*,#4286,.F.);
#5831=ORIENTED_EDGE('',*,*,#4242,.F.);
#5832=ORIENTED_EDGE('',*,*,#4286,.T.);
#5833=ORIENTED_EDGE('',*,*,#4265,.T.);
#5834=ORIENTED_EDGE('',*,*,#4287,.T.);
#5835=ORIENTED_EDGE('',*,*,#4243,.F.);
#5836=ORIENTED_EDGE('',*,*,#4068,.T.);
#5837=ORIENTED_EDGE('',*,*,#4082,.F.);
#5838=ORIENTED_EDGE('',*,*,#3958,.T.);
#5839=ORIENTED_EDGE('',*,*,#3974,.T.);
#5840=ORIENTED_EDGE('',*,*,#4244,.F.);
#5841=ORIENTED_EDGE('',*,*,#4288,.T.);
#5842=ORIENTED_EDGE('',*,*,#3968,.T.);
#5843=ORIENTED_EDGE('',*,*,#4079,.F.);
#5844=ORIENTED_EDGE('',*,*,#4069,.T.);
#5845=ORIENTED_EDGE('',*,*,#4012,.T.);
#5846=ORIENTED_EDGE('',*,*,#4289,.T.);
#5847=ORIENTED_EDGE('',*,*,#4245,.F.);
#5848=ORIENTED_EDGE('',*,*,#3973,.F.);
#5849=ORIENTED_EDGE('',*,*,#4263,.T.);
#5850=ORIENTED_EDGE('',*,*,#4290,.T.);
#5851=ORIENTED_EDGE('',*,*,#4246,.F.);
#5852=ORIENTED_EDGE('',*,*,#4289,.F.);
#5853=ORIENTED_EDGE('',*,*,#4262,.F.);
#5854=ORIENTED_EDGE('',*,*,#4084,.F.);
#5855=ORIENTED_EDGE('',*,*,#4136,.T.);
#5856=ORIENTED_EDGE('',*,*,#4291,.T.);
#5857=ORIENTED_EDGE('',*,*,#4247,.T.);
#5858=ORIENTED_EDGE('',*,*,#4292,.T.);
#5859=ORIENTED_EDGE('',*,*,#4134,.T.);
#5860=ORIENTED_EDGE('',*,*,#4293,.F.);
#5861=ORIENTED_EDGE('',*,*,#4260,.F.);
#5862=ORIENTED_EDGE('',*,*,#4294,.F.);
#5863=ORIENTED_EDGE('',*,*,#4248,.F.);
#5864=ORIENTED_EDGE('',*,*,#4259,.F.);
#5865=ORIENTED_EDGE('',*,*,#4295,.F.);
#5866=ORIENTED_EDGE('',*,*,#4249,.F.);
#5867=ORIENTED_EDGE('',*,*,#4294,.T.);
#5868=ORIENTED_EDGE('',*,*,#4258,.F.);
#5869=ORIENTED_EDGE('',*,*,#4279,.F.);
#5870=ORIENTED_EDGE('',*,*,#4250,.F.);
#5871=ORIENTED_EDGE('',*,*,#4295,.T.);
#5872=ORIENTED_EDGE('',*,*,#4016,.T.);
#5873=ORIENTED_EDGE('',*,*,#4133,.F.);
#5874=ORIENTED_EDGE('',*,*,#4296,.T.);
#5875=ORIENTED_EDGE('',*,*,#4261,.F.);
#5876=ORIENTED_EDGE('',*,*,#4297,.T.);
#5877=ORIENTED_EDGE('',*,*,#4137,.T.);
#5878=ORIENTED_EDGE('',*,*,#4014,.T.);
#5879=ORIENTED_EDGE('',*,*,#4010,.F.);
#5880=ORIENTED_EDGE('',*,*,#4298,.F.);
#5881=ORIENTED_EDGE('',*,*,#4264,.T.);
#5882=ORIENTED_EDGE('',*,*,#3972,.F.);
#5883=ORIENTED_EDGE('',*,*,#3991,.F.);
#5884=ORIENTED_EDGE('',*,*,#3983,.T.);
#5885=ORIENTED_EDGE('',*,*,#3979,.T.);
#5886=ORIENTED_EDGE('',*,*,#4299,.T.);
#5887=ORIENTED_EDGE('',*,*,#4267,.F.);
#5888=ORIENTED_EDGE('',*,*,#4300,.T.);
#5889=ORIENTED_EDGE('',*,*,#3977,.F.);
#5890=ORIENTED_EDGE('',*,*,#4284,.F.);
#5891=ORIENTED_EDGE('',*,*,#4282,.F.);
#5892=ORIENTED_EDGE('',*,*,#4299,.F.);
#5893=ORIENTED_EDGE('',*,*,#3982,.F.);
#5894=ORIENTED_EDGE('',*,*,#4300,.F.);
#5895=ORIENTED_EDGE('',*,*,#4285,.T.);
#5896=ORIENTED_EDGE('',*,*,#4283,.F.);
#5897=ORIENTED_EDGE('',*,*,#3978,.F.);
#5898=ORIENTED_EDGE('',*,*,#3965,.F.);
#5899=ORIENTED_EDGE('',*,*,#4288,.F.);
#5900=ORIENTED_EDGE('',*,*,#4287,.F.);
#5901=ORIENTED_EDGE('',*,*,#4298,.T.);
#5902=ORIENTED_EDGE('',*,*,#3966,.F.);
#5903=ORIENTED_EDGE('',*,*,#4292,.F.);
#5904=ORIENTED_EDGE('',*,*,#4290,.F.);
#5905=ORIENTED_EDGE('',*,*,#4296,.F.);
#5906=ORIENTED_EDGE('',*,*,#4135,.F.);
#5907=ORIENTED_EDGE('',*,*,#4297,.F.);
#5908=ORIENTED_EDGE('',*,*,#4293,.T.);
#5909=ORIENTED_EDGE('',*,*,#4291,.F.);
#5910=ORIENTED_EDGE('',*,*,#4138,.T.);
#5911=ORIENTED_EDGE('',*,*,#4301,.T.);
#5912=ORIENTED_EDGE('',*,*,#4302,.T.);
#5913=ORIENTED_EDGE('',*,*,#4303,.F.);
#5914=ORIENTED_EDGE('',*,*,#4236,.F.);
#5915=ORIENTED_EDGE('',*,*,#4304,.T.);
#5916=ORIENTED_EDGE('',*,*,#4305,.T.);
#5917=ORIENTED_EDGE('',*,*,#4306,.F.);
#5918=ORIENTED_EDGE('',*,*,#4302,.F.);
#5919=ORIENTED_EDGE('',*,*,#4307,.T.);
#5920=ORIENTED_EDGE('',*,*,#4308,.T.);
#5921=ORIENTED_EDGE('',*,*,#4309,.F.);
#5922=ORIENTED_EDGE('',*,*,#4305,.F.);
#5923=ORIENTED_EDGE('',*,*,#4310,.F.);
#5924=ORIENTED_EDGE('',*,*,#4308,.F.);
#5925=ORIENTED_EDGE('',*,*,#4311,.T.);
#5926=ORIENTED_EDGE('',*,*,#4312,.F.);
#5927=ORIENTED_EDGE('',*,*,#4313,.F.);
#5928=ORIENTED_EDGE('',*,*,#4314,.T.);
#5929=ORIENTED_EDGE('',*,*,#4315,.T.);
#5930=ORIENTED_EDGE('',*,*,#4316,.F.);
#5931=ORIENTED_EDGE('',*,*,#4317,.T.);
#5932=ORIENTED_EDGE('',*,*,#4318,.T.);
#5933=ORIENTED_EDGE('',*,*,#4319,.F.);
#5934=ORIENTED_EDGE('',*,*,#4315,.F.);
#5935=ORIENTED_EDGE('',*,*,#4320,.T.);
#5936=ORIENTED_EDGE('',*,*,#4321,.T.);
#5937=ORIENTED_EDGE('',*,*,#4322,.F.);
#5938=ORIENTED_EDGE('',*,*,#4318,.F.);
#5939=ORIENTED_EDGE('',*,*,#4323,.T.);
#5940=ORIENTED_EDGE('',*,*,#4256,.F.);
#5941=ORIENTED_EDGE('',*,*,#4324,.F.);
#5942=ORIENTED_EDGE('',*,*,#4321,.F.);
#5943=ORIENTED_EDGE('',*,*,#4325,.T.);
#5944=ORIENTED_EDGE('',*,*,#4316,.T.);
#5945=ORIENTED_EDGE('',*,*,#4326,.T.);
#5946=ORIENTED_EDGE('',*,*,#4310,.T.);
#5947=ORIENTED_EDGE('',*,*,#4327,.T.);
#5948=ORIENTED_EDGE('',*,*,#4307,.F.);
#5949=ORIENTED_EDGE('',*,*,#4328,.T.);
#5950=ORIENTED_EDGE('',*,*,#4317,.F.);
#5951=ORIENTED_EDGE('',*,*,#4329,.F.);
#5952=ORIENTED_EDGE('',*,*,#4311,.F.);
#5953=ORIENTED_EDGE('',*,*,#4327,.F.);
#5954=ORIENTED_EDGE('',*,*,#4314,.F.);
#5955=ORIENTED_EDGE('',*,*,#4328,.F.);
#5956=ORIENTED_EDGE('',*,*,#4304,.F.);
#5957=ORIENTED_EDGE('',*,*,#4330,.F.);
#5958=ORIENTED_EDGE('',*,*,#4320,.F.);
#5959=ORIENTED_EDGE('',*,*,#4330,.T.);
#5960=ORIENTED_EDGE('',*,*,#4301,.F.);
#5961=ORIENTED_EDGE('',*,*,#4278,.F.);
#5962=ORIENTED_EDGE('',*,*,#4323,.F.);
#5963=ORIENTED_EDGE('',*,*,#4326,.F.);
#5964=ORIENTED_EDGE('',*,*,#4319,.T.);
#5965=ORIENTED_EDGE('',*,*,#4331,.F.);
#5966=ORIENTED_EDGE('',*,*,#4309,.T.);
#5967=ORIENTED_EDGE('',*,*,#4331,.T.);
#5968=ORIENTED_EDGE('',*,*,#4322,.T.);
#5969=ORIENTED_EDGE('',*,*,#4332,.T.);
#5970=ORIENTED_EDGE('',*,*,#4306,.T.);
#5971=ORIENTED_EDGE('',*,*,#4332,.F.);
#5972=ORIENTED_EDGE('',*,*,#4324,.T.);
#5973=ORIENTED_EDGE('',*,*,#4276,.F.);
#5974=ORIENTED_EDGE('',*,*,#4303,.T.);
#5975=ORIENTED_EDGE('',*,*,#4228,.F.);
#5976=ORIENTED_EDGE('',*,*,#4215,.T.);
#5977=ORIENTED_EDGE('',*,*,#4232,.T.);
#5978=ORIENTED_EDGE('',*,*,#4216,.T.);
#5979=ORIENTED_EDGE('',*,*,#4325,.F.);
#5980=ORIENTED_EDGE('',*,*,#4312,.T.);
#5981=ORIENTED_EDGE('',*,*,#4329,.T.);
#5982=ORIENTED_EDGE('',*,*,#4313,.T.);
#5983=ORIENTED_EDGE('',*,*,#4333,.T.);
#5984=ORIENTED_EDGE('',*,*,#4334,.T.);
#5985=ORIENTED_EDGE('',*,*,#4335,.T.);
#5986=ORIENTED_EDGE('',*,*,#4336,.T.);
#5987=ORIENTED_EDGE('',*,*,#4333,.F.);
#5988=ORIENTED_EDGE('',*,*,#4337,.F.);
#5989=ORIENTED_EDGE('',*,*,#4157,.T.);
#5990=ORIENTED_EDGE('',*,*,#4338,.T.);
#5991=ORIENTED_EDGE('',*,*,#4334,.F.);
#5992=ORIENTED_EDGE('',*,*,#4338,.F.);
#5993=ORIENTED_EDGE('',*,*,#4156,.T.);
#5994=ORIENTED_EDGE('',*,*,#4339,.T.);
#5995=ORIENTED_EDGE('',*,*,#4335,.F.);
#5996=ORIENTED_EDGE('',*,*,#4339,.F.);
#5997=ORIENTED_EDGE('',*,*,#4155,.T.);
#5998=ORIENTED_EDGE('',*,*,#4340,.T.);
#5999=ORIENTED_EDGE('',*,*,#4336,.F.);
#6000=ORIENTED_EDGE('',*,*,#4340,.F.);
#6001=ORIENTED_EDGE('',*,*,#4158,.T.);
#6002=ORIENTED_EDGE('',*,*,#4337,.T.);
#6003=ORIENTED_EDGE('',*,*,#4341,.F.);
#6004=ORIENTED_EDGE('',*,*,#4175,.F.);
#6005=ORIENTED_EDGE('',*,*,#4342,.T.);
#6006=ORIENTED_EDGE('',*,*,#4343,.T.);
#6007=ORIENTED_EDGE('',*,*,#4344,.F.);
#6008=ORIENTED_EDGE('',*,*,#4176,.F.);
#6009=ORIENTED_EDGE('',*,*,#4341,.T.);
#6010=ORIENTED_EDGE('',*,*,#4345,.T.);
#6011=ORIENTED_EDGE('',*,*,#4346,.F.);
#6012=ORIENTED_EDGE('',*,*,#4177,.F.);
#6013=ORIENTED_EDGE('',*,*,#4344,.T.);
#6014=ORIENTED_EDGE('',*,*,#4347,.T.);
#6015=ORIENTED_EDGE('',*,*,#4342,.F.);
#6016=ORIENTED_EDGE('',*,*,#4178,.F.);
#6017=ORIENTED_EDGE('',*,*,#4346,.T.);
#6018=ORIENTED_EDGE('',*,*,#4348,.T.);
#6019=ORIENTED_EDGE('',*,*,#4349,.F.);
#6020=ORIENTED_EDGE('',*,*,#4350,.F.);
#6021=ORIENTED_EDGE('',*,*,#4351,.F.);
#6022=ORIENTED_EDGE('',*,*,#4352,.F.);
#6023=ORIENTED_EDGE('',*,*,#4353,.T.);
#6024=ORIENTED_EDGE('',*,*,#4352,.T.);
#6025=ORIENTED_EDGE('',*,*,#4354,.F.);
#6026=ORIENTED_EDGE('',*,*,#4345,.F.);
#6027=ORIENTED_EDGE('',*,*,#4354,.T.);
#6028=ORIENTED_EDGE('',*,*,#4351,.T.);
#6029=ORIENTED_EDGE('',*,*,#4355,.F.);
#6030=ORIENTED_EDGE('',*,*,#4347,.F.);
#6031=ORIENTED_EDGE('',*,*,#4355,.T.);
#6032=ORIENTED_EDGE('',*,*,#4350,.T.);
#6033=ORIENTED_EDGE('',*,*,#4356,.F.);
#6034=ORIENTED_EDGE('',*,*,#4348,.F.);
#6035=ORIENTED_EDGE('',*,*,#4356,.T.);
#6036=ORIENTED_EDGE('',*,*,#4349,.T.);
#6037=ORIENTED_EDGE('',*,*,#4353,.F.);
#6038=ORIENTED_EDGE('',*,*,#4343,.F.);
#6039=ORIENTED_EDGE('',*,*,#4357,.T.);
#6040=ORIENTED_EDGE('',*,*,#4358,.T.);
#6041=ORIENTED_EDGE('',*,*,#4359,.T.);
#6042=ORIENTED_EDGE('',*,*,#4360,.T.);
#6043=ORIENTED_EDGE('',*,*,#4357,.F.);
#6044=ORIENTED_EDGE('',*,*,#4361,.F.);
#6045=ORIENTED_EDGE('',*,*,#4254,.T.);
#6046=ORIENTED_EDGE('',*,*,#4362,.T.);
#6047=ORIENTED_EDGE('',*,*,#4358,.F.);
#6048=ORIENTED_EDGE('',*,*,#4362,.F.);
#6049=ORIENTED_EDGE('',*,*,#4253,.T.);
#6050=ORIENTED_EDGE('',*,*,#4363,.T.);
#6051=ORIENTED_EDGE('',*,*,#4359,.F.);
#6052=ORIENTED_EDGE('',*,*,#4363,.F.);
#6053=ORIENTED_EDGE('',*,*,#4252,.T.);
#6054=ORIENTED_EDGE('',*,*,#4364,.T.);
#6055=ORIENTED_EDGE('',*,*,#4360,.F.);
#6056=ORIENTED_EDGE('',*,*,#4364,.F.);
#6057=ORIENTED_EDGE('',*,*,#4255,.T.);
#6058=ORIENTED_EDGE('',*,*,#4361,.T.);
#6059=ORIENTED_EDGE('',*,*,#4365,.F.);
#6060=ORIENTED_EDGE('',*,*,#4272,.F.);
#6061=ORIENTED_EDGE('',*,*,#4366,.T.);
#6062=ORIENTED_EDGE('',*,*,#4367,.T.);
#6063=ORIENTED_EDGE('',*,*,#4368,.F.);
#6064=ORIENTED_EDGE('',*,*,#4273,.F.);
#6065=ORIENTED_EDGE('',*,*,#4365,.T.);
#6066=ORIENTED_EDGE('',*,*,#4369,.T.);
#6067=ORIENTED_EDGE('',*,*,#4370,.F.);
#6068=ORIENTED_EDGE('',*,*,#4274,.F.);
#6069=ORIENTED_EDGE('',*,*,#4368,.T.);
#6070=ORIENTED_EDGE('',*,*,#4371,.T.);
#6071=ORIENTED_EDGE('',*,*,#4366,.F.);
#6072=ORIENTED_EDGE('',*,*,#4275,.F.);
#6073=ORIENTED_EDGE('',*,*,#4370,.T.);
#6074=ORIENTED_EDGE('',*,*,#4372,.T.);
#6075=ORIENTED_EDGE('',*,*,#4373,.F.);
#6076=ORIENTED_EDGE('',*,*,#4374,.F.);
#6077=ORIENTED_EDGE('',*,*,#4375,.F.);
#6078=ORIENTED_EDGE('',*,*,#4376,.F.);
#6079=ORIENTED_EDGE('',*,*,#4377,.T.);
#6080=ORIENTED_EDGE('',*,*,#4376,.T.);
#6081=ORIENTED_EDGE('',*,*,#4378,.F.);
#6082=ORIENTED_EDGE('',*,*,#4369,.F.);
#6083=ORIENTED_EDGE('',*,*,#4378,.T.);
#6084=ORIENTED_EDGE('',*,*,#4375,.T.);
#6085=ORIENTED_EDGE('',*,*,#4379,.F.);
#6086=ORIENTED_EDGE('',*,*,#4371,.F.);
#6087=ORIENTED_EDGE('',*,*,#4379,.T.);
#6088=ORIENTED_EDGE('',*,*,#4374,.T.);
#6089=ORIENTED_EDGE('',*,*,#4380,.F.);
#6090=ORIENTED_EDGE('',*,*,#4372,.F.);
#6091=ORIENTED_EDGE('',*,*,#4380,.T.);
#6092=ORIENTED_EDGE('',*,*,#4373,.T.);
#6093=ORIENTED_EDGE('',*,*,#4377,.F.);
#6094=ORIENTED_EDGE('',*,*,#4367,.F.);
#6095=ORIENTED_EDGE('',*,*,#4381,.T.);
#6096=ORIENTED_EDGE('',*,*,#4382,.T.);
#6097=ORIENTED_EDGE('',*,*,#4383,.T.);
#6098=ORIENTED_EDGE('',*,*,#4384,.T.);
#6099=ORIENTED_EDGE('',*,*,#4385,.F.);
#6100=ORIENTED_EDGE('',*,*,#4386,.F.);
#6101=ORIENTED_EDGE('',*,*,#4387,.F.);
#6102=ORIENTED_EDGE('',*,*,#4388,.F.);
#6103=ORIENTED_EDGE('',*,*,#4389,.F.);
#6104=ORIENTED_EDGE('',*,*,#4390,.F.);
#6105=ORIENTED_EDGE('',*,*,#4391,.F.);
#6106=ORIENTED_EDGE('',*,*,#4392,.F.);
#6107=ORIENTED_EDGE('',*,*,#4393,.F.);
#6108=ORIENTED_EDGE('',*,*,#4394,.F.);
#6109=ORIENTED_EDGE('',*,*,#4395,.F.);
#6110=ORIENTED_EDGE('',*,*,#4384,.F.);
#6111=ORIENTED_EDGE('',*,*,#4396,.F.);
#6112=ORIENTED_EDGE('',*,*,#4381,.F.);
#6113=ORIENTED_EDGE('',*,*,#4397,.F.);
#6114=ORIENTED_EDGE('',*,*,#4386,.T.);
#6115=ORIENTED_EDGE('',*,*,#4398,.T.);
#6116=ORIENTED_EDGE('',*,*,#4399,.T.);
#6117=ORIENTED_EDGE('',*,*,#4400,.F.);
#6118=ORIENTED_EDGE('',*,*,#4401,.F.);
#6119=ORIENTED_EDGE('',*,*,#4402,.F.);
#6120=ORIENTED_EDGE('',*,*,#4403,.F.);
#6121=ORIENTED_EDGE('',*,*,#4404,.F.);
#6122=ORIENTED_EDGE('',*,*,#4394,.T.);
#6123=ORIENTED_EDGE('',*,*,#4405,.T.);
#6124=ORIENTED_EDGE('',*,*,#4406,.F.);
#6125=ORIENTED_EDGE('',*,*,#4407,.T.);
#6126=ORIENTED_EDGE('',*,*,#4408,.T.);
#6127=ORIENTED_EDGE('',*,*,#4409,.F.);
#6128=ORIENTED_EDGE('',*,*,#4410,.F.);
#6129=ORIENTED_EDGE('',*,*,#4411,.F.);
#6130=ORIENTED_EDGE('',*,*,#4412,.F.);
#6131=ORIENTED_EDGE('',*,*,#4413,.F.);
#6132=ORIENTED_EDGE('',*,*,#4406,.T.);
#6133=ORIENTED_EDGE('',*,*,#4414,.T.);
#6134=ORIENTED_EDGE('',*,*,#4415,.T.);
#6135=ORIENTED_EDGE('',*,*,#4416,.T.);
#6136=ORIENTED_EDGE('',*,*,#4417,.T.);
#6137=ORIENTED_EDGE('',*,*,#4418,.T.);
#6138=ORIENTED_EDGE('',*,*,#4419,.T.);
#6139=ORIENTED_EDGE('',*,*,#4420,.T.);
#6140=ORIENTED_EDGE('',*,*,#4403,.T.);
#6141=ORIENTED_EDGE('',*,*,#4421,.F.);
#6142=ORIENTED_EDGE('',*,*,#4422,.F.);
#6143=ORIENTED_EDGE('',*,*,#4423,.F.);
#6144=ORIENTED_EDGE('',*,*,#4412,.T.);
#6145=ORIENTED_EDGE('',*,*,#4424,.T.);
#6146=ORIENTED_EDGE('',*,*,#4422,.T.);
#6147=ORIENTED_EDGE('',*,*,#4425,.F.);
#6148=ORIENTED_EDGE('',*,*,#4382,.F.);
#6149=ORIENTED_EDGE('',*,*,#4396,.T.);
#6150=ORIENTED_EDGE('',*,*,#4383,.F.);
#6151=ORIENTED_EDGE('',*,*,#4426,.F.);
#6152=ORIENTED_EDGE('',*,*,#4426,.T.);
#6153=ORIENTED_EDGE('',*,*,#4385,.T.);
#6154=ORIENTED_EDGE('',*,*,#4427,.T.);
#6155=ORIENTED_EDGE('',*,*,#4428,.F.);
#6156=ORIENTED_EDGE('',*,*,#4398,.F.);
#6157=ORIENTED_EDGE('',*,*,#4387,.T.);
#6158=ORIENTED_EDGE('',*,*,#4404,.T.);
#6159=ORIENTED_EDGE('',*,*,#4420,.F.);
#6160=ORIENTED_EDGE('',*,*,#4429,.F.);
#6161=ORIENTED_EDGE('',*,*,#4388,.T.);
#6162=ORIENTED_EDGE('',*,*,#4429,.T.);
#6163=ORIENTED_EDGE('',*,*,#4419,.F.);
#6164=ORIENTED_EDGE('',*,*,#4430,.F.);
#6165=ORIENTED_EDGE('',*,*,#4389,.T.);
#6166=ORIENTED_EDGE('',*,*,#4430,.T.);
#6167=ORIENTED_EDGE('',*,*,#4418,.F.);
#6168=ORIENTED_EDGE('',*,*,#4431,.F.);
#6169=ORIENTED_EDGE('',*,*,#4390,.T.);
#6170=ORIENTED_EDGE('',*,*,#4431,.T.);
#6171=ORIENTED_EDGE('',*,*,#4417,.F.);
#6172=ORIENTED_EDGE('',*,*,#4432,.F.);
#6173=ORIENTED_EDGE('',*,*,#4391,.T.);
#6174=ORIENTED_EDGE('',*,*,#4432,.T.);
#6175=ORIENTED_EDGE('',*,*,#4416,.F.);
#6176=ORIENTED_EDGE('',*,*,#4433,.F.);
#6177=ORIENTED_EDGE('',*,*,#4392,.T.);
#6178=ORIENTED_EDGE('',*,*,#4433,.T.);
#6179=ORIENTED_EDGE('',*,*,#4415,.F.);
#6180=ORIENTED_EDGE('',*,*,#4434,.F.);
#6181=ORIENTED_EDGE('',*,*,#4393,.T.);
#6182=ORIENTED_EDGE('',*,*,#4434,.T.);
#6183=ORIENTED_EDGE('',*,*,#4414,.F.);
#6184=ORIENTED_EDGE('',*,*,#4405,.F.);
#6185=ORIENTED_EDGE('',*,*,#4395,.T.);
#6186=ORIENTED_EDGE('',*,*,#4411,.T.);
#6187=ORIENTED_EDGE('',*,*,#4435,.F.);
#6188=ORIENTED_EDGE('',*,*,#4436,.F.);
#6189=ORIENTED_EDGE('',*,*,#4397,.T.);
#6190=ORIENTED_EDGE('',*,*,#4436,.T.);
#6191=ORIENTED_EDGE('',*,*,#4437,.F.);
#6192=ORIENTED_EDGE('',*,*,#4427,.F.);
#6193=ORIENTED_EDGE('',*,*,#4428,.T.);
#6194=ORIENTED_EDGE('',*,*,#4438,.T.);
#6195=ORIENTED_EDGE('',*,*,#4439,.F.);
#6196=ORIENTED_EDGE('',*,*,#4399,.F.);
#6197=ORIENTED_EDGE('',*,*,#4400,.T.);
#6198=ORIENTED_EDGE('',*,*,#4439,.T.);
#6199=ORIENTED_EDGE('',*,*,#4440,.T.);
#6200=ORIENTED_EDGE('',*,*,#4441,.T.);
#6201=ORIENTED_EDGE('',*,*,#4409,.T.);
#6202=ORIENTED_EDGE('',*,*,#4442,.T.);
#6203=ORIENTED_EDGE('',*,*,#4443,.T.);
#6204=ORIENTED_EDGE('',*,*,#4444,.T.);
#6205=ORIENTED_EDGE('',*,*,#4445,.T.);
#6206=ORIENTED_EDGE('',*,*,#4401,.T.);
#6207=ORIENTED_EDGE('',*,*,#4444,.F.);
#6208=ORIENTED_EDGE('',*,*,#4446,.F.);
#6209=ORIENTED_EDGE('',*,*,#4421,.T.);
#6210=ORIENTED_EDGE('',*,*,#4402,.T.);
#6211=ORIENTED_EDGE('',*,*,#4445,.F.);
#6212=ORIENTED_EDGE('',*,*,#4447,.F.);
#6213=ORIENTED_EDGE('',*,*,#4413,.T.);
#6214=ORIENTED_EDGE('',*,*,#4448,.T.);
#6215=ORIENTED_EDGE('',*,*,#4449,.F.);
#6216=ORIENTED_EDGE('',*,*,#4407,.F.);
#6217=ORIENTED_EDGE('',*,*,#4449,.T.);
#6218=ORIENTED_EDGE('',*,*,#4450,.T.);
#6219=ORIENTED_EDGE('',*,*,#4442,.F.);
#6220=ORIENTED_EDGE('',*,*,#4408,.F.);
#6221=ORIENTED_EDGE('',*,*,#4435,.T.);
#6222=ORIENTED_EDGE('',*,*,#4410,.T.);
#6223=ORIENTED_EDGE('',*,*,#4441,.F.);
#6224=ORIENTED_EDGE('',*,*,#4451,.F.);
#6225=ORIENTED_EDGE('',*,*,#4424,.F.);
#6226=ORIENTED_EDGE('',*,*,#4423,.T.);
#6227=ORIENTED_EDGE('',*,*,#4425,.T.);
#6228=ORIENTED_EDGE('',*,*,#4447,.T.);
#6229=ORIENTED_EDGE('',*,*,#4452,.F.);
#6230=ORIENTED_EDGE('',*,*,#4448,.F.);
#6231=ORIENTED_EDGE('',*,*,#4437,.T.);
#6232=ORIENTED_EDGE('',*,*,#4451,.T.);
#6233=ORIENTED_EDGE('',*,*,#4440,.F.);
#6234=ORIENTED_EDGE('',*,*,#4438,.F.);
#6235=ORIENTED_EDGE('',*,*,#4452,.T.);
#6236=ORIENTED_EDGE('',*,*,#4446,.T.);
#6237=ORIENTED_EDGE('',*,*,#4443,.F.);
#6238=ORIENTED_EDGE('',*,*,#4450,.F.);
#6239=ORIENTED_EDGE('',*,*,#4453,.T.);
#6240=ORIENTED_EDGE('',*,*,#4454,.T.);
#6241=ORIENTED_EDGE('',*,*,#4455,.T.);
#6242=ORIENTED_EDGE('',*,*,#4456,.T.);
#6243=ORIENTED_EDGE('',*,*,#4457,.T.);
#6244=ORIENTED_EDGE('',*,*,#4458,.T.);
#6245=ORIENTED_EDGE('',*,*,#4459,.T.);
#6246=ORIENTED_EDGE('',*,*,#4460,.F.);
#6247=ORIENTED_EDGE('',*,*,#4461,.F.);
#6248=ORIENTED_EDGE('',*,*,#4462,.F.);
#6249=ORIENTED_EDGE('',*,*,#4453,.F.);
#6250=ORIENTED_EDGE('',*,*,#4463,.F.);
#6251=ORIENTED_EDGE('',*,*,#4464,.T.);
#6252=ORIENTED_EDGE('',*,*,#4465,.F.);
#6253=ORIENTED_EDGE('',*,*,#4466,.F.);
#6254=ORIENTED_EDGE('',*,*,#4467,.T.);
#6255=ORIENTED_EDGE('',*,*,#4468,.T.);
#6256=ORIENTED_EDGE('',*,*,#4462,.T.);
#6257=ORIENTED_EDGE('',*,*,#4469,.T.);
#6258=ORIENTED_EDGE('',*,*,#4470,.T.);
#6259=ORIENTED_EDGE('',*,*,#4454,.F.);
#6260=ORIENTED_EDGE('',*,*,#4471,.T.);
#6261=ORIENTED_EDGE('',*,*,#4472,.T.);
#6262=ORIENTED_EDGE('',*,*,#4455,.F.);
#6263=ORIENTED_EDGE('',*,*,#4470,.F.);
#6264=ORIENTED_EDGE('',*,*,#4473,.T.);
#6265=ORIENTED_EDGE('',*,*,#4474,.T.);
#6266=ORIENTED_EDGE('',*,*,#4456,.F.);
#6267=ORIENTED_EDGE('',*,*,#4472,.F.);
#6268=ORIENTED_EDGE('',*,*,#4475,.T.);
#6269=ORIENTED_EDGE('',*,*,#4457,.F.);
#6270=ORIENTED_EDGE('',*,*,#4474,.F.);
#6271=ORIENTED_EDGE('',*,*,#4476,.T.);
#6272=ORIENTED_EDGE('',*,*,#4475,.F.);
#6273=ORIENTED_EDGE('',*,*,#4477,.T.);
#6274=ORIENTED_EDGE('',*,*,#4478,.T.);
#6275=ORIENTED_EDGE('',*,*,#4458,.F.);
#6276=ORIENTED_EDGE('',*,*,#4479,.F.);
#6277=ORIENTED_EDGE('',*,*,#4480,.F.);
#6278=ORIENTED_EDGE('',*,*,#4459,.F.);
#6279=ORIENTED_EDGE('',*,*,#4478,.F.);
#6280=ORIENTED_EDGE('',*,*,#4481,.F.);
#6281=ORIENTED_EDGE('',*,*,#4482,.F.);
#6282=ORIENTED_EDGE('',*,*,#4483,.F.);
#6283=ORIENTED_EDGE('',*,*,#4484,.F.);
#6284=ORIENTED_EDGE('',*,*,#4460,.T.);
#6285=ORIENTED_EDGE('',*,*,#4480,.T.);
#6286=ORIENTED_EDGE('',*,*,#4485,.F.);
#6287=ORIENTED_EDGE('',*,*,#4486,.F.);
#6288=ORIENTED_EDGE('',*,*,#4463,.T.);
#6289=ORIENTED_EDGE('',*,*,#4461,.T.);
#6290=ORIENTED_EDGE('',*,*,#4487,.F.);
#6291=ORIENTED_EDGE('',*,*,#4488,.F.);
#6292=ORIENTED_EDGE('',*,*,#4489,.T.);
#6293=ORIENTED_EDGE('',*,*,#4490,.T.);
#6294=ORIENTED_EDGE('',*,*,#4491,.T.);
#6295=ORIENTED_EDGE('',*,*,#4492,.F.);
#6296=ORIENTED_EDGE('',*,*,#4493,.F.);
#6297=ORIENTED_EDGE('',*,*,#4494,.F.);
#6298=ORIENTED_EDGE('',*,*,#4495,.F.);
#6299=ORIENTED_EDGE('',*,*,#4496,.F.);
#6300=ORIENTED_EDGE('',*,*,#4497,.F.);
#6301=ORIENTED_EDGE('',*,*,#4498,.F.);
#6302=ORIENTED_EDGE('',*,*,#4499,.F.);
#6303=ORIENTED_EDGE('',*,*,#4464,.F.);
#6304=ORIENTED_EDGE('',*,*,#4488,.T.);
#6305=ORIENTED_EDGE('',*,*,#4500,.T.);
#6306=ORIENTED_EDGE('',*,*,#4465,.T.);
#6307=ORIENTED_EDGE('',*,*,#4499,.T.);
#6308=ORIENTED_EDGE('',*,*,#4501,.F.);
#6309=ORIENTED_EDGE('',*,*,#4502,.F.);
#6310=ORIENTED_EDGE('',*,*,#4503,.T.);
#6311=ORIENTED_EDGE('',*,*,#4466,.T.);
#6312=ORIENTED_EDGE('',*,*,#4502,.T.);
#6313=ORIENTED_EDGE('',*,*,#4504,.T.);
#6314=ORIENTED_EDGE('',*,*,#4505,.T.);
#6315=ORIENTED_EDGE('',*,*,#4506,.T.);
#6316=ORIENTED_EDGE('',*,*,#4507,.T.);
#6317=ORIENTED_EDGE('',*,*,#4508,.T.);
#6318=ORIENTED_EDGE('',*,*,#4509,.T.);
#6319=ORIENTED_EDGE('',*,*,#4510,.T.);
#6320=ORIENTED_EDGE('',*,*,#4511,.T.);
#6321=ORIENTED_EDGE('',*,*,#4512,.F.);
#6322=ORIENTED_EDGE('',*,*,#4513,.F.);
#6323=ORIENTED_EDGE('',*,*,#4514,.F.);
#6324=ORIENTED_EDGE('',*,*,#4515,.T.);
#6325=ORIENTED_EDGE('',*,*,#4516,.T.);
#6326=ORIENTED_EDGE('',*,*,#4467,.F.);
#6327=ORIENTED_EDGE('',*,*,#4503,.F.);
#6328=ORIENTED_EDGE('',*,*,#4517,.T.);
#6329=ORIENTED_EDGE('',*,*,#4481,.T.);
#6330=ORIENTED_EDGE('',*,*,#4477,.F.);
#6331=ORIENTED_EDGE('',*,*,#4476,.F.);
#6332=ORIENTED_EDGE('',*,*,#4473,.F.);
#6333=ORIENTED_EDGE('',*,*,#4471,.F.);
#6334=ORIENTED_EDGE('',*,*,#4469,.F.);
#6335=ORIENTED_EDGE('',*,*,#4468,.F.);
#6336=ORIENTED_EDGE('',*,*,#4516,.F.);
#6337=ORIENTED_EDGE('',*,*,#4485,.T.);
#6338=ORIENTED_EDGE('',*,*,#4479,.T.);
#6339=ORIENTED_EDGE('',*,*,#4518,.F.);
#6340=ORIENTED_EDGE('',*,*,#4519,.F.);
#6341=ORIENTED_EDGE('',*,*,#4520,.T.);
#6342=ORIENTED_EDGE('',*,*,#4482,.T.);
#6343=ORIENTED_EDGE('',*,*,#4517,.F.);
#6344=ORIENTED_EDGE('',*,*,#4521,.F.);
#6345=ORIENTED_EDGE('',*,*,#4522,.T.);
#6346=ORIENTED_EDGE('',*,*,#4483,.T.);
#6347=ORIENTED_EDGE('',*,*,#4520,.F.);
#6348=ORIENTED_EDGE('',*,*,#4523,.F.);
#6349=ORIENTED_EDGE('',*,*,#4524,.T.);
#6350=ORIENTED_EDGE('',*,*,#4492,.T.);
#6351=ORIENTED_EDGE('',*,*,#4525,.T.);
#6352=ORIENTED_EDGE('',*,*,#4518,.T.);
#6353=ORIENTED_EDGE('',*,*,#4484,.T.);
#6354=ORIENTED_EDGE('',*,*,#4522,.F.);
#6355=ORIENTED_EDGE('',*,*,#4526,.F.);
#6356=ORIENTED_EDGE('',*,*,#4510,.F.);
#6357=ORIENTED_EDGE('',*,*,#4487,.T.);
#6358=ORIENTED_EDGE('',*,*,#4486,.T.);
#6359=ORIENTED_EDGE('',*,*,#4527,.F.);
#6360=ORIENTED_EDGE('',*,*,#4528,.F.);
#6361=ORIENTED_EDGE('',*,*,#4489,.F.);
#6362=ORIENTED_EDGE('',*,*,#4529,.T.);
#6363=ORIENTED_EDGE('',*,*,#4528,.T.);
#6364=ORIENTED_EDGE('',*,*,#4490,.F.);
#6365=ORIENTED_EDGE('',*,*,#4529,.F.);
#6366=ORIENTED_EDGE('',*,*,#4500,.F.);
#6367=ORIENTED_EDGE('',*,*,#4527,.T.);
#6368=ORIENTED_EDGE('',*,*,#4519,.T.);
#6369=ORIENTED_EDGE('',*,*,#4525,.F.);
#6370=ORIENTED_EDGE('',*,*,#4491,.F.);
#6371=ORIENTED_EDGE('',*,*,#4530,.T.);
#6372=ORIENTED_EDGE('',*,*,#4493,.T.);
#6373=ORIENTED_EDGE('',*,*,#4524,.F.);
#6374=ORIENTED_EDGE('',*,*,#4509,.F.);
#6375=ORIENTED_EDGE('',*,*,#4531,.T.);
#6376=ORIENTED_EDGE('',*,*,#4494,.T.);
#6377=ORIENTED_EDGE('',*,*,#4530,.F.);
#6378=ORIENTED_EDGE('',*,*,#4508,.F.);
#6379=ORIENTED_EDGE('',*,*,#4532,.T.);
#6380=ORIENTED_EDGE('',*,*,#4495,.T.);
#6381=ORIENTED_EDGE('',*,*,#4531,.F.);
#6382=ORIENTED_EDGE('',*,*,#4507,.F.);
#6383=ORIENTED_EDGE('',*,*,#4533,.T.);
#6384=ORIENTED_EDGE('',*,*,#4496,.T.);
#6385=ORIENTED_EDGE('',*,*,#4532,.F.);
#6386=ORIENTED_EDGE('',*,*,#4506,.F.);
#6387=ORIENTED_EDGE('',*,*,#4534,.T.);
#6388=ORIENTED_EDGE('',*,*,#4497,.T.);
#6389=ORIENTED_EDGE('',*,*,#4533,.F.);
#6390=ORIENTED_EDGE('',*,*,#4505,.F.);
#6391=ORIENTED_EDGE('',*,*,#4501,.T.);
#6392=ORIENTED_EDGE('',*,*,#4498,.T.);
#6393=ORIENTED_EDGE('',*,*,#4534,.F.);
#6394=ORIENTED_EDGE('',*,*,#4504,.F.);
#6395=ORIENTED_EDGE('',*,*,#4526,.T.);
#6396=ORIENTED_EDGE('',*,*,#4523,.T.);
#6397=ORIENTED_EDGE('',*,*,#4535,.F.);
#6398=ORIENTED_EDGE('',*,*,#4511,.F.);
#6399=ORIENTED_EDGE('',*,*,#4536,.T.);
#6400=ORIENTED_EDGE('',*,*,#4514,.T.);
#6401=ORIENTED_EDGE('',*,*,#4537,.T.);
#6402=ORIENTED_EDGE('',*,*,#4512,.T.);
#6403=ORIENTED_EDGE('',*,*,#4537,.F.);
#6404=ORIENTED_EDGE('',*,*,#4513,.T.);
#6405=ORIENTED_EDGE('',*,*,#4535,.T.);
#6406=ORIENTED_EDGE('',*,*,#4521,.T.);
#6407=ORIENTED_EDGE('',*,*,#4515,.F.);
#6408=ORIENTED_EDGE('',*,*,#4536,.F.);
#6409=ORIENTED_EDGE('',*,*,#4538,.T.);
#6410=ORIENTED_EDGE('',*,*,#4539,.T.);
#6411=ORIENTED_EDGE('',*,*,#4540,.T.);
#6412=ORIENTED_EDGE('',*,*,#4541,.T.);
#6413=ORIENTED_EDGE('',*,*,#4542,.T.);
#6414=ORIENTED_EDGE('',*,*,#4543,.F.);
#6415=ORIENTED_EDGE('',*,*,#4544,.T.);
#6416=ORIENTED_EDGE('',*,*,#4545,.T.);
#6417=ORIENTED_EDGE('',*,*,#4546,.T.);
#6418=ORIENTED_EDGE('',*,*,#4547,.T.);
#6419=ORIENTED_EDGE('',*,*,#4543,.T.);
#6420=ORIENTED_EDGE('',*,*,#4548,.T.);
#6421=ORIENTED_EDGE('',*,*,#4549,.T.);
#6422=ORIENTED_EDGE('',*,*,#4550,.T.);
#6423=ORIENTED_EDGE('',*,*,#4551,.F.);
#6424=ORIENTED_EDGE('',*,*,#4552,.T.);
#6425=ORIENTED_EDGE('',*,*,#4553,.T.);
#6426=ORIENTED_EDGE('',*,*,#4554,.F.);
#6427=ORIENTED_EDGE('',*,*,#4555,.F.);
#6428=ORIENTED_EDGE('',*,*,#4556,.F.);
#6429=ORIENTED_EDGE('',*,*,#4541,.F.);
#6430=ORIENTED_EDGE('',*,*,#4557,.F.);
#6431=ORIENTED_EDGE('',*,*,#4558,.F.);
#6432=ORIENTED_EDGE('',*,*,#4553,.F.);
#6433=ORIENTED_EDGE('',*,*,#4559,.F.);
#6434=ORIENTED_EDGE('',*,*,#4560,.T.);
#6435=ORIENTED_EDGE('',*,*,#4561,.T.);
#6436=ORIENTED_EDGE('',*,*,#4562,.F.);
#6437=ORIENTED_EDGE('',*,*,#4563,.T.);
#6438=ORIENTED_EDGE('',*,*,#4551,.T.);
#6439=ORIENTED_EDGE('',*,*,#4558,.T.);
#6440=ORIENTED_EDGE('',*,*,#4550,.F.);
#6441=ORIENTED_EDGE('',*,*,#4564,.F.);
#6442=ORIENTED_EDGE('',*,*,#4554,.T.);
#6443=ORIENTED_EDGE('',*,*,#4565,.T.);
#6444=ORIENTED_EDGE('',*,*,#4566,.T.);
#6445=ORIENTED_EDGE('',*,*,#4567,.T.);
#6446=ORIENTED_EDGE('',*,*,#4538,.F.);
#6447=ORIENTED_EDGE('',*,*,#4568,.F.);
#6448=ORIENTED_EDGE('',*,*,#4569,.F.);
#6449=ORIENTED_EDGE('',*,*,#4570,.F.);
#6450=ORIENTED_EDGE('',*,*,#4571,.F.);
#6451=ORIENTED_EDGE('',*,*,#4572,.T.);
#6452=ORIENTED_EDGE('',*,*,#4573,.T.);
#6453=ORIENTED_EDGE('',*,*,#4539,.F.);
#6454=ORIENTED_EDGE('',*,*,#4567,.F.);
#6455=ORIENTED_EDGE('',*,*,#4574,.T.);
#6456=ORIENTED_EDGE('',*,*,#4557,.T.);
#6457=ORIENTED_EDGE('',*,*,#4540,.F.);
#6458=ORIENTED_EDGE('',*,*,#4573,.F.);
#6459=ORIENTED_EDGE('',*,*,#4556,.T.);
#6460=ORIENTED_EDGE('',*,*,#4575,.T.);
#6461=ORIENTED_EDGE('',*,*,#4548,.F.);
#6462=ORIENTED_EDGE('',*,*,#4542,.F.);
#6463=ORIENTED_EDGE('',*,*,#4576,.T.);
#6464=ORIENTED_EDGE('',*,*,#4577,.T.);
#6465=ORIENTED_EDGE('',*,*,#4544,.F.);
#6466=ORIENTED_EDGE('',*,*,#4547,.F.);
#6467=ORIENTED_EDGE('',*,*,#4578,.T.);
#6468=ORIENTED_EDGE('',*,*,#4568,.T.);
#6469=ORIENTED_EDGE('',*,*,#4545,.F.);
#6470=ORIENTED_EDGE('',*,*,#4577,.F.);
#6471=ORIENTED_EDGE('',*,*,#4579,.T.);
#6472=ORIENTED_EDGE('',*,*,#4580,.T.);
#6473=ORIENTED_EDGE('',*,*,#4546,.F.);
#6474=ORIENTED_EDGE('',*,*,#4563,.F.);
#6475=ORIENTED_EDGE('',*,*,#4555,.T.);
#6476=ORIENTED_EDGE('',*,*,#4564,.T.);
#6477=ORIENTED_EDGE('',*,*,#4549,.F.);
#6478=ORIENTED_EDGE('',*,*,#4575,.F.);
#6479=ORIENTED_EDGE('',*,*,#4581,.T.);
#6480=ORIENTED_EDGE('',*,*,#4559,.T.);
#6481=ORIENTED_EDGE('',*,*,#4552,.F.);
#6482=ORIENTED_EDGE('',*,*,#4582,.F.);
#6483=ORIENTED_EDGE('',*,*,#4583,.T.);
#6484=ORIENTED_EDGE('',*,*,#4584,.T.);
#6485=ORIENTED_EDGE('',*,*,#4585,.T.);
#6486=ORIENTED_EDGE('',*,*,#4586,.T.);
#6487=ORIENTED_EDGE('',*,*,#4587,.F.);
#6488=ORIENTED_EDGE('',*,*,#4565,.F.);
#6489=ORIENTED_EDGE('',*,*,#4588,.F.);
#6490=ORIENTED_EDGE('',*,*,#4589,.F.);
#6491=ORIENTED_EDGE('',*,*,#4590,.F.);
#6492=ORIENTED_EDGE('',*,*,#4591,.F.);
#6493=ORIENTED_EDGE('',*,*,#4592,.F.);
#6494=ORIENTED_EDGE('',*,*,#4593,.F.);
#6495=ORIENTED_EDGE('',*,*,#4594,.F.);
#6496=ORIENTED_EDGE('',*,*,#4560,.F.);
#6497=ORIENTED_EDGE('',*,*,#4581,.F.);
#6498=ORIENTED_EDGE('',*,*,#4594,.T.);
#6499=ORIENTED_EDGE('',*,*,#4595,.T.);
#6500=ORIENTED_EDGE('',*,*,#4596,.F.);
#6501=ORIENTED_EDGE('',*,*,#4561,.F.);
#6502=ORIENTED_EDGE('',*,*,#4597,.F.);
#6503=ORIENTED_EDGE('',*,*,#4579,.F.);
#6504=ORIENTED_EDGE('',*,*,#4562,.T.);
#6505=ORIENTED_EDGE('',*,*,#4596,.T.);
#6506=ORIENTED_EDGE('',*,*,#4598,.T.);
#6507=ORIENTED_EDGE('',*,*,#4599,.T.);
#6508=ORIENTED_EDGE('',*,*,#4600,.T.);
#6509=ORIENTED_EDGE('',*,*,#4601,.T.);
#6510=ORIENTED_EDGE('',*,*,#4602,.T.);
#6511=ORIENTED_EDGE('',*,*,#4603,.T.);
#6512=ORIENTED_EDGE('',*,*,#4570,.T.);
#6513=ORIENTED_EDGE('',*,*,#4604,.F.);
#6514=ORIENTED_EDGE('',*,*,#4605,.F.);
#6515=ORIENTED_EDGE('',*,*,#4606,.F.);
#6516=ORIENTED_EDGE('',*,*,#4587,.T.);
#6517=ORIENTED_EDGE('',*,*,#4607,.T.);
#6518=ORIENTED_EDGE('',*,*,#4572,.F.);
#6519=ORIENTED_EDGE('',*,*,#4566,.F.);
#6520=ORIENTED_EDGE('',*,*,#4604,.T.);
#6521=ORIENTED_EDGE('',*,*,#4569,.T.);
#6522=ORIENTED_EDGE('',*,*,#4578,.F.);
#6523=ORIENTED_EDGE('',*,*,#4608,.F.);
#6524=ORIENTED_EDGE('',*,*,#4588,.T.);
#6525=ORIENTED_EDGE('',*,*,#4571,.T.);
#6526=ORIENTED_EDGE('',*,*,#4603,.F.);
#6527=ORIENTED_EDGE('',*,*,#4609,.F.);
#6528=ORIENTED_EDGE('',*,*,#4610,.T.);
#6529=ORIENTED_EDGE('',*,*,#4582,.T.);
#6530=ORIENTED_EDGE('',*,*,#4574,.F.);
#6531=ORIENTED_EDGE('',*,*,#4607,.F.);
#6532=ORIENTED_EDGE('',*,*,#4611,.T.);
#6533=ORIENTED_EDGE('',*,*,#4608,.T.);
#6534=ORIENTED_EDGE('',*,*,#4576,.F.);
#6535=ORIENTED_EDGE('',*,*,#4580,.F.);
#6536=ORIENTED_EDGE('',*,*,#4586,.F.);
#6537=ORIENTED_EDGE('',*,*,#4612,.F.);
#6538=ORIENTED_EDGE('',*,*,#4583,.F.);
#6539=ORIENTED_EDGE('',*,*,#4610,.F.);
#6540=ORIENTED_EDGE('',*,*,#4584,.F.);
#6541=ORIENTED_EDGE('',*,*,#4612,.T.);
#6542=ORIENTED_EDGE('',*,*,#4585,.F.);
#6543=ORIENTED_EDGE('',*,*,#4613,.F.);
#6544=ORIENTED_EDGE('',*,*,#4613,.T.);
#6545=ORIENTED_EDGE('',*,*,#4589,.T.);
#6546=ORIENTED_EDGE('',*,*,#4609,.T.);
#6547=ORIENTED_EDGE('',*,*,#4602,.F.);
#6548=ORIENTED_EDGE('',*,*,#4614,.F.);
#6549=ORIENTED_EDGE('',*,*,#4590,.T.);
#6550=ORIENTED_EDGE('',*,*,#4614,.T.);
#6551=ORIENTED_EDGE('',*,*,#4601,.F.);
#6552=ORIENTED_EDGE('',*,*,#4615,.F.);
#6553=ORIENTED_EDGE('',*,*,#4591,.T.);
#6554=ORIENTED_EDGE('',*,*,#4615,.T.);
#6555=ORIENTED_EDGE('',*,*,#4600,.F.);
#6556=ORIENTED_EDGE('',*,*,#4616,.F.);
#6557=ORIENTED_EDGE('',*,*,#4592,.T.);
#6558=ORIENTED_EDGE('',*,*,#4616,.T.);
#6559=ORIENTED_EDGE('',*,*,#4599,.F.);
#6560=ORIENTED_EDGE('',*,*,#4617,.F.);
#6561=ORIENTED_EDGE('',*,*,#4593,.T.);
#6562=ORIENTED_EDGE('',*,*,#4617,.T.);
#6563=ORIENTED_EDGE('',*,*,#4598,.F.);
#6564=ORIENTED_EDGE('',*,*,#4595,.F.);
#6565=ORIENTED_EDGE('',*,*,#4597,.T.);
#6566=ORIENTED_EDGE('',*,*,#4618,.T.);
#6567=ORIENTED_EDGE('',*,*,#4605,.T.);
#6568=ORIENTED_EDGE('',*,*,#4611,.F.);
#6569=ORIENTED_EDGE('',*,*,#4618,.F.);
#6570=ORIENTED_EDGE('',*,*,#4606,.T.);
#6571=ORIENTED_EDGE('',*,*,#4619,.T.);
#6572=ORIENTED_EDGE('',*,*,#4620,.T.);
#6573=ORIENTED_EDGE('',*,*,#4621,.F.);
#6574=ORIENTED_EDGE('',*,*,#4622,.F.);
#6575=ORIENTED_EDGE('',*,*,#4623,.F.);
#6576=ORIENTED_EDGE('',*,*,#4624,.F.);
#6577=ORIENTED_EDGE('',*,*,#4625,.F.);
#6578=ORIENTED_EDGE('',*,*,#4626,.T.);
#6579=ORIENTED_EDGE('',*,*,#4627,.T.);
#6580=ORIENTED_EDGE('',*,*,#4619,.F.);
#6581=ORIENTED_EDGE('',*,*,#4628,.F.);
#6582=ORIENTED_EDGE('',*,*,#4629,.T.);
#6583=ORIENTED_EDGE('',*,*,#4630,.T.);
#6584=ORIENTED_EDGE('',*,*,#4631,.F.);
#6585=ORIENTED_EDGE('',*,*,#4620,.F.);
#6586=ORIENTED_EDGE('',*,*,#4631,.T.);
#6587=ORIENTED_EDGE('',*,*,#4632,.T.);
#6588=ORIENTED_EDGE('',*,*,#4633,.T.);
#6589=ORIENTED_EDGE('',*,*,#4634,.T.);
#6590=ORIENTED_EDGE('',*,*,#4635,.T.);
#6591=ORIENTED_EDGE('',*,*,#4636,.F.);
#6592=ORIENTED_EDGE('',*,*,#4637,.F.);
#6593=ORIENTED_EDGE('',*,*,#4621,.T.);
#6594=ORIENTED_EDGE('',*,*,#4622,.T.);
#6595=ORIENTED_EDGE('',*,*,#4637,.T.);
#6596=ORIENTED_EDGE('',*,*,#4638,.F.);
#6597=ORIENTED_EDGE('',*,*,#4639,.F.);
#6598=ORIENTED_EDGE('',*,*,#4623,.T.);
#6599=ORIENTED_EDGE('',*,*,#4639,.T.);
#6600=ORIENTED_EDGE('',*,*,#4640,.F.);
#6601=ORIENTED_EDGE('',*,*,#4641,.F.);
#6602=ORIENTED_EDGE('',*,*,#4642,.T.);
#6603=ORIENTED_EDGE('',*,*,#4624,.T.);
#6604=ORIENTED_EDGE('',*,*,#4641,.T.);
#6605=ORIENTED_EDGE('',*,*,#4643,.F.);
#6606=ORIENTED_EDGE('',*,*,#4642,.F.);
#6607=ORIENTED_EDGE('',*,*,#4644,.F.);
#6608=ORIENTED_EDGE('',*,*,#4645,.F.);
#6609=ORIENTED_EDGE('',*,*,#4646,.F.);
#6610=ORIENTED_EDGE('',*,*,#4647,.F.);
#6611=ORIENTED_EDGE('',*,*,#4648,.T.);
#6612=ORIENTED_EDGE('',*,*,#4628,.T.);
#6613=ORIENTED_EDGE('',*,*,#4625,.T.);
#6614=ORIENTED_EDGE('',*,*,#4649,.T.);
#6615=ORIENTED_EDGE('',*,*,#4650,.T.);
#6616=ORIENTED_EDGE('',*,*,#4651,.T.);
#6617=ORIENTED_EDGE('',*,*,#4652,.T.);
#6618=ORIENTED_EDGE('',*,*,#4626,.F.);
#6619=ORIENTED_EDGE('',*,*,#4648,.F.);
#6620=ORIENTED_EDGE('',*,*,#4653,.F.);
#6621=ORIENTED_EDGE('',*,*,#4654,.F.);
#6622=ORIENTED_EDGE('',*,*,#4655,.F.);
#6623=ORIENTED_EDGE('',*,*,#4656,.F.);
#6624=ORIENTED_EDGE('',*,*,#4657,.F.);
#6625=ORIENTED_EDGE('',*,*,#4658,.F.);
#6626=ORIENTED_EDGE('',*,*,#4659,.F.);
#6627=ORIENTED_EDGE('',*,*,#4660,.F.);
#6628=ORIENTED_EDGE('',*,*,#4661,.F.);
#6629=ORIENTED_EDGE('',*,*,#4662,.T.);
#6630=ORIENTED_EDGE('',*,*,#4663,.T.);
#6631=ORIENTED_EDGE('',*,*,#4629,.F.);
#6632=ORIENTED_EDGE('',*,*,#4627,.F.);
#6633=ORIENTED_EDGE('',*,*,#4664,.T.);
#6634=ORIENTED_EDGE('',*,*,#4665,.T.);
#6635=ORIENTED_EDGE('',*,*,#4632,.F.);
#6636=ORIENTED_EDGE('',*,*,#4630,.F.);
#6637=ORIENTED_EDGE('',*,*,#4660,.T.);
#6638=ORIENTED_EDGE('',*,*,#4666,.T.);
#6639=ORIENTED_EDGE('',*,*,#4667,.F.);
#6640=ORIENTED_EDGE('',*,*,#4668,.T.);
#6641=ORIENTED_EDGE('',*,*,#4669,.T.);
#6642=ORIENTED_EDGE('',*,*,#4633,.F.);
#6643=ORIENTED_EDGE('',*,*,#4665,.F.);
#6644=ORIENTED_EDGE('',*,*,#4670,.F.);
#6645=ORIENTED_EDGE('',*,*,#4671,.T.);
#6646=ORIENTED_EDGE('',*,*,#4672,.T.);
#6647=ORIENTED_EDGE('',*,*,#4634,.F.);
#6648=ORIENTED_EDGE('',*,*,#4669,.F.);
#6649=ORIENTED_EDGE('',*,*,#4673,.T.);
#6650=ORIENTED_EDGE('',*,*,#4674,.T.);
#6651=ORIENTED_EDGE('',*,*,#4635,.F.);
#6652=ORIENTED_EDGE('',*,*,#4672,.F.);
#6653=ORIENTED_EDGE('',*,*,#4675,.T.);
#6654=ORIENTED_EDGE('',*,*,#4644,.T.);
#6655=ORIENTED_EDGE('',*,*,#4643,.T.);
#6656=ORIENTED_EDGE('',*,*,#4640,.T.);
#6657=ORIENTED_EDGE('',*,*,#4638,.T.);
#6658=ORIENTED_EDGE('',*,*,#4636,.T.);
#6659=ORIENTED_EDGE('',*,*,#4674,.F.);
#6660=ORIENTED_EDGE('',*,*,#4676,.T.);
#6661=ORIENTED_EDGE('',*,*,#4645,.T.);
#6662=ORIENTED_EDGE('',*,*,#4675,.F.);
#6663=ORIENTED_EDGE('',*,*,#4677,.F.);
#6664=ORIENTED_EDGE('',*,*,#4678,.F.);
#6665=ORIENTED_EDGE('',*,*,#4679,.F.);
#6666=ORIENTED_EDGE('',*,*,#4667,.T.);
#6667=ORIENTED_EDGE('',*,*,#4680,.T.);
#6668=ORIENTED_EDGE('',*,*,#4681,.T.);
#6669=ORIENTED_EDGE('',*,*,#4682,.T.);
#6670=ORIENTED_EDGE('',*,*,#4683,.T.);
#6671=ORIENTED_EDGE('',*,*,#4684,.T.);
#6672=ORIENTED_EDGE('',*,*,#4685,.T.);
#6673=ORIENTED_EDGE('',*,*,#4686,.T.);
#6674=ORIENTED_EDGE('',*,*,#4646,.T.);
#6675=ORIENTED_EDGE('',*,*,#4676,.F.);
#6676=ORIENTED_EDGE('',*,*,#4687,.F.);
#6677=ORIENTED_EDGE('',*,*,#4688,.F.);
#6678=ORIENTED_EDGE('',*,*,#4653,.T.);
#6679=ORIENTED_EDGE('',*,*,#4647,.T.);
#6680=ORIENTED_EDGE('',*,*,#4686,.F.);
#6681=ORIENTED_EDGE('',*,*,#4689,.F.);
#6682=ORIENTED_EDGE('',*,*,#4652,.F.);
#6683=ORIENTED_EDGE('',*,*,#4690,.F.);
#6684=ORIENTED_EDGE('',*,*,#4649,.F.);
#6685=ORIENTED_EDGE('',*,*,#4662,.F.);
#6686=ORIENTED_EDGE('',*,*,#4650,.F.);
#6687=ORIENTED_EDGE('',*,*,#4690,.T.);
#6688=ORIENTED_EDGE('',*,*,#4651,.F.);
#6689=ORIENTED_EDGE('',*,*,#4691,.F.);
#6690=ORIENTED_EDGE('',*,*,#4691,.T.);
#6691=ORIENTED_EDGE('',*,*,#4654,.T.);
#6692=ORIENTED_EDGE('',*,*,#4689,.T.);
#6693=ORIENTED_EDGE('',*,*,#4685,.F.);
#6694=ORIENTED_EDGE('',*,*,#4692,.F.);
#6695=ORIENTED_EDGE('',*,*,#4655,.T.);
#6696=ORIENTED_EDGE('',*,*,#4692,.T.);
#6697=ORIENTED_EDGE('',*,*,#4684,.F.);
#6698=ORIENTED_EDGE('',*,*,#4693,.F.);
#6699=ORIENTED_EDGE('',*,*,#4656,.T.);
#6700=ORIENTED_EDGE('',*,*,#4693,.T.);
#6701=ORIENTED_EDGE('',*,*,#4683,.F.);
#6702=ORIENTED_EDGE('',*,*,#4694,.F.);
#6703=ORIENTED_EDGE('',*,*,#4657,.T.);
#6704=ORIENTED_EDGE('',*,*,#4694,.T.);
#6705=ORIENTED_EDGE('',*,*,#4682,.F.);
#6706=ORIENTED_EDGE('',*,*,#4695,.F.);
#6707=ORIENTED_EDGE('',*,*,#4658,.T.);
#6708=ORIENTED_EDGE('',*,*,#4695,.T.);
#6709=ORIENTED_EDGE('',*,*,#4681,.F.);
#6710=ORIENTED_EDGE('',*,*,#4696,.F.);
#6711=ORIENTED_EDGE('',*,*,#4659,.T.);
#6712=ORIENTED_EDGE('',*,*,#4696,.T.);
#6713=ORIENTED_EDGE('',*,*,#4680,.F.);
#6714=ORIENTED_EDGE('',*,*,#4666,.F.);
#6715=ORIENTED_EDGE('',*,*,#4661,.T.);
#6716=ORIENTED_EDGE('',*,*,#4670,.T.);
#6717=ORIENTED_EDGE('',*,*,#4664,.F.);
#6718=ORIENTED_EDGE('',*,*,#4663,.F.);
#6719=ORIENTED_EDGE('',*,*,#4679,.T.);
#6720=ORIENTED_EDGE('',*,*,#4697,.T.);
#6721=ORIENTED_EDGE('',*,*,#4671,.F.);
#6722=ORIENTED_EDGE('',*,*,#4668,.F.);
#6723=ORIENTED_EDGE('',*,*,#4698,.T.);
#6724=ORIENTED_EDGE('',*,*,#4677,.T.);
#6725=ORIENTED_EDGE('',*,*,#4673,.F.);
#6726=ORIENTED_EDGE('',*,*,#4697,.F.);
#6727=ORIENTED_EDGE('',*,*,#4678,.T.);
#6728=ORIENTED_EDGE('',*,*,#4699,.T.);
#6729=ORIENTED_EDGE('',*,*,#4687,.T.);
#6730=ORIENTED_EDGE('',*,*,#4698,.F.);
#6731=ORIENTED_EDGE('',*,*,#4699,.F.);
#6732=ORIENTED_EDGE('',*,*,#4688,.T.);
#6733=ORIENTED_EDGE('',*,*,#4700,.T.);
#6734=ORIENTED_EDGE('',*,*,#4701,.T.);
#6735=ORIENTED_EDGE('',*,*,#4702,.F.);
#6736=ORIENTED_EDGE('',*,*,#4703,.F.);
#6737=ORIENTED_EDGE('',*,*,#4704,.T.);
#6738=ORIENTED_EDGE('',*,*,#4705,.T.);
#6739=ORIENTED_EDGE('',*,*,#4706,.T.);
#6740=ORIENTED_EDGE('',*,*,#4707,.T.);
#6741=ORIENTED_EDGE('',*,*,#4708,.F.);
#6742=ORIENTED_EDGE('',*,*,#4709,.T.);
#6743=ORIENTED_EDGE('',*,*,#4710,.T.);
#6744=ORIENTED_EDGE('',*,*,#4700,.F.);
#6745=ORIENTED_EDGE('',*,*,#4711,.F.);
#6746=ORIENTED_EDGE('',*,*,#4712,.T.);
#6747=ORIENTED_EDGE('',*,*,#4713,.T.);
#6748=ORIENTED_EDGE('',*,*,#4714,.F.);
#6749=ORIENTED_EDGE('',*,*,#4701,.F.);
#6750=ORIENTED_EDGE('',*,*,#4715,.T.);
#6751=ORIENTED_EDGE('',*,*,#4716,.T.);
#6752=ORIENTED_EDGE('',*,*,#4717,.T.);
#6753=ORIENTED_EDGE('',*,*,#4718,.T.);
#6754=ORIENTED_EDGE('',*,*,#4719,.T.);
#6755=ORIENTED_EDGE('',*,*,#4702,.T.);
#6756=ORIENTED_EDGE('',*,*,#4714,.T.);
#6757=ORIENTED_EDGE('',*,*,#4720,.T.);
#6758=ORIENTED_EDGE('',*,*,#4721,.F.);
#6759=ORIENTED_EDGE('',*,*,#4703,.T.);
#6760=ORIENTED_EDGE('',*,*,#4719,.F.);
#6761=ORIENTED_EDGE('',*,*,#4722,.F.);
#6762=ORIENTED_EDGE('',*,*,#4721,.T.);
#6763=ORIENTED_EDGE('',*,*,#4723,.T.);
#6764=ORIENTED_EDGE('',*,*,#4724,.T.);
#6765=ORIENTED_EDGE('',*,*,#4704,.F.);
#6766=ORIENTED_EDGE('',*,*,#4725,.T.);
#6767=ORIENTED_EDGE('',*,*,#4726,.T.);
#6768=ORIENTED_EDGE('',*,*,#4705,.F.);
#6769=ORIENTED_EDGE('',*,*,#4724,.F.);
#6770=ORIENTED_EDGE('',*,*,#4727,.T.);
#6771=ORIENTED_EDGE('',*,*,#4728,.T.);
#6772=ORIENTED_EDGE('',*,*,#4706,.F.);
#6773=ORIENTED_EDGE('',*,*,#4726,.F.);
#6774=ORIENTED_EDGE('',*,*,#4729,.T.);
#6775=ORIENTED_EDGE('',*,*,#4707,.F.);
#6776=ORIENTED_EDGE('',*,*,#4728,.F.);
#6777=ORIENTED_EDGE('',*,*,#4730,.T.);
#6778=ORIENTED_EDGE('',*,*,#4729,.F.);
#6779=ORIENTED_EDGE('',*,*,#4731,.F.);
#6780=ORIENTED_EDGE('',*,*,#4732,.F.);
#6781=ORIENTED_EDGE('',*,*,#4733,.T.);
#6782=ORIENTED_EDGE('',*,*,#4734,.T.);
#6783=ORIENTED_EDGE('',*,*,#4735,.F.);
#6784=ORIENTED_EDGE('',*,*,#4711,.T.);
#6785=ORIENTED_EDGE('',*,*,#4708,.T.);
#6786=ORIENTED_EDGE('',*,*,#4736,.F.);
#6787=ORIENTED_EDGE('',*,*,#4709,.F.);
#6788=ORIENTED_EDGE('',*,*,#4735,.T.);
#6789=ORIENTED_EDGE('',*,*,#4737,.T.);
#6790=ORIENTED_EDGE('',*,*,#4738,.T.);
#6791=ORIENTED_EDGE('',*,*,#4739,.T.);
#6792=ORIENTED_EDGE('',*,*,#4740,.T.);
#6793=ORIENTED_EDGE('',*,*,#4741,.T.);
#6794=ORIENTED_EDGE('',*,*,#4742,.T.);
#6795=ORIENTED_EDGE('',*,*,#4743,.T.);
#6796=ORIENTED_EDGE('',*,*,#4744,.T.);
#6797=ORIENTED_EDGE('',*,*,#4745,.F.);
#6798=ORIENTED_EDGE('',*,*,#4746,.F.);
#6799=ORIENTED_EDGE('',*,*,#4747,.F.);
#6800=ORIENTED_EDGE('',*,*,#4748,.T.);
#6801=ORIENTED_EDGE('',*,*,#4749,.T.);
#6802=ORIENTED_EDGE('',*,*,#4712,.F.);
#6803=ORIENTED_EDGE('',*,*,#4710,.F.);
#6804=ORIENTED_EDGE('',*,*,#4750,.T.);
#6805=ORIENTED_EDGE('',*,*,#4751,.T.);
#6806=ORIENTED_EDGE('',*,*,#4720,.F.);
#6807=ORIENTED_EDGE('',*,*,#4713,.F.);
#6808=ORIENTED_EDGE('',*,*,#4752,.T.);
#6809=ORIENTED_EDGE('',*,*,#4753,.T.);
#6810=ORIENTED_EDGE('',*,*,#4754,.T.);
#6811=ORIENTED_EDGE('',*,*,#4715,.F.);
#6812=ORIENTED_EDGE('',*,*,#4751,.F.);
#6813=ORIENTED_EDGE('',*,*,#4755,.F.);
#6814=ORIENTED_EDGE('',*,*,#4744,.F.);
#6815=ORIENTED_EDGE('',*,*,#4756,.F.);
#6816=ORIENTED_EDGE('',*,*,#4757,.T.);
#6817=ORIENTED_EDGE('',*,*,#4758,.T.);
#6818=ORIENTED_EDGE('',*,*,#4716,.F.);
#6819=ORIENTED_EDGE('',*,*,#4754,.F.);
#6820=ORIENTED_EDGE('',*,*,#4759,.T.);
#6821=ORIENTED_EDGE('',*,*,#4760,.T.);
#6822=ORIENTED_EDGE('',*,*,#4717,.F.);
#6823=ORIENTED_EDGE('',*,*,#4758,.F.);
#6824=ORIENTED_EDGE('',*,*,#4761,.T.);
#6825=ORIENTED_EDGE('',*,*,#4731,.T.);
#6826=ORIENTED_EDGE('',*,*,#4730,.F.);
#6827=ORIENTED_EDGE('',*,*,#4727,.F.);
#6828=ORIENTED_EDGE('',*,*,#4725,.F.);
#6829=ORIENTED_EDGE('',*,*,#4723,.F.);
#6830=ORIENTED_EDGE('',*,*,#4722,.T.);
#6831=ORIENTED_EDGE('',*,*,#4718,.F.);
#6832=ORIENTED_EDGE('',*,*,#4760,.F.);
#6833=ORIENTED_EDGE('',*,*,#4762,.T.);
#6834=ORIENTED_EDGE('',*,*,#4732,.T.);
#6835=ORIENTED_EDGE('',*,*,#4761,.F.);
#6836=ORIENTED_EDGE('',*,*,#4763,.F.);
#6837=ORIENTED_EDGE('',*,*,#4764,.T.);
#6838=ORIENTED_EDGE('',*,*,#4765,.T.);
#6839=ORIENTED_EDGE('',*,*,#4766,.T.);
#6840=ORIENTED_EDGE('',*,*,#4767,.F.);
#6841=ORIENTED_EDGE('',*,*,#4752,.F.);
#6842=ORIENTED_EDGE('',*,*,#4768,.F.);
#6843=ORIENTED_EDGE('',*,*,#4769,.F.);
#6844=ORIENTED_EDGE('',*,*,#4770,.F.);
#6845=ORIENTED_EDGE('',*,*,#4771,.F.);
#6846=ORIENTED_EDGE('',*,*,#4772,.F.);
#6847=ORIENTED_EDGE('',*,*,#4773,.F.);
#6848=ORIENTED_EDGE('',*,*,#4774,.F.);
#6849=ORIENTED_EDGE('',*,*,#4733,.F.);
#6850=ORIENTED_EDGE('',*,*,#4762,.F.);
#6851=ORIENTED_EDGE('',*,*,#4774,.T.);
#6852=ORIENTED_EDGE('',*,*,#4775,.T.);
#6853=ORIENTED_EDGE('',*,*,#4737,.F.);
#6854=ORIENTED_EDGE('',*,*,#4734,.F.);
#6855=ORIENTED_EDGE('',*,*,#4736,.T.);
#6856=ORIENTED_EDGE('',*,*,#4776,.T.);
#6857=ORIENTED_EDGE('',*,*,#4746,.T.);
#6858=ORIENTED_EDGE('',*,*,#4748,.F.);
#6859=ORIENTED_EDGE('',*,*,#4773,.T.);
#6860=ORIENTED_EDGE('',*,*,#4777,.T.);
#6861=ORIENTED_EDGE('',*,*,#4738,.F.);
#6862=ORIENTED_EDGE('',*,*,#4775,.F.);
#6863=ORIENTED_EDGE('',*,*,#4772,.T.);
#6864=ORIENTED_EDGE('',*,*,#4778,.T.);
#6865=ORIENTED_EDGE('',*,*,#4739,.F.);
#6866=ORIENTED_EDGE('',*,*,#4777,.F.);
#6867=ORIENTED_EDGE('',*,*,#4771,.T.);
#6868=ORIENTED_EDGE('',*,*,#4779,.T.);
#6869=ORIENTED_EDGE('',*,*,#4740,.F.);
#6870=ORIENTED_EDGE('',*,*,#4778,.F.);
#6871=ORIENTED_EDGE('',*,*,#4770,.T.);
#6872=ORIENTED_EDGE('',*,*,#4780,.T.);
#6873=ORIENTED_EDGE('',*,*,#4741,.F.);
#6874=ORIENTED_EDGE('',*,*,#4779,.F.);
#6875=ORIENTED_EDGE('',*,*,#4769,.T.);
#6876=ORIENTED_EDGE('',*,*,#4781,.T.);
#6877=ORIENTED_EDGE('',*,*,#4742,.F.);
#6878=ORIENTED_EDGE('',*,*,#4780,.F.);
#6879=ORIENTED_EDGE('',*,*,#4768,.T.);
#6880=ORIENTED_EDGE('',*,*,#4756,.T.);
#6881=ORIENTED_EDGE('',*,*,#4743,.F.);
#6882=ORIENTED_EDGE('',*,*,#4781,.F.);
#6883=ORIENTED_EDGE('',*,*,#4745,.T.);
#6884=ORIENTED_EDGE('',*,*,#4755,.T.);
#6885=ORIENTED_EDGE('',*,*,#4750,.F.);
#6886=ORIENTED_EDGE('',*,*,#4749,.F.);
#6887=ORIENTED_EDGE('',*,*,#4747,.T.);
#6888=ORIENTED_EDGE('',*,*,#4776,.F.);
#6889=ORIENTED_EDGE('',*,*,#4767,.T.);
#6890=ORIENTED_EDGE('',*,*,#4782,.T.);
#6891=ORIENTED_EDGE('',*,*,#4757,.F.);
#6892=ORIENTED_EDGE('',*,*,#4753,.F.);
#6893=ORIENTED_EDGE('',*,*,#4783,.T.);
#6894=ORIENTED_EDGE('',*,*,#4763,.T.);
#6895=ORIENTED_EDGE('',*,*,#4759,.F.);
#6896=ORIENTED_EDGE('',*,*,#4782,.F.);
#6897=ORIENTED_EDGE('',*,*,#4766,.F.);
#6898=ORIENTED_EDGE('',*,*,#4784,.F.);
#6899=ORIENTED_EDGE('',*,*,#4764,.F.);
#6900=ORIENTED_EDGE('',*,*,#4783,.F.);
#6901=ORIENTED_EDGE('',*,*,#4784,.T.);
#6902=ORIENTED_EDGE('',*,*,#4765,.F.);
#6903=CYLINDRICAL_SURFACE('',#7479,1.5);
#6904=CYLINDRICAL_SURFACE('',#7484,4.275);
#6905=CYLINDRICAL_SURFACE('',#7489,4.275);
#6906=CYLINDRICAL_SURFACE('',#7514,1.);
#6907=CYLINDRICAL_SURFACE('',#7516,1.);
#6908=CYLINDRICAL_SURFACE('',#7519,1.);
#6909=CYLINDRICAL_SURFACE('',#7521,1.);
#6910=CYLINDRICAL_SURFACE('',#7525,3.5);
#6911=CYLINDRICAL_SURFACE('',#7534,3.);
#6912=CYLINDRICAL_SURFACE('',#7537,1.5);
#6913=CYLINDRICAL_SURFACE('',#7541,3.);
#6914=CYLINDRICAL_SURFACE('',#7555,1.);
#6915=CYLINDRICAL_SURFACE('',#7561,1.);
#6916=CYLINDRICAL_SURFACE('',#7582,1.);
#6917=CYLINDRICAL_SURFACE('',#7584,1.);
#6918=CYLINDRICAL_SURFACE('',#7640,0.5);
#6919=CYLINDRICAL_SURFACE('',#7643,0.5);
#6920=CYLINDRICAL_SURFACE('',#7649,4.3);
#6921=CYLINDRICAL_SURFACE('',#7654,0.5);
#6922=CYLINDRICAL_SURFACE('',#7657,0.5);
#6923=CYLINDRICAL_SURFACE('',#7663,4.3);
#6924=CYLINDRICAL_SURFACE('',#7730,0.200000000000001);
#6925=CYLINDRICAL_SURFACE('',#7731,0.401);
#6926=CYLINDRICAL_SURFACE('',#7732,0.200000000000002);
#6927=CYLINDRICAL_SURFACE('',#7734,0.401);
#6928=CYLINDRICAL_SURFACE('',#7737,0.200000000000001);
#6929=CYLINDRICAL_SURFACE('',#7738,0.401);
#6930=CYLINDRICAL_SURFACE('',#7739,0.200000000000002);
#6931=CYLINDRICAL_SURFACE('',#7742,0.001);
#6932=CYLINDRICAL_SURFACE('',#7743,0.001);
#6933=CYLINDRICAL_SURFACE('',#7745,0.001);
#6934=CYLINDRICAL_SURFACE('',#7747,0.1);
#6935=CYLINDRICAL_SURFACE('',#7751,0.5);
#6936=CYLINDRICAL_SURFACE('',#7758,0.1);
#6937=CYLINDRICAL_SURFACE('',#7762,0.5);
#6938=CYLINDRICAL_SURFACE('',#7791,0.200000000000002);
#6939=CYLINDRICAL_SURFACE('',#7792,0.401);
#6940=CYLINDRICAL_SURFACE('',#7793,0.200000000000001);
#6941=CYLINDRICAL_SURFACE('',#7795,0.401);
#6942=CYLINDRICAL_SURFACE('',#7798,0.200000000000002);
#6943=CYLINDRICAL_SURFACE('',#7799,0.401);
#6944=CYLINDRICAL_SURFACE('',#7800,0.200000000000001);
#6945=CYLINDRICAL_SURFACE('',#7803,0.001);
#6946=CYLINDRICAL_SURFACE('',#7804,0.001);
#6947=CYLINDRICAL_SURFACE('',#7806,0.001);
#6948=CYLINDRICAL_SURFACE('',#7808,0.1);
#6949=CYLINDRICAL_SURFACE('',#7812,0.5);
#6950=CYLINDRICAL_SURFACE('',#7819,0.1);
#6951=CYLINDRICAL_SURFACE('',#7823,0.5);
#6952=CYLINDRICAL_SURFACE('',#7834,1.25);
#6953=CYLINDRICAL_SURFACE('',#7835,1.25);
#6954=CYLINDRICAL_SURFACE('',#7839,0.45);
#6955=CYLINDRICAL_SURFACE('',#7843,0.45);
#6956=CYLINDRICAL_SURFACE('',#7845,0.490900974233027);
#6957=CYLINDRICAL_SURFACE('',#7848,0.490900974233027);
#6958=CYLINDRICAL_SURFACE('',#7854,0.05);
#6959=CYLINDRICAL_SURFACE('',#7859,0.05);
#6960=CYLINDRICAL_SURFACE('',#7865,0.45);
#6961=CYLINDRICAL_SURFACE('',#7869,0.45);
#6962=CYLINDRICAL_SURFACE('',#7871,0.490900974233027);
#6963=CYLINDRICAL_SURFACE('',#7874,0.490900974233027);
#6964=CYLINDRICAL_SURFACE('',#7880,0.05);
#6965=CYLINDRICAL_SURFACE('',#7885,0.05);
#6966=CYLINDRICAL_SURFACE('',#7891,0.1);
#6967=CYLINDRICAL_SURFACE('',#7902,0.3);
#6968=CYLINDRICAL_SURFACE('',#7907,0.100000000000001);
#6969=CYLINDRICAL_SURFACE('',#7916,0.100000000000001);
#6970=CYLINDRICAL_SURFACE('',#7924,0.300000000000001);
#6971=CYLINDRICAL_SURFACE('',#7926,0.300000000000001);
#6972=CYLINDRICAL_SURFACE('',#7932,0.1);
#6973=CYLINDRICAL_SURFACE('',#7933,0.3);
#6974=CYLINDRICAL_SURFACE('',#7939,0.1);
#6975=CYLINDRICAL_SURFACE('',#7948,0.3);
#6976=CYLINDRICAL_SURFACE('',#7950,0.300000000000001);
#6977=CYLINDRICAL_SURFACE('',#7957,0.100000000000001);
#6978=CYLINDRICAL_SURFACE('',#7961,0.1);
#6979=CYLINDRICAL_SURFACE('',#7971,0.3);
#6980=CYLINDRICAL_SURFACE('',#7972,0.300000000000001);
#6981=CYLINDRICAL_SURFACE('',#7979,0.100000000000001);
#6982=CYLINDRICAL_SURFACE('',#7981,0.1);
#6983=CYLINDRICAL_SURFACE('',#7995,0.1);
#6984=CYLINDRICAL_SURFACE('',#8000,0.1);
#6985=CYLINDRICAL_SURFACE('',#8003,0.3);
#6986=CYLINDRICAL_SURFACE('',#8006,0.300000000000001);
#6987=CYLINDRICAL_SURFACE('',#8009,0.100000000000001);
#6988=CYLINDRICAL_SURFACE('',#8017,0.100000000000001);
#6989=CYLINDRICAL_SURFACE('',#8019,0.300000000000001);
#6990=CYLINDRICAL_SURFACE('',#8024,0.1);
#6991=CYLINDRICAL_SURFACE('',#8033,0.3);
#6992=CYLINDRICAL_SURFACE('',#8038,0.100000000000001);
#6993=CYLINDRICAL_SURFACE('',#8041,0.1);
#6994=CYLINDRICAL_SURFACE('',#8048,0.1);
#6995=CYLINDRICAL_SURFACE('',#8062,0.3);
#6996=CYLINDRICAL_SURFACE('',#8065,0.300000000000001);
#6997=CYLINDRICAL_SURFACE('',#8070,0.1);
#6998=CYLINDRICAL_SURFACE('',#8080,0.100000000000001);
#6999=CYLINDRICAL_SURFACE('',#8081,0.300000000000001);
#7000=CYLINDRICAL_SURFACE('',#8084,0.3);
#7001=CYLINDRICAL_SURFACE('',#8089,0.300000000000001);
#7002=CYLINDRICAL_SURFACE('',#8092,0.3);
#7003=CYLINDRICAL_SURFACE('',#8101,0.1);
#7004=CYLINDRICAL_SURFACE('',#8114,0.1);
#7005=CYLINDRICAL_SURFACE('',#8117,0.100000000000001);
#7006=CYLINDRICAL_SURFACE('',#8122,0.3);
#7007=CYLINDRICAL_SURFACE('',#8130,0.300000000000001);
#7008=CYLINDRICAL_SURFACE('',#8132,0.100000000000001);
#7009=CYLINDRICAL_SURFACE('',#8135,0.1);
#7010=ADVANCED_FACE('',(#392),#6903,.F.);
#7011=ADVANCED_FACE('',(#393),#114,.T.);
#7012=ADVANCED_FACE('',(#394),#115,.T.);
#7013=ADVANCED_FACE('',(#395),#6904,.T.);
#7014=ADVANCED_FACE('',(#396),#116,.T.);
#7015=ADVANCED_FACE('',(#397),#117,.T.);
#7016=ADVANCED_FACE('',(#398),#6905,.T.);
#7017=ADVANCED_FACE('',(#399),#118,.T.);
#7018=ADVANCED_FACE('',(#400),#119,.T.);
#7019=ADVANCED_FACE('',(#401),#120,.T.);
#7020=ADVANCED_FACE('',(#402),#121,.T.);
#7021=ADVANCED_FACE('',(#403,#105),#122,.T.);
#7022=ADVANCED_FACE('',(#404,#106),#123,.F.);
#7023=ADVANCED_FACE('',(#405,#107),#124,.T.);
#7024=ADVANCED_FACE('',(#406),#125,.T.);
#7025=ADVANCED_FACE('',(#407),#126,.T.);
#7026=ADVANCED_FACE('',(#408),#127,.T.);
#7027=ADVANCED_FACE('',(#409),#128,.T.);
#7028=ADVANCED_FACE('',(#410),#129,.T.);
#7029=ADVANCED_FACE('',(#411),#6906,.T.);
#7030=ADVANCED_FACE('',(#412),#130,.T.);
#7031=ADVANCED_FACE('',(#413),#6907,.T.);
#7032=ADVANCED_FACE('',(#414),#131,.T.);
#7033=ADVANCED_FACE('',(#415),#132,.T.);
#7034=ADVANCED_FACE('',(#416),#6908,.T.);
#7035=ADVANCED_FACE('',(#417),#133,.T.);
#7036=ADVANCED_FACE('',(#418),#6909,.T.);
#7037=ADVANCED_FACE('',(#419),#134,.T.);
#7038=ADVANCED_FACE('',(#420),#103,.T.);
#7039=ADVANCED_FACE('',(#421),#6910,.T.);
#7040=ADVANCED_FACE('',(#422),#135,.F.);
#7041=ADVANCED_FACE('',(#423),#136,.F.);
#7042=ADVANCED_FACE('',(#424),#137,.T.);
#7043=ADVANCED_FACE('',(#425),#104,.T.);
#7044=ADVANCED_FACE('',(#426),#6911,.T.);
#7045=ADVANCED_FACE('',(#427),#138,.T.);
#7046=ADVANCED_FACE('',(#428),#6912,.T.);
#7047=ADVANCED_FACE('',(#429,#108),#139,.T.);
#7048=ADVANCED_FACE('',(#430),#6913,.T.);
#7049=ADVANCED_FACE('',(#431),#140,.T.);
#7050=ADVANCED_FACE('',(#432,#109),#141,.T.);
#7051=ADVANCED_FACE('',(#433),#142,.T.);
#7052=ADVANCED_FACE('',(#434),#143,.T.);
#7053=ADVANCED_FACE('',(#435),#144,.T.);
#7054=ADVANCED_FACE('',(#436),#145,.T.);
#7055=ADVANCED_FACE('',(#437),#146,.F.);
#7056=ADVANCED_FACE('',(#438),#6914,.T.);
#7057=ADVANCED_FACE('',(#439),#147,.T.);
#7058=ADVANCED_FACE('',(#440),#6915,.T.);
#7059=ADVANCED_FACE('',(#441),#148,.T.);
#7060=ADVANCED_FACE('',(#442),#149,.F.);
#7061=ADVANCED_FACE('',(#443),#150,.F.);
#7062=ADVANCED_FACE('',(#444),#151,.F.);
#7063=ADVANCED_FACE('',(#445),#152,.T.);
#7064=ADVANCED_FACE('',(#446),#153,.T.);
#7065=ADVANCED_FACE('',(#447),#154,.T.);
#7066=ADVANCED_FACE('',(#448),#155,.T.);
#7067=ADVANCED_FACE('',(#449),#156,.F.);
#7068=ADVANCED_FACE('',(#450),#157,.F.);
#7069=ADVANCED_FACE('',(#451),#158,.F.);
#7070=ADVANCED_FACE('',(#452),#159,.T.);
#7071=ADVANCED_FACE('',(#453),#160,.F.);
#7072=ADVANCED_FACE('',(#454),#161,.F.);
#7073=ADVANCED_FACE('',(#455),#162,.F.);
#7074=ADVANCED_FACE('',(#456),#163,.F.);
#7075=ADVANCED_FACE('',(#457),#164,.F.);
#7076=ADVANCED_FACE('',(#458),#165,.F.);
#7077=ADVANCED_FACE('',(#459),#166,.T.);
#7078=ADVANCED_FACE('',(#460),#167,.T.);
#7079=ADVANCED_FACE('',(#461),#6916,.T.);
#7080=ADVANCED_FACE('',(#462),#168,.T.);
#7081=ADVANCED_FACE('',(#463),#6917,.T.);
#7082=ADVANCED_FACE('',(#464),#169,.T.);
#7083=ADVANCED_FACE('',(#465),#170,.T.);
#7084=ADVANCED_FACE('',(#466),#171,.F.);
#7085=ADVANCED_FACE('',(#467),#172,.F.);
#7086=ADVANCED_FACE('',(#468),#173,.F.);
#7087=ADVANCED_FACE('',(#469),#174,.T.);
#7088=ADVANCED_FACE('',(#470),#175,.F.);
#7089=ADVANCED_FACE('',(#471),#176,.F.);
#7090=ADVANCED_FACE('',(#472),#177,.F.);
#7091=ADVANCED_FACE('',(#473),#178,.F.);
#7092=ADVANCED_FACE('',(#474),#179,.F.);
#7093=ADVANCED_FACE('',(#475),#180,.F.);
#7094=ADVANCED_FACE('',(#476),#181,.F.);
#7095=ADVANCED_FACE('',(#477),#182,.F.);
#7096=ADVANCED_FACE('',(#478),#183,.F.);
#7097=ADVANCED_FACE('',(#479),#184,.T.);
#7098=ADVANCED_FACE('',(#480),#185,.T.);
#7099=ADVANCED_FACE('',(#481),#186,.T.);
#7100=ADVANCED_FACE('',(#482),#187,.T.);
#7101=ADVANCED_FACE('',(#483),#188,.T.);
#7102=ADVANCED_FACE('',(#484),#189,.T.);
#7103=ADVANCED_FACE('',(#485),#190,.T.);
#7104=ADVANCED_FACE('',(#486),#191,.T.);
#7105=ADVANCED_FACE('',(#487),#192,.F.);
#7106=ADVANCED_FACE('',(#488),#193,.F.);
#7107=ADVANCED_FACE('',(#489),#194,.F.);
#7108=ADVANCED_FACE('',(#490),#195,.T.);
#7109=ADVANCED_FACE('',(#491),#196,.F.);
#7110=ADVANCED_FACE('',(#492),#197,.T.);
#7111=ADVANCED_FACE('',(#493),#198,.F.);
#7112=ADVANCED_FACE('',(#494),#199,.F.);
#7113=ADVANCED_FACE('',(#495),#200,.F.);
#7114=ADVANCED_FACE('',(#496),#201,.F.);
#7115=ADVANCED_FACE('',(#497),#202,.F.);
#7116=ADVANCED_FACE('',(#498),#203,.T.);
#7117=ADVANCED_FACE('',(#499),#6918,.T.);
#7118=ADVANCED_FACE('',(#500),#204,.T.);
#7119=ADVANCED_FACE('',(#501),#6919,.T.);
#7120=ADVANCED_FACE('',(#502),#205,.T.);
#7121=ADVANCED_FACE('',(#503),#206,.F.);
#7122=ADVANCED_FACE('',(#504),#207,.F.);
#7123=ADVANCED_FACE('',(#505),#6920,.F.);
#7124=ADVANCED_FACE('',(#506),#208,.F.);
#7125=ADVANCED_FACE('',(#507),#209,.F.);
#7126=ADVANCED_FACE('',(#508),#210,.T.);
#7127=ADVANCED_FACE('',(#509),#6921,.T.);
#7128=ADVANCED_FACE('',(#510),#211,.T.);
#7129=ADVANCED_FACE('',(#511),#6922,.T.);
#7130=ADVANCED_FACE('',(#512),#212,.T.);
#7131=ADVANCED_FACE('',(#513),#213,.F.);
#7132=ADVANCED_FACE('',(#514),#214,.F.);
#7133=ADVANCED_FACE('',(#515),#6923,.F.);
#7134=ADVANCED_FACE('',(#516),#215,.F.);
#7135=ADVANCED_FACE('',(#517),#216,.F.);
#7136=ADVANCED_FACE('',(#518),#217,.F.);
#7137=ADVANCED_FACE('',(#519),#218,.T.);
#7138=ADVANCED_FACE('',(#520),#219,.F.);
#7139=ADVANCED_FACE('',(#521),#220,.F.);
#7140=ADVANCED_FACE('',(#522),#221,.T.);
#7141=ADVANCED_FACE('',(#523),#222,.T.);
#7142=ADVANCED_FACE('',(#524),#223,.T.);
#7143=ADVANCED_FACE('',(#525),#224,.T.);
#7144=ADVANCED_FACE('',(#526),#225,.T.);
#7145=ADVANCED_FACE('',(#527),#226,.F.);
#7146=ADVANCED_FACE('',(#528),#227,.F.);
#7147=ADVANCED_FACE('',(#529),#228,.T.);
#7148=ADVANCED_FACE('',(#530),#229,.T.);
#7149=ADVANCED_FACE('',(#531),#230,.F.);
#7150=ADVANCED_FACE('',(#532),#231,.T.);
#7151=ADVANCED_FACE('',(#533),#232,.T.);
#7152=ADVANCED_FACE('',(#534),#233,.F.);
#7153=ADVANCED_FACE('',(#535),#234,.T.);
#7154=ADVANCED_FACE('',(#536),#235,.F.);
#7155=ADVANCED_FACE('',(#537),#236,.F.);
#7156=ADVANCED_FACE('',(#538),#237,.F.);
#7157=ADVANCED_FACE('',(#539),#238,.F.);
#7158=ADVANCED_FACE('',(#540),#239,.T.);
#7159=ADVANCED_FACE('',(#541),#240,.F.);
#7160=ADVANCED_FACE('',(#542),#241,.F.);
#7161=ADVANCED_FACE('',(#543),#242,.T.);
#7162=ADVANCED_FACE('',(#544),#243,.T.);
#7163=ADVANCED_FACE('',(#545),#244,.T.);
#7164=ADVANCED_FACE('',(#546),#245,.T.);
#7165=ADVANCED_FACE('',(#547,#110),#246,.T.);
#7166=ADVANCED_FACE('',(#548,#111),#247,.F.);
#7167=ADVANCED_FACE('',(#549),#248,.F.);
#7168=ADVANCED_FACE('',(#550),#249,.F.);
#7169=ADVANCED_FACE('',(#551),#250,.F.);
#7170=ADVANCED_FACE('',(#552),#251,.F.);
#7171=ADVANCED_FACE('',(#553),#6924,.F.);
#7172=ADVANCED_FACE('',(#554),#6925,.T.);
#7173=ADVANCED_FACE('',(#555),#6926,.F.);
#7174=ADVANCED_FACE('',(#556),#252,.T.);
#7175=ADVANCED_FACE('',(#557),#6927,.T.);
#7176=ADVANCED_FACE('',(#558),#253,.T.);
#7177=ADVANCED_FACE('',(#559),#6928,.F.);
#7178=ADVANCED_FACE('',(#560),#6929,.T.);
#7179=ADVANCED_FACE('',(#561),#6930,.F.);
#7180=ADVANCED_FACE('',(#562),#254,.F.);
#7181=ADVANCED_FACE('',(#563),#255,.F.);
#7182=ADVANCED_FACE('',(#564),#6931,.F.);
#7183=ADVANCED_FACE('',(#565),#6932,.F.);
#7184=ADVANCED_FACE('',(#566),#6933,.F.);
#7185=ADVANCED_FACE('',(#567),#51,.T.);
#7186=ADVANCED_FACE('',(#568),#52,.T.);
#7187=ADVANCED_FACE('',(#569),#256,.T.);
#7188=ADVANCED_FACE('',(#570),#53,.T.);
#7189=ADVANCED_FACE('',(#571),#54,.T.);
#7190=ADVANCED_FACE('',(#572),#6934,.F.);
#7191=ADVANCED_FACE('',(#573),#257,.T.);
#7192=ADVANCED_FACE('',(#574),#6935,.T.);
#7193=ADVANCED_FACE('',(#575),#258,.T.);
#7194=ADVANCED_FACE('',(#576),#259,.T.);
#7195=ADVANCED_FACE('',(#577),#6936,.F.);
#7196=ADVANCED_FACE('',(#578),#260,.T.);
#7197=ADVANCED_FACE('',(#579),#6937,.T.);
#7198=ADVANCED_FACE('',(#580),#261,.T.);
#7199=ADVANCED_FACE('',(#581),#262,.F.);
#7200=ADVANCED_FACE('',(#582),#263,.F.);
#7201=ADVANCED_FACE('',(#583),#264,.F.);
#7202=ADVANCED_FACE('',(#584),#265,.F.);
#7203=ADVANCED_FACE('',(#585),#266,.T.);
#7204=ADVANCED_FACE('',(#586),#267,.T.);
#7205=ADVANCED_FACE('',(#587),#268,.T.);
#7206=ADVANCED_FACE('',(#588,#112),#269,.T.);
#7207=ADVANCED_FACE('',(#589,#113),#270,.F.);
#7208=ADVANCED_FACE('',(#590),#271,.F.);
#7209=ADVANCED_FACE('',(#591),#272,.F.);
#7210=ADVANCED_FACE('',(#592),#273,.F.);
#7211=ADVANCED_FACE('',(#593),#274,.F.);
#7212=ADVANCED_FACE('',(#594),#6938,.F.);
#7213=ADVANCED_FACE('',(#595),#6939,.T.);
#7214=ADVANCED_FACE('',(#596),#6940,.F.);
#7215=ADVANCED_FACE('',(#597),#275,.T.);
#7216=ADVANCED_FACE('',(#598),#6941,.T.);
#7217=ADVANCED_FACE('',(#599),#276,.T.);
#7218=ADVANCED_FACE('',(#600),#6942,.F.);
#7219=ADVANCED_FACE('',(#601),#6943,.T.);
#7220=ADVANCED_FACE('',(#602),#6944,.F.);
#7221=ADVANCED_FACE('',(#603),#277,.F.);
#7222=ADVANCED_FACE('',(#604),#278,.F.);
#7223=ADVANCED_FACE('',(#605),#6945,.F.);
#7224=ADVANCED_FACE('',(#606),#6946,.F.);
#7225=ADVANCED_FACE('',(#607),#6947,.F.);
#7226=ADVANCED_FACE('',(#608),#55,.T.);
#7227=ADVANCED_FACE('',(#609),#56,.T.);
#7228=ADVANCED_FACE('',(#610),#279,.T.);
#7229=ADVANCED_FACE('',(#611),#57,.T.);
#7230=ADVANCED_FACE('',(#612),#58,.T.);
#7231=ADVANCED_FACE('',(#613),#6948,.F.);
#7232=ADVANCED_FACE('',(#614),#280,.T.);
#7233=ADVANCED_FACE('',(#615),#6949,.T.);
#7234=ADVANCED_FACE('',(#616),#281,.T.);
#7235=ADVANCED_FACE('',(#617),#282,.T.);
#7236=ADVANCED_FACE('',(#618),#6950,.F.);
#7237=ADVANCED_FACE('',(#619),#283,.T.);
#7238=ADVANCED_FACE('',(#620),#6951,.T.);
#7239=ADVANCED_FACE('',(#621),#284,.T.);
#7240=ADVANCED_FACE('',(#622),#285,.F.);
#7241=ADVANCED_FACE('',(#623),#286,.F.);
#7242=ADVANCED_FACE('',(#624),#287,.F.);
#7243=ADVANCED_FACE('',(#625),#288,.F.);
#7244=ADVANCED_FACE('',(#626),#289,.T.);
#7245=ADVANCED_FACE('',(#627),#290,.T.);
#7246=ADVANCED_FACE('',(#628),#291,.T.);
#7247=ADVANCED_FACE('',(#629),#6952,.T.);
#7248=ADVANCED_FACE('',(#630),#6953,.T.);
#7249=ADVANCED_FACE('',(#631),#292,.T.);
#7250=ADVANCED_FACE('',(#632),#6954,.T.);
#7251=ADVANCED_FACE('',(#633),#37,.F.);
#7252=ADVANCED_FACE('',(#634),#6955,.T.);
#7253=ADVANCED_FACE('',(#635),#38,.F.);
#7254=ADVANCED_FACE('',(#636),#6956,.F.);
#7255=ADVANCED_FACE('',(#637),#293,.F.);
#7256=ADVANCED_FACE('',(#638),#6957,.F.);
#7257=ADVANCED_FACE('',(#639),#294,.F.);
#7258=ADVANCED_FACE('',(#640),#295,.F.);
#7259=ADVANCED_FACE('',(#641),#6958,.F.);
#7260=ADVANCED_FACE('',(#642),#33,.F.);
#7261=ADVANCED_FACE('',(#643),#6959,.F.);
#7262=ADVANCED_FACE('',(#644),#34,.F.);
#7263=ADVANCED_FACE('',(#645),#296,.T.);
#7264=ADVANCED_FACE('',(#646),#6960,.T.);
#7265=ADVANCED_FACE('',(#647),#39,.F.);
#7266=ADVANCED_FACE('',(#648),#6961,.T.);
#7267=ADVANCED_FACE('',(#649),#40,.F.);
#7268=ADVANCED_FACE('',(#650),#6962,.F.);
#7269=ADVANCED_FACE('',(#651),#297,.F.);
#7270=ADVANCED_FACE('',(#652),#6963,.F.);
#7271=ADVANCED_FACE('',(#653),#298,.F.);
#7272=ADVANCED_FACE('',(#654),#299,.F.);
#7273=ADVANCED_FACE('',(#655),#6964,.F.);
#7274=ADVANCED_FACE('',(#656),#35,.F.);
#7275=ADVANCED_FACE('',(#657),#6965,.F.);
#7276=ADVANCED_FACE('',(#658),#36,.F.);
#7277=ADVANCED_FACE('',(#659),#300,.F.);
#7278=ADVANCED_FACE('',(#660),#6966,.F.);
#7279=ADVANCED_FACE('',(#661),#301,.T.);
#7280=ADVANCED_FACE('',(#662),#302,.T.);
#7281=ADVANCED_FACE('',(#663),#303,.T.);
#7282=ADVANCED_FACE('',(#664),#6967,.T.);
#7283=ADVANCED_FACE('',(#665),#23,.F.);
#7284=ADVANCED_FACE('',(#666),#6968,.F.);
#7285=ADVANCED_FACE('',(#667),#304,.T.);
#7286=ADVANCED_FACE('',(#668),#305,.T.);
#7287=ADVANCED_FACE('',(#669),#306,.T.);
#7288=ADVANCED_FACE('',(#670),#307,.T.);
#7289=ADVANCED_FACE('',(#671),#308,.T.);
#7290=ADVANCED_FACE('',(#672),#309,.T.);
#7291=ADVANCED_FACE('',(#673),#310,.T.);
#7292=ADVANCED_FACE('',(#674),#6969,.F.);
#7293=ADVANCED_FACE('',(#675),#41,.T.);
#7294=ADVANCED_FACE('',(#676),#311,.T.);
#7295=ADVANCED_FACE('',(#677),#312,.T.);
#7296=ADVANCED_FACE('',(#678),#313,.T.);
#7297=ADVANCED_FACE('',(#679),#6970,.T.);
#7298=ADVANCED_FACE('',(#680),#6971,.T.);
#7299=ADVANCED_FACE('',(#681),#314,.T.);
#7300=ADVANCED_FACE('',(#682),#315,.T.);
#7301=ADVANCED_FACE('',(#683),#24,.T.);
#7302=ADVANCED_FACE('',(#684),#42,.F.);
#7303=ADVANCED_FACE('',(#685),#6972,.F.);
#7304=ADVANCED_FACE('',(#686),#6973,.T.);
#7305=ADVANCED_FACE('',(#687),#316,.F.);
#7306=ADVANCED_FACE('',(#688),#317,.F.);
#7307=ADVANCED_FACE('',(#689),#6974,.F.);
#7308=ADVANCED_FACE('',(#690),#318,.T.);
#7309=ADVANCED_FACE('',(#691),#319,.T.);
#7310=ADVANCED_FACE('',(#692),#320,.T.);
#7311=ADVANCED_FACE('',(#693),#321,.F.);
#7312=ADVANCED_FACE('',(#694),#322,.F.);
#7313=ADVANCED_FACE('',(#695),#6975,.T.);
#7314=ADVANCED_FACE('',(#696),#6976,.T.);
#7315=ADVANCED_FACE('',(#697),#323,.F.);
#7316=ADVANCED_FACE('',(#698),#324,.F.);
#7317=ADVANCED_FACE('',(#699),#325,.T.);
#7318=ADVANCED_FACE('',(#700),#6977,.F.);
#7319=ADVANCED_FACE('',(#701),#326,.F.);
#7320=ADVANCED_FACE('',(#702),#327,.F.);
#7321=ADVANCED_FACE('',(#703),#6978,.F.);
#7322=ADVANCED_FACE('',(#704),#328,.F.);
#7323=ADVANCED_FACE('',(#705),#329,.F.);
#7324=ADVANCED_FACE('',(#706),#43,.F.);
#7325=ADVANCED_FACE('',(#707),#25,.T.);
#7326=ADVANCED_FACE('',(#708),#6979,.T.);
#7327=ADVANCED_FACE('',(#709),#6980,.T.);
#7328=ADVANCED_FACE('',(#710),#330,.F.);
#7329=ADVANCED_FACE('',(#711),#331,.F.);
#7330=ADVANCED_FACE('',(#712),#332,.F.);
#7331=ADVANCED_FACE('',(#713),#333,.F.);
#7332=ADVANCED_FACE('',(#714),#334,.F.);
#7333=ADVANCED_FACE('',(#715),#335,.F.);
#7334=ADVANCED_FACE('',(#716),#6981,.F.);
#7335=ADVANCED_FACE('',(#717),#6982,.F.);
#7336=ADVANCED_FACE('',(#718),#26,.F.);
#7337=ADVANCED_FACE('',(#719),#44,.T.);
#7338=ADVANCED_FACE('',(#720),#336,.T.);
#7339=ADVANCED_FACE('',(#721),#337,.T.);
#7340=ADVANCED_FACE('',(#722),#338,.T.);
#7341=ADVANCED_FACE('',(#723),#339,.T.);
#7342=ADVANCED_FACE('',(#724),#6983,.F.);
#7343=ADVANCED_FACE('',(#725),#340,.T.);
#7344=ADVANCED_FACE('',(#726),#341,.T.);
#7345=ADVANCED_FACE('',(#727),#6984,.F.);
#7346=ADVANCED_FACE('',(#728),#342,.T.);
#7347=ADVANCED_FACE('',(#729),#6985,.T.);
#7348=ADVANCED_FACE('',(#730),#343,.T.);
#7349=ADVANCED_FACE('',(#731),#6986,.T.);
#7350=ADVANCED_FACE('',(#732),#344,.T.);
#7351=ADVANCED_FACE('',(#733),#6987,.F.);
#7352=ADVANCED_FACE('',(#734),#345,.F.);
#7353=ADVANCED_FACE('',(#735),#346,.T.);
#7354=ADVANCED_FACE('',(#736),#347,.T.);
#7355=ADVANCED_FACE('',(#737),#6988,.F.);
#7356=ADVANCED_FACE('',(#738),#6989,.T.);
#7357=ADVANCED_FACE('',(#739),#348,.T.);
#7358=ADVANCED_FACE('',(#740),#45,.T.);
#7359=ADVANCED_FACE('',(#741),#46,.F.);
#7360=ADVANCED_FACE('',(#742),#6990,.F.);
#7361=ADVANCED_FACE('',(#743),#27,.F.);
#7362=ADVANCED_FACE('',(#744),#349,.T.);
#7363=ADVANCED_FACE('',(#745),#350,.T.);
#7364=ADVANCED_FACE('',(#746),#351,.T.);
#7365=ADVANCED_FACE('',(#747),#352,.T.);
#7366=ADVANCED_FACE('',(#748),#353,.T.);
#7367=ADVANCED_FACE('',(#749),#6991,.T.);
#7368=ADVANCED_FACE('',(#750),#28,.T.);
#7369=ADVANCED_FACE('',(#751),#354,.T.);
#7370=ADVANCED_FACE('',(#752),#6992,.F.);
#7371=ADVANCED_FACE('',(#753),#6993,.F.);
#7372=ADVANCED_FACE('',(#754),#355,.T.);
#7373=ADVANCED_FACE('',(#755),#356,.T.);
#7374=ADVANCED_FACE('',(#756),#357,.T.);
#7375=ADVANCED_FACE('',(#757),#6994,.F.);
#7376=ADVANCED_FACE('',(#758),#358,.T.);
#7377=ADVANCED_FACE('',(#759),#359,.F.);
#7378=ADVANCED_FACE('',(#760),#47,.T.);
#7379=ADVANCED_FACE('',(#761),#360,.T.);
#7380=ADVANCED_FACE('',(#762),#361,.T.);
#7381=ADVANCED_FACE('',(#763),#362,.T.);
#7382=ADVANCED_FACE('',(#764),#6995,.T.);
#7383=ADVANCED_FACE('',(#765),#363,.T.);
#7384=ADVANCED_FACE('',(#766),#6996,.T.);
#7385=ADVANCED_FACE('',(#767),#364,.T.);
#7386=ADVANCED_FACE('',(#768),#365,.T.);
#7387=ADVANCED_FACE('',(#769),#6997,.F.);
#7388=ADVANCED_FACE('',(#770),#29,.F.);
#7389=ADVANCED_FACE('',(#771),#366,.T.);
#7390=ADVANCED_FACE('',(#772),#367,.T.);
#7391=ADVANCED_FACE('',(#773),#368,.T.);
#7392=ADVANCED_FACE('',(#774),#369,.T.);
#7393=ADVANCED_FACE('',(#775),#370,.T.);
#7394=ADVANCED_FACE('',(#776),#371,.T.);
#7395=ADVANCED_FACE('',(#777),#6998,.F.);
#7396=ADVANCED_FACE('',(#778),#6999,.T.);
#7397=ADVANCED_FACE('',(#779),#48,.F.);
#7398=ADVANCED_FACE('',(#780),#7000,.T.);
#7399=ADVANCED_FACE('',(#781),#30,.T.);
#7400=ADVANCED_FACE('',(#782),#372,.T.);
#7401=ADVANCED_FACE('',(#783),#7001,.T.);
#7402=ADVANCED_FACE('',(#784),#7002,.T.);
#7403=ADVANCED_FACE('',(#785),#373,.T.);
#7404=ADVANCED_FACE('',(#786),#374,.T.);
#7405=ADVANCED_FACE('',(#787),#375,.T.);
#7406=ADVANCED_FACE('',(#788),#376,.T.);
#7407=ADVANCED_FACE('',(#789),#377,.T.);
#7408=ADVANCED_FACE('',(#790),#7003,.F.);
#7409=ADVANCED_FACE('',(#791),#378,.T.);
#7410=ADVANCED_FACE('',(#792),#379,.T.);
#7411=ADVANCED_FACE('',(#793),#49,.F.);
#7412=ADVANCED_FACE('',(#794),#380,.T.);
#7413=ADVANCED_FACE('',(#795),#381,.T.);
#7414=ADVANCED_FACE('',(#796),#382,.T.);
#7415=ADVANCED_FACE('',(#797),#7004,.F.);
#7416=ADVANCED_FACE('',(#798),#383,.T.);
#7417=ADVANCED_FACE('',(#799),#7005,.F.);
#7418=ADVANCED_FACE('',(#800),#384,.F.);
#7419=ADVANCED_FACE('',(#801),#385,.T.);
#7420=ADVANCED_FACE('',(#802),#7006,.T.);
#7421=ADVANCED_FACE('',(#803),#386,.T.);
#7422=ADVANCED_FACE('',(#804),#387,.T.);
#7423=ADVANCED_FACE('',(#805),#388,.T.);
#7424=ADVANCED_FACE('',(#806),#389,.T.);
#7425=ADVANCED_FACE('',(#807),#390,.T.);
#7426=ADVANCED_FACE('',(#808),#391,.T.);
#7427=ADVANCED_FACE('',(#809),#7007,.T.);
#7428=ADVANCED_FACE('',(#810),#31,.T.);
#7429=ADVANCED_FACE('',(#811),#7008,.F.);
#7430=ADVANCED_FACE('',(#812),#50,.T.);
#7431=ADVANCED_FACE('',(#813),#7009,.F.);
#7432=ADVANCED_FACE('',(#814),#32,.F.);
#7433=CLOSED_SHELL('',(#7010,#7011,#7012,#7013,#7014,#7015,#7016,#7017,
#7018,#7019,#7020,#7021,#7022,#7023,#7024,#7025,#7026,#7027,#7028,#7029,
#7030,#7031,#7032,#7033,#7034,#7035,#7036,#7037,#7038,#7039));
#7434=CLOSED_SHELL('',(#7040,#7041,#7042,#7043,#7044));
#7435=CLOSED_SHELL('',(#7045,#7046,#7047,#7048,#7049));
#7436=CLOSED_SHELL('',(#7050,#7051,#7052,#7053,#7054,#7055,#7056,#7057,
#7058,#7059,#7060,#7061,#7062,#7063,#7064,#7065,#7066,#7067,#7068,#7069,
#7070,#7071,#7072,#7073,#7074,#7075,#7076,#7077,#7078,#7079,#7080,#7081,
#7082,#7083,#7084,#7085,#7086,#7087,#7088,#7089,#7090,#7091,#7092,#7093,
#7094,#7095,#7096));
#7437=CLOSED_SHELL('',(#7097,#7098,#7099,#7100,#7101,#7102,#7103,#7104,
#7105,#7106,#7107,#7108,#7109,#7110,#7111,#7112,#7113,#7114,#7115,#7116,
#7117,#7118,#7119,#7120,#7121,#7122,#7123,#7124,#7125,#7126,#7127,#7128,
#7129,#7130,#7131,#7132,#7133,#7134,#7135,#7136,#7137,#7138,#7139,#7140,
#7141,#7142,#7143,#7144,#7145,#7146,#7147,#7148,#7149,#7150,#7151,#7152,
#7153,#7154,#7155,#7156,#7157,#7158,#7159,#7160,#7161,#7162,#7163,#7164,
#7165,#7166,#7167,#7168,#7169,#7170,#7171,#7172,#7173,#7174,#7175,#7176,
#7177,#7178,#7179,#7180,#7181,#7182,#7183,#7184,#7185,#7186,#7187,#7188,
#7189,#7190,#7191,#7192,#7193,#7194,#7195,#7196,#7197,#7198,#7199,#7200,
#7201,#7202,#7203,#7204,#7205,#7206,#7207,#7208,#7209,#7210,#7211,#7212,
#7213,#7214,#7215,#7216,#7217,#7218,#7219,#7220,#7221,#7222,#7223,#7224,
#7225,#7226,#7227,#7228,#7229,#7230,#7231,#7232,#7233,#7234,#7235,#7236,
#7237,#7238,#7239,#7240,#7241,#7242,#7243,#7244,#7245,#7246,#7247,#7248,
#7249,#7250,#7251,#7252,#7253,#7254,#7255,#7256,#7257,#7258,#7259,#7260,
#7261,#7262,#7263,#7264,#7265,#7266,#7267,#7268,#7269,#7270,#7271,#7272,
#7273,#7274,#7275,#7276));
#7438=CLOSED_SHELL('',(#7277,#7278,#7279,#7280,#7281,#7282,#7283,#7284,
#7285,#7286,#7287,#7288,#7289,#7290,#7291,#7292,#7293,#7294,#7295,#7296,
#7297,#7298,#7299,#7300,#7301,#7302,#7303,#7304));
#7439=CLOSED_SHELL('',(#7305,#7306,#7307,#7308,#7309,#7310,#7311,#7312,
#7313,#7314,#7315,#7316,#7317,#7318,#7319,#7320,#7321,#7322,#7323,#7324,
#7325,#7326,#7327,#7328,#7329,#7330,#7331,#7332,#7333,#7334,#7335,#7336,
#7337));
#7440=CLOSED_SHELL('',(#7338,#7339,#7340,#7341,#7342,#7343,#7344,#7345,
#7346,#7347,#7348,#7349,#7350,#7351,#7352,#7353,#7354,#7355,#7356,#7357,
#7358,#7359,#7360,#7361,#7362,#7363,#7364,#7365,#7366,#7367,#7368));
#7441=CLOSED_SHELL('',(#7369,#7370,#7371,#7372,#7373,#7374,#7375,#7376,
#7377,#7378,#7379,#7380,#7381,#7382,#7383,#7384,#7385,#7386,#7387,#7388,
#7389,#7390,#7391,#7392,#7393,#7394,#7395,#7396,#7397,#7398,#7399));
#7442=CLOSED_SHELL('',(#7400,#7401,#7402,#7403,#7404,#7405,#7406,#7407,
#7408,#7409,#7410,#7411,#7412,#7413,#7414,#7415,#7416,#7417,#7418,#7419,
#7420,#7421,#7422,#7423,#7424,#7425,#7426,#7427,#7428,#7429,#7430,#7431,
#7432));
#7443=DERIVED_UNIT_ELEMENT(#7449,1.);
#7444=DERIVED_UNIT_ELEMENT(#14025,-3.);
#7445=DERIVED_UNIT_ELEMENT(#7449,1.);
#7446=DERIVED_UNIT_ELEMENT(#14025,-3.);
#7447=DERIVED_UNIT_ELEMENT(#7449,1.);
#7448=DERIVED_UNIT_ELEMENT(#14025,-3.);
#7449=(
MASS_UNIT()
NAMED_UNIT(*)
SI_UNIT(.KILO.,.GRAM.)
);
#7450=DERIVED_UNIT((#7443,#7444));
#7451=DERIVED_UNIT((#7445,#7446));
#7452=DERIVED_UNIT((#7447,#7448));
#7453=MEASURE_REPRESENTATION_ITEM('density measure',
POSITIVE_RATIO_MEASURE(7850.),#7450);
#7454=MEASURE_REPRESENTATION_ITEM('density measure',
POSITIVE_RATIO_MEASURE(7850.),#7451);
#7455=MEASURE_REPRESENTATION_ITEM('density measure',
POSITIVE_RATIO_MEASURE(7850.),#7452);
#7456=PROPERTY_DEFINITION_REPRESENTATION(#7471,#7462);
#7457=PROPERTY_DEFINITION_REPRESENTATION(#7472,#7463);
#7458=PROPERTY_DEFINITION_REPRESENTATION(#7473,#7464);
#7459=PROPERTY_DEFINITION_REPRESENTATION(#7474,#7465);
#7460=PROPERTY_DEFINITION_REPRESENTATION(#7475,#7466);
#7461=PROPERTY_DEFINITION_REPRESENTATION(#7476,#7467);
#7462=REPRESENTATION('material name',(#7468),#14020);
#7463=REPRESENTATION('density',(#7453),#14020);
#7464=REPRESENTATION('material name',(#7469),#14021);
#7465=REPRESENTATION('density',(#7454),#14021);
#7466=REPRESENTATION('material name',(#7470),#14022);
#7467=REPRESENTATION('density',(#7455),#14022);
#7468=DESCRIPTIVE_REPRESENTATION_ITEM('Steel','Steel');
#7469=DESCRIPTIVE_REPRESENTATION_ITEM('Steel','Steel');
#7470=DESCRIPTIVE_REPRESENTATION_ITEM('Steel','Steel');
#7471=PROPERTY_DEFINITION('material property','material name',#14045);
#7472=PROPERTY_DEFINITION('material property','density of part',#14045);
#7473=PROPERTY_DEFINITION('material property','material name',#14046);
#7474=PROPERTY_DEFINITION('material property','density of part',#14046);
#7475=PROPERTY_DEFINITION('material property','material name',#14047);
#7476=PROPERTY_DEFINITION('material property','density of part',#14047);
#7477=AXIS2_PLACEMENT_3D('',#10254,#8141,#8142);
#7478=AXIS2_PLACEMENT_3D('',#10255,#8143,#8144);
#7479=AXIS2_PLACEMENT_3D('',#10256,#8145,#8146);
#7480=AXIS2_PLACEMENT_3D('',#10258,#8147,#8148);
#7481=AXIS2_PLACEMENT_3D('',#10261,#8150,#8151);
#7482=AXIS2_PLACEMENT_3D('',#10262,#8152,#8153);
#7483=AXIS2_PLACEMENT_3D('',#10279,#8162,#8163);
#7484=AXIS2_PLACEMENT_3D('',#10296,#8172,#8173);
#7485=AXIS2_PLACEMENT_3D('',#10299,#8174,#8175);
#7486=AXIS2_PLACEMENT_3D('',#10303,#8177,#8178);
#7487=AXIS2_PLACEMENT_3D('',#10305,#8180,#8181);
#7488=AXIS2_PLACEMENT_3D('',#10308,#8184,#8185);
#7489=AXIS2_PLACEMENT_3D('',#10314,#8189,#8190);
#7490=AXIS2_PLACEMENT_3D('',#10316,#8191,#8192);
#7491=AXIS2_PLACEMENT_3D('',#10318,#8193,#8194);
#7492=AXIS2_PLACEMENT_3D('',#10320,#8196,#8197);
#7493=AXIS2_PLACEMENT_3D('',#10323,#8200,#8201);
#7494=AXIS2_PLACEMENT_3D('',#10326,#8204,#8205);
#7495=AXIS2_PLACEMENT_3D('',#10332,#8208,#8209);
#7496=AXIS2_PLACEMENT_3D('',#10336,#8211,#8212);
#7497=AXIS2_PLACEMENT_3D('',#10340,#8215,#8216);
#7498=AXIS2_PLACEMENT_3D('',#10346,#8219,#8220);
#7499=AXIS2_PLACEMENT_3D('',#10350,#8222,#8223);
#7500=AXIS2_PLACEMENT_3D('',#10354,#8226,#8227);
#7501=AXIS2_PLACEMENT_3D('',#10356,#8228,#8229);
#7502=AXIS2_PLACEMENT_3D('',#10357,#8230,#8231);
#7503=AXIS2_PLACEMENT_3D('',#10362,#8233,#8234);
#7504=AXIS2_PLACEMENT_3D('',#10371,#8239,#8240);
#7505=AXIS2_PLACEMENT_3D('',#10375,#8242,#8243);
#7506=AXIS2_PLACEMENT_3D('',#10383,#8248,#8249);
#7507=AXIS2_PLACEMENT_3D('',#10384,#8250,#8251);
#7508=AXIS2_PLACEMENT_3D('',#10386,#8252,#8253);
#7509=AXIS2_PLACEMENT_3D('',#10387,#8254,#8255);
#7510=AXIS2_PLACEMENT_3D('',#10389,#8257,#8258);
#7511=AXIS2_PLACEMENT_3D('',#10391,#8260,#8261);
#7512=AXIS2_PLACEMENT_3D('',#10393,#8263,#8264);
#7513=AXIS2_PLACEMENT_3D('',#10395,#8266,#8267);
#7514=AXIS2_PLACEMENT_3D('',#10397,#8269,#8270);
#7515=AXIS2_PLACEMENT_3D('',#10399,#8272,#8273);
#7516=AXIS2_PLACEMENT_3D('',#10401,#8275,#8276);
#7517=AXIS2_PLACEMENT_3D('',#10403,#8278,#8279);
#7518=AXIS2_PLACEMENT_3D('',#10404,#8280,#8281);
#7519=AXIS2_PLACEMENT_3D('',#10406,#8283,#8284);
#7520=AXIS2_PLACEMENT_3D('',#10408,#8286,#8287);
#7521=AXIS2_PLACEMENT_3D('',#10410,#8289,#8290);
#7522=AXIS2_PLACEMENT_3D('',#10412,#8292,#8293);
#7523=AXIS2_PLACEMENT_3D('',#10413,#8294,#8295);
#7524=AXIS2_PLACEMENT_3D('',#10415,#8296,#8297);
#7525=AXIS2_PLACEMENT_3D('',#10417,#8299,#8300);
#7526=AXIS2_PLACEMENT_3D('',#10419,#8302,#8303);
#7527=AXIS2_PLACEMENT_3D('',#10420,#8304,#8305);
#7528=AXIS2_PLACEMENT_3D('',#10423,#8306,#8307);
#7529=AXIS2_PLACEMENT_3D('',#10425,#8309,#8310);
#7530=AXIS2_PLACEMENT_3D('',#10485,#8314,#8315);
#7531=AXIS2_PLACEMENT_3D('',#10486,#8316,#8317);
#7532=AXIS2_PLACEMENT_3D('',#10487,#8318,#8319);
#7533=AXIS2_PLACEMENT_3D('',#10488,#8320,#8321);
#7534=AXIS2_PLACEMENT_3D('',#10489,#8322,#8323);
#7535=AXIS2_PLACEMENT_3D('',#10490,#8324,#8325);
#7536=AXIS2_PLACEMENT_3D('',#10492,#8326,#8327);
#7537=AXIS2_PLACEMENT_3D('',#10493,#8328,#8329);
#7538=AXIS2_PLACEMENT_3D('',#10496,#8331,#8332);
#7539=AXIS2_PLACEMENT_3D('',#10497,#8333,#8334);
#7540=AXIS2_PLACEMENT_3D('',#10499,#8335,#8336);
#7541=AXIS2_PLACEMENT_3D('',#10500,#8337,#8338);
#7542=AXIS2_PLACEMENT_3D('',#10503,#8340,#8341);
#7543=AXIS2_PLACEMENT_3D('',#10504,#8342,#8343);
#7544=AXIS2_PLACEMENT_3D('',#10505,#8344,#8345);
#7545=AXIS2_PLACEMENT_3D('',#10506,#8346,#8347);
#7546=AXIS2_PLACEMENT_3D('',#10523,#8356,#8357);
#7547=AXIS2_PLACEMENT_3D('',#10529,#8361,#8362);
#7548=AXIS2_PLACEMENT_3D('',#10533,#8365,#8366);
#7549=AXIS2_PLACEMENT_3D('',#10537,#8369,#8370);
#7550=AXIS2_PLACEMENT_3D('',#10539,#8372,#8373);
#7551=AXIS2_PLACEMENT_3D('',#10551,#8379,#8380);
#7552=AXIS2_PLACEMENT_3D('',#10553,#8381,#8382);
#7553=AXIS2_PLACEMENT_3D('',#10585,#8398,#8399);
#7554=AXIS2_PLACEMENT_3D('',#10589,#8401,#8402);
#7555=AXIS2_PLACEMENT_3D('',#10609,#8413,#8414);
#7556=AXIS2_PLACEMENT_3D('',#10612,#8416,#8417);
#7557=AXIS2_PLACEMENT_3D('',#10613,#8418,#8419);
#7558=AXIS2_PLACEMENT_3D('',#10625,#8425,#8426);
#7559=AXIS2_PLACEMENT_3D('',#10629,#8428,#8429);
#7560=AXIS2_PLACEMENT_3D('',#10640,#8435,#8436);
#7561=AXIS2_PLACEMENT_3D('',#10641,#8437,#8438);
#7562=AXIS2_PLACEMENT_3D('',#10643,#8440,#8441);
#7563=AXIS2_PLACEMENT_3D('',#10644,#8442,#8443);
#7564=AXIS2_PLACEMENT_3D('',#10650,#8447,#8448);
#7565=AXIS2_PLACEMENT_3D('',#10654,#8451,#8452);
#7566=AXIS2_PLACEMENT_3D('',#10658,#8455,#8456);
#7567=AXIS2_PLACEMENT_3D('',#10663,#8460,#8461);
#7568=AXIS2_PLACEMENT_3D('',#10664,#8462,#8463);
#7569=AXIS2_PLACEMENT_3D('',#10666,#8465,#8466);
#7570=AXIS2_PLACEMENT_3D('',#10672,#8470,#8471);
#7571=AXIS2_PLACEMENT_3D('',#10676,#8474,#8475);
#7572=AXIS2_PLACEMENT_3D('',#10680,#8478,#8479);
#7573=AXIS2_PLACEMENT_3D('',#10684,#8482,#8483);
#7574=AXIS2_PLACEMENT_3D('',#10696,#8491,#8492);
#7575=AXIS2_PLACEMENT_3D('',#10700,#8495,#8496);
#7576=AXIS2_PLACEMENT_3D('',#10704,#8499,#8500);
#7577=AXIS2_PLACEMENT_3D('',#10706,#8502,#8503);
#7578=AXIS2_PLACEMENT_3D('',#10710,#8506,#8507);
#7579=AXIS2_PLACEMENT_3D('',#10714,#8510,#8511);
#7580=AXIS2_PLACEMENT_3D('',#10718,#8514,#8515);
#7581=AXIS2_PLACEMENT_3D('',#10721,#8518,#8519);
#7582=AXIS2_PLACEMENT_3D('',#10723,#8521,#8522);
#7583=AXIS2_PLACEMENT_3D('',#10725,#8524,#8525);
#7584=AXIS2_PLACEMENT_3D('',#10727,#8527,#8528);
#7585=AXIS2_PLACEMENT_3D('',#10729,#8530,#8531);
#7586=AXIS2_PLACEMENT_3D('',#10731,#8533,#8534);
#7587=AXIS2_PLACEMENT_3D('',#10737,#8538,#8539);
#7588=AXIS2_PLACEMENT_3D('',#10741,#8542,#8543);
#7589=AXIS2_PLACEMENT_3D('',#10745,#8546,#8547);
#7590=AXIS2_PLACEMENT_3D('',#10749,#8550,#8551);
#7591=AXIS2_PLACEMENT_3D('',#10757,#8557,#8558);
#7592=AXIS2_PLACEMENT_3D('',#10761,#8561,#8562);
#7593=AXIS2_PLACEMENT_3D('',#10765,#8565,#8566);
#7594=AXIS2_PLACEMENT_3D('',#10767,#8568,#8569);
#7595=AXIS2_PLACEMENT_3D('',#10768,#8570,#8571);
#7596=AXIS2_PLACEMENT_3D('',#10769,#8572,#8573);
#7597=AXIS2_PLACEMENT_3D('',#10770,#8574,#8575);
#7598=AXIS2_PLACEMENT_3D('',#10771,#8576,#8577);
#7599=AXIS2_PLACEMENT_3D('',#10772,#8578,#8579);
#7600=AXIS2_PLACEMENT_3D('',#10773,#8580,#8581);
#7601=AXIS2_PLACEMENT_3D('',#10778,#8583,#8584);
#7602=AXIS2_PLACEMENT_3D('',#10782,#8587,#8588);
#7603=AXIS2_PLACEMENT_3D('',#10787,#8590,#8591);
#7604=AXIS2_PLACEMENT_3D('',#10791,#8594,#8595);
#7605=AXIS2_PLACEMENT_3D('',#10799,#8599,#8600);
#7606=AXIS2_PLACEMENT_3D('',#10800,#8601,#8602);
#7607=AXIS2_PLACEMENT_3D('',#10808,#8606,#8607);
#7608=AXIS2_PLACEMENT_3D('',#10809,#8608,#8609);
#7609=AXIS2_PLACEMENT_3D('',#10811,#8610,#8611);
#7610=AXIS2_PLACEMENT_3D('',#10814,#8613,#8614);
#7611=AXIS2_PLACEMENT_3D('',#10815,#8615,#8616);
#7612=AXIS2_PLACEMENT_3D('',#10817,#8617,#8618);
#7613=AXIS2_PLACEMENT_3D('',#10820,#8620,#8621);
#7614=AXIS2_PLACEMENT_3D('',#10821,#8622,#8623);
#7615=AXIS2_PLACEMENT_3D('',#10824,#8624,#8625);
#7616=AXIS2_PLACEMENT_3D('',#10828,#8627,#8628);
#7617=AXIS2_PLACEMENT_3D('',#10830,#8630,#8631);
#7618=AXIS2_PLACEMENT_3D('',#10833,#8632,#8633);
#7619=AXIS2_PLACEMENT_3D('',#10837,#8635,#8636);
#7620=AXIS2_PLACEMENT_3D('',#10839,#8638,#8639);
#7621=AXIS2_PLACEMENT_3D('',#10848,#8645,#8646);
#7622=AXIS2_PLACEMENT_3D('',#10853,#8648,#8649);
#7623=AXIS2_PLACEMENT_3D('',#10861,#8654,#8655);
#7624=AXIS2_PLACEMENT_3D('',#10865,#8657,#8658);
#7625=AXIS2_PLACEMENT_3D('',#10869,#8662,#8663);
#7626=AXIS2_PLACEMENT_3D('',#10872,#8664,#8665);
#7627=AXIS2_PLACEMENT_3D('',#10880,#8670,#8671);
#7628=AXIS2_PLACEMENT_3D('',#10884,#8673,#8674);
#7629=AXIS2_PLACEMENT_3D('',#10890,#8679,#8680);
#7630=AXIS2_PLACEMENT_3D('',#10897,#8685,#8686);
#7631=AXIS2_PLACEMENT_3D('',#10908,#8692,#8693);
#7632=AXIS2_PLACEMENT_3D('',#10912,#8696,#8697);
#7633=AXIS2_PLACEMENT_3D('',#10916,#8700,#8701);
#7634=AXIS2_PLACEMENT_3D('',#10920,#8704,#8705);
#7635=AXIS2_PLACEMENT_3D('',#10922,#8707,#8708);
#7636=AXIS2_PLACEMENT_3D('',#10924,#8710,#8711);
#7637=AXIS2_PLACEMENT_3D('',#10925,#8712,#8713);
#7638=AXIS2_PLACEMENT_3D('',#10927,#8715,#8716);
#7639=AXIS2_PLACEMENT_3D('',#10928,#8717,#8718);
#7640=AXIS2_PLACEMENT_3D('',#10932,#8721,#8722);
#7641=AXIS2_PLACEMENT_3D('',#10935,#8724,#8725);
#7642=AXIS2_PLACEMENT_3D('',#10936,#8726,#8727);
#7643=AXIS2_PLACEMENT_3D('',#10940,#8730,#8731);
#7644=AXIS2_PLACEMENT_3D('',#10943,#8733,#8734);
#7645=AXIS2_PLACEMENT_3D('',#10944,#8735,#8736);
#7646=AXIS2_PLACEMENT_3D('',#10947,#8739,#8740);
#7647=AXIS2_PLACEMENT_3D('',#10948,#8741,#8742);
#7648=AXIS2_PLACEMENT_3D('',#10949,#8743,#8744);
#7649=AXIS2_PLACEMENT_3D('',#10955,#8748,#8749);
#7650=AXIS2_PLACEMENT_3D('',#10957,#8750,#8751);
#7651=AXIS2_PLACEMENT_3D('',#10959,#8753,#8754);
#7652=AXIS2_PLACEMENT_3D('',#10963,#8757,#8758);
#7653=AXIS2_PLACEMENT_3D('',#10969,#8762,#8763);
#7654=AXIS2_PLACEMENT_3D('',#10973,#8766,#8767);
#7655=AXIS2_PLACEMENT_3D('',#10976,#8769,#8770);
#7656=AXIS2_PLACEMENT_3D('',#10977,#8771,#8772);
#7657=AXIS2_PLACEMENT_3D('',#10981,#8775,#8776);
#7658=AXIS2_PLACEMENT_3D('',#10984,#8778,#8779);
#7659=AXIS2_PLACEMENT_3D('',#10985,#8780,#8781);
#7660=AXIS2_PLACEMENT_3D('',#10988,#8784,#8785);
#7661=AXIS2_PLACEMENT_3D('',#10989,#8786,#8787);
#7662=AXIS2_PLACEMENT_3D('',#10990,#8788,#8789);
#7663=AXIS2_PLACEMENT_3D('',#10996,#8793,#8794);
#7664=AXIS2_PLACEMENT_3D('',#10997,#8795,#8796);
#7665=AXIS2_PLACEMENT_3D('',#10998,#8797,#8798);
#7666=AXIS2_PLACEMENT_3D('',#10999,#8799,#8800);
#7667=AXIS2_PLACEMENT_3D('',#11000,#8801,#8802);
#7668=AXIS2_PLACEMENT_3D('',#11001,#8803,#8804);
#7669=AXIS2_PLACEMENT_3D('',#11002,#8805,#8806);
#7670=AXIS2_PLACEMENT_3D('',#11008,#8810,#8811);
#7671=AXIS2_PLACEMENT_3D('',#11014,#8815,#8816);
#7672=AXIS2_PLACEMENT_3D('',#11018,#8819,#8820);
#7673=AXIS2_PLACEMENT_3D('',#11020,#8822,#8823);
#7674=AXIS2_PLACEMENT_3D('',#11023,#8826,#8827);
#7675=AXIS2_PLACEMENT_3D('',#11026,#8830,#8831);
#7676=AXIS2_PLACEMENT_3D('',#11028,#8833,#8834);
#7677=AXIS2_PLACEMENT_3D('',#11030,#8836,#8837);
#7678=AXIS2_PLACEMENT_3D('',#11037,#8842,#8843);
#7679=AXIS2_PLACEMENT_3D('',#11038,#8844,#8845);
#7680=AXIS2_PLACEMENT_3D('',#11039,#8846,#8847);
#7681=AXIS2_PLACEMENT_3D('',#11040,#8848,#8849);
#7682=AXIS2_PLACEMENT_3D('',#11041,#8850,#8851);
#7683=AXIS2_PLACEMENT_3D('',#11044,#8852,#8853);
#7684=AXIS2_PLACEMENT_3D('',#11048,#8855,#8856);
#7685=AXIS2_PLACEMENT_3D('',#11050,#8858,#8859);
#7686=AXIS2_PLACEMENT_3D('',#11053,#8860,#8861);
#7687=AXIS2_PLACEMENT_3D('',#11057,#8863,#8864);
#7688=AXIS2_PLACEMENT_3D('',#11059,#8866,#8867);
#7689=AXIS2_PLACEMENT_3D('',#11068,#8873,#8874);
#7690=AXIS2_PLACEMENT_3D('',#11071,#8875,#8876);
#7691=AXIS2_PLACEMENT_3D('',#11075,#8878,#8879);
#7692=AXIS2_PLACEMENT_3D('',#11077,#8881,#8882);
#7693=AXIS2_PLACEMENT_3D('',#11080,#8883,#8884);
#7694=AXIS2_PLACEMENT_3D('',#11084,#8886,#8887);
#7695=AXIS2_PLACEMENT_3D('',#11086,#8889,#8890);
#7696=AXIS2_PLACEMENT_3D('',#11095,#8896,#8897);
#7697=AXIS2_PLACEMENT_3D('',#11099,#8900,#8901);
#7698=AXIS2_PLACEMENT_3D('',#11103,#8904,#8905);
#7699=AXIS2_PLACEMENT_3D('',#11107,#8908,#8909);
#7700=AXIS2_PLACEMENT_3D('',#11109,#8911,#8912);
#7701=AXIS2_PLACEMENT_3D('',#11113,#8915,#8916);
#7702=AXIS2_PLACEMENT_3D('',#11117,#8919,#8920);
#7703=AXIS2_PLACEMENT_3D('',#11121,#8923,#8924);
#7704=AXIS2_PLACEMENT_3D('',#11123,#8926,#8927);
#7705=AXIS2_PLACEMENT_3D('',#11125,#8929,#8930);
#7706=AXIS2_PLACEMENT_3D('',#11127,#8932,#8933);
#7707=AXIS2_PLACEMENT_3D('',#11129,#8934,#8935);
#7708=AXIS2_PLACEMENT_3D('',#11131,#8936,#8937);
#7709=AXIS2_PLACEMENT_3D('',#11133,#8939,#8940);
#7710=AXIS2_PLACEMENT_3D('',#11135,#8941,#8942);
#7711=AXIS2_PLACEMENT_3D('',#11137,#8943,#8944);
#7712=AXIS2_PLACEMENT_3D('',#11139,#8946,#8947);
#7713=AXIS2_PLACEMENT_3D('',#11150,#8952,#8953);
#7714=AXIS2_PLACEMENT_3D('',#11154,#8955,#8956);
#7715=AXIS2_PLACEMENT_3D('',#11161,#8960,#8961);
#7716=AXIS2_PLACEMENT_3D('',#11165,#8963,#8964);
#7717=AXIS2_PLACEMENT_3D('',#11175,#8969,#8970);
#7718=AXIS2_PLACEMENT_3D('',#11178,#8972,#8973);
#7719=AXIS2_PLACEMENT_3D('',#11179,#8974,#8975);
#7720=AXIS2_PLACEMENT_3D('',#11190,#8980,#8981);
#7721=AXIS2_PLACEMENT_3D('',#11194,#8983,#8984);
#7722=AXIS2_PLACEMENT_3D('',#11201,#8988,#8989);
#7723=AXIS2_PLACEMENT_3D('',#11205,#8991,#8992);
#7724=AXIS2_PLACEMENT_3D('',#11213,#8996,#8997);
#7725=AXIS2_PLACEMENT_3D('',#11217,#8999,#9000);
#7726=AXIS2_PLACEMENT_3D('',#11219,#9002,#9003);
#7727=AXIS2_PLACEMENT_3D('',#11222,#9006,#9007);
#7728=AXIS2_PLACEMENT_3D('',#11225,#9010,#9011);
#7729=AXIS2_PLACEMENT_3D('',#11227,#9013,#9014);
#7730=AXIS2_PLACEMENT_3D('',#11229,#9016,#9017);
#7731=AXIS2_PLACEMENT_3D('',#11231,#9019,#9020);
#7732=AXIS2_PLACEMENT_3D('',#11366,#9021,#9022);
#7733=AXIS2_PLACEMENT_3D('',#11369,#9025,#9026);
#7734=AXIS2_PLACEMENT_3D('',#11371,#9028,#9029);
#7735=AXIS2_PLACEMENT_3D('',#11372,#9030,#9031);
#7736=AXIS2_PLACEMENT_3D('',#11373,#9032,#9033);
#7737=AXIS2_PLACEMENT_3D('',#11375,#9035,#9036);
#7738=AXIS2_PLACEMENT_3D('',#11377,#9038,#9039);
#7739=AXIS2_PLACEMENT_3D('',#11512,#9040,#9041);
#7740=AXIS2_PLACEMENT_3D('',#11515,#9044,#9045);
#7741=AXIS2_PLACEMENT_3D('',#11517,#9047,#9048);
#7742=AXIS2_PLACEMENT_3D('',#11518,#9049,#9050);
#7743=AXIS2_PLACEMENT_3D('',#11614,#9051,#9052);
#7744=AXIS2_PLACEMENT_3D('',#11615,#9053,#9054);
#7745=AXIS2_PLACEMENT_3D('',#11616,#9055,#9056);
#7746=AXIS2_PLACEMENT_3D('',#11832,#9057,#9058);
#7747=AXIS2_PLACEMENT_3D('',#11953,#9059,#9060);
#7748=AXIS2_PLACEMENT_3D('',#11955,#9061,#9062);
#7749=AXIS2_PLACEMENT_3D('',#11958,#9064,#9065);
#7750=AXIS2_PLACEMENT_3D('',#11959,#9066,#9067);
#7751=AXIS2_PLACEMENT_3D('',#11965,#9071,#9072);
#7752=AXIS2_PLACEMENT_3D('',#11967,#9073,#9074);
#7753=AXIS2_PLACEMENT_3D('',#11970,#9076,#9077);
#7754=AXIS2_PLACEMENT_3D('',#11971,#9078,#9079);
#7755=AXIS2_PLACEMENT_3D('',#11976,#9082,#9083);
#7756=AXIS2_PLACEMENT_3D('',#11977,#9084,#9085);
#7757=AXIS2_PLACEMENT_3D('',#11980,#9086,#9087);
#7758=AXIS2_PLACEMENT_3D('',#11986,#9091,#9092);
#7759=AXIS2_PLACEMENT_3D('',#11988,#9093,#9094);
#7760=AXIS2_PLACEMENT_3D('',#11991,#9096,#9097);
#7761=AXIS2_PLACEMENT_3D('',#11992,#9098,#9099);
#7762=AXIS2_PLACEMENT_3D('',#11998,#9103,#9104);
#7763=AXIS2_PLACEMENT_3D('',#11999,#9105,#9106);
#7764=AXIS2_PLACEMENT_3D('',#12000,#9107,#9108);
#7765=AXIS2_PLACEMENT_3D('',#12001,#9109,#9110);
#7766=AXIS2_PLACEMENT_3D('',#12004,#9113,#9114);
#7767=AXIS2_PLACEMENT_3D('',#12007,#9117,#9118);
#7768=AXIS2_PLACEMENT_3D('',#12009,#9120,#9121);
#7769=AXIS2_PLACEMENT_3D('',#12011,#9123,#9124);
#7770=AXIS2_PLACEMENT_3D('',#12012,#9125,#9126);
#7771=AXIS2_PLACEMENT_3D('',#12014,#9128,#9129);
#7772=AXIS2_PLACEMENT_3D('',#12016,#9131,#9132);
#7773=AXIS2_PLACEMENT_3D('',#12017,#9133,#9134);
#7774=AXIS2_PLACEMENT_3D('',#12028,#9139,#9140);
#7775=AXIS2_PLACEMENT_3D('',#12032,#9142,#9143);
#7776=AXIS2_PLACEMENT_3D('',#12039,#9147,#9148);
#7777=AXIS2_PLACEMENT_3D('',#12043,#9150,#9151);
#7778=AXIS2_PLACEMENT_3D('',#12053,#9156,#9157);
#7779=AXIS2_PLACEMENT_3D('',#12056,#9159,#9160);
#7780=AXIS2_PLACEMENT_3D('',#12057,#9161,#9162);
#7781=AXIS2_PLACEMENT_3D('',#12068,#9167,#9168);
#7782=AXIS2_PLACEMENT_3D('',#12072,#9170,#9171);
#7783=AXIS2_PLACEMENT_3D('',#12079,#9175,#9176);
#7784=AXIS2_PLACEMENT_3D('',#12083,#9178,#9179);
#7785=AXIS2_PLACEMENT_3D('',#12091,#9183,#9184);
#7786=AXIS2_PLACEMENT_3D('',#12095,#9186,#9187);
#7787=AXIS2_PLACEMENT_3D('',#12097,#9189,#9190);
#7788=AXIS2_PLACEMENT_3D('',#12100,#9193,#9194);
#7789=AXIS2_PLACEMENT_3D('',#12103,#9197,#9198);
#7790=AXIS2_PLACEMENT_3D('',#12105,#9200,#9201);
#7791=AXIS2_PLACEMENT_3D('',#12107,#9203,#9204);
#7792=AXIS2_PLACEMENT_3D('',#12109,#9206,#9207);
#7793=AXIS2_PLACEMENT_3D('',#12244,#9208,#9209);
#7794=AXIS2_PLACEMENT_3D('',#12247,#9212,#9213);
#7795=AXIS2_PLACEMENT_3D('',#12249,#9215,#9216);
#7796=AXIS2_PLACEMENT_3D('',#12250,#9217,#9218);
#7797=AXIS2_PLACEMENT_3D('',#12251,#9219,#9220);
#7798=AXIS2_PLACEMENT_3D('',#12253,#9222,#9223);
#7799=AXIS2_PLACEMENT_3D('',#12255,#9225,#9226);
#7800=AXIS2_PLACEMENT_3D('',#12390,#9227,#9228);
#7801=AXIS2_PLACEMENT_3D('',#12393,#9231,#9232);
#7802=AXIS2_PLACEMENT_3D('',#12395,#9234,#9235);
#7803=AXIS2_PLACEMENT_3D('',#12396,#9236,#9237);
#7804=AXIS2_PLACEMENT_3D('',#12492,#9238,#9239);
#7805=AXIS2_PLACEMENT_3D('',#12493,#9240,#9241);
#7806=AXIS2_PLACEMENT_3D('',#12494,#9242,#9243);
#7807=AXIS2_PLACEMENT_3D('',#12710,#9244,#9245);
#7808=AXIS2_PLACEMENT_3D('',#12831,#9246,#9247);
#7809=AXIS2_PLACEMENT_3D('',#12833,#9248,#9249);
#7810=AXIS2_PLACEMENT_3D('',#12836,#9251,#9252);
#7811=AXIS2_PLACEMENT_3D('',#12837,#9253,#9254);
#7812=AXIS2_PLACEMENT_3D('',#12843,#9258,#9259);
#7813=AXIS2_PLACEMENT_3D('',#12845,#9260,#9261);
#7814=AXIS2_PLACEMENT_3D('',#12848,#9263,#9264);
#7815=AXIS2_PLACEMENT_3D('',#12849,#9265,#9266);
#7816=AXIS2_PLACEMENT_3D('',#12854,#9269,#9270);
#7817=AXIS2_PLACEMENT_3D('',#12855,#9271,#9272);
#7818=AXIS2_PLACEMENT_3D('',#12858,#9273,#9274);
#7819=AXIS2_PLACEMENT_3D('',#12864,#9278,#9279);
#7820=AXIS2_PLACEMENT_3D('',#12866,#9280,#9281);
#7821=AXIS2_PLACEMENT_3D('',#12869,#9283,#9284);
#7822=AXIS2_PLACEMENT_3D('',#12870,#9285,#9286);
#7823=AXIS2_PLACEMENT_3D('',#12876,#9290,#9291);
#7824=AXIS2_PLACEMENT_3D('',#12877,#9292,#9293);
#7825=AXIS2_PLACEMENT_3D('',#12878,#9294,#9295);
#7826=AXIS2_PLACEMENT_3D('',#12879,#9296,#9297);
#7827=AXIS2_PLACEMENT_3D('',#12882,#9300,#9301);
#7828=AXIS2_PLACEMENT_3D('',#12885,#9304,#9305);
#7829=AXIS2_PLACEMENT_3D('',#12887,#9307,#9308);
#7830=AXIS2_PLACEMENT_3D('',#12889,#9310,#9311);
#7831=AXIS2_PLACEMENT_3D('',#12890,#9312,#9313);
#7832=AXIS2_PLACEMENT_3D('',#12892,#9315,#9316);
#7833=AXIS2_PLACEMENT_3D('',#12894,#9318,#9319);
#7834=AXIS2_PLACEMENT_3D('',#12895,#9320,#9321);
#7835=AXIS2_PLACEMENT_3D('',#12896,#9322,#9323);
#7836=AXIS2_PLACEMENT_3D('',#12897,#9324,#9325);
#7837=AXIS2_PLACEMENT_3D('',#12902,#9327,#9328);
#7838=AXIS2_PLACEMENT_3D('',#12905,#9330,#9331);
#7839=AXIS2_PLACEMENT_3D('',#12906,#9332,#9333);
#7840=AXIS2_PLACEMENT_3D('',#12907,#9334,#9335);
#7841=AXIS2_PLACEMENT_3D('',#12908,#9336,#9337);
#7842=AXIS2_PLACEMENT_3D('',#12924,#9338,#9339);
#7843=AXIS2_PLACEMENT_3D('',#12925,#9340,#9341);
#7844=AXIS2_PLACEMENT_3D('',#12926,#9342,#9343);
#7845=AXIS2_PLACEMENT_3D('',#12942,#9344,#9345);
#7846=AXIS2_PLACEMENT_3D('',#12947,#9348,#9349);
#7847=AXIS2_PLACEMENT_3D('',#12948,#9350,#9351);
#7848=AXIS2_PLACEMENT_3D('',#12952,#9354,#9355);
#7849=AXIS2_PLACEMENT_3D('',#12955,#9357,#9358);
#7850=AXIS2_PLACEMENT_3D('',#12956,#9359,#9360);
#7851=AXIS2_PLACEMENT_3D('',#12958,#9362,#9363);
#7852=AXIS2_PLACEMENT_3D('',#12961,#9364,#9365);
#7853=AXIS2_PLACEMENT_3D('',#12965,#9367,#9368);
#7854=AXIS2_PLACEMENT_3D('',#12967,#9370,#9371);
#7855=AXIS2_PLACEMENT_3D('',#12968,#9372,#9373);
#7856=AXIS2_PLACEMENT_3D('',#12969,#9374,#9375);
#7857=AXIS2_PLACEMENT_3D('',#12970,#9376,#9377);
#7858=AXIS2_PLACEMENT_3D('',#12971,#9378,#9379);
#7859=AXIS2_PLACEMENT_3D('',#12972,#9380,#9381);
#7860=AXIS2_PLACEMENT_3D('',#12973,#9382,#9383);
#7861=AXIS2_PLACEMENT_3D('',#12974,#9384,#9385);
#7862=AXIS2_PLACEMENT_3D('',#12975,#9386,#9387);
#7863=AXIS2_PLACEMENT_3D('',#12980,#9389,#9390);
#7864=AXIS2_PLACEMENT_3D('',#12983,#9392,#9393);
#7865=AXIS2_PLACEMENT_3D('',#12984,#9394,#9395);
#7866=AXIS2_PLACEMENT_3D('',#12985,#9396,#9397);
#7867=AXIS2_PLACEMENT_3D('',#12986,#9398,#9399);
#7868=AXIS2_PLACEMENT_3D('',#13002,#9400,#9401);
#7869=AXIS2_PLACEMENT_3D('',#13003,#9402,#9403);
#7870=AXIS2_PLACEMENT_3D('',#13004,#9404,#9405);
#7871=AXIS2_PLACEMENT_3D('',#13020,#9406,#9407);
#7872=AXIS2_PLACEMENT_3D('',#13025,#9410,#9411);
#7873=AXIS2_PLACEMENT_3D('',#13026,#9412,#9413);
#7874=AXIS2_PLACEMENT_3D('',#13030,#9416,#9417);
#7875=AXIS2_PLACEMENT_3D('',#13033,#9419,#9420);
#7876=AXIS2_PLACEMENT_3D('',#13034,#9421,#9422);
#7877=AXIS2_PLACEMENT_3D('',#13036,#9424,#9425);
#7878=AXIS2_PLACEMENT_3D('',#13039,#9426,#9427);
#7879=AXIS2_PLACEMENT_3D('',#13043,#9429,#9430);
#7880=AXIS2_PLACEMENT_3D('',#13045,#9432,#9433);
#7881=AXIS2_PLACEMENT_3D('',#13046,#9434,#9435);
#7882=AXIS2_PLACEMENT_3D('',#13047,#9436,#9437);
#7883=AXIS2_PLACEMENT_3D('',#13048,#9438,#9439);
#7884=AXIS2_PLACEMENT_3D('',#13049,#9440,#9441);
#7885=AXIS2_PLACEMENT_3D('',#13050,#9442,#9443);
#7886=AXIS2_PLACEMENT_3D('',#13051,#9444,#9445);
#7887=AXIS2_PLACEMENT_3D('',#13052,#9446,#9447);
#7888=AXIS2_PLACEMENT_3D('',#13053,#9448,#9449);
#7889=AXIS2_PLACEMENT_3D('',#13058,#9451,#9452);
#7890=AXIS2_PLACEMENT_3D('',#13060,#9453,#9454);
#7891=AXIS2_PLACEMENT_3D('',#13084,#9467,#9468);
#7892=AXIS2_PLACEMENT_3D('',#13085,#9469,#9470);
#7893=AXIS2_PLACEMENT_3D('',#13086,#9471,#9472);
#7894=AXIS2_PLACEMENT_3D('',#13087,#9473,#9474);
#7895=AXIS2_PLACEMENT_3D('',#13089,#9475,#9476);
#7896=AXIS2_PLACEMENT_3D('',#13097,#9480,#9481);
#7897=AXIS2_PLACEMENT_3D('',#13101,#9484,#9485);
#7898=AXIS2_PLACEMENT_3D('',#13107,#9488,#9489);
#7899=AXIS2_PLACEMENT_3D('',#13114,#9493,#9494);
#7900=AXIS2_PLACEMENT_3D('',#13115,#9495,#9496);
#7901=AXIS2_PLACEMENT_3D('',#13137,#9508,#9509);
#7902=AXIS2_PLACEMENT_3D('',#13138,#9510,#9511);
#7903=AXIS2_PLACEMENT_3D('',#13139,#9512,#9513);
#7904=AXIS2_PLACEMENT_3D('',#13140,#9514,#9515);
#7905=AXIS2_PLACEMENT_3D('',#13141,#9516,#9517);
#7906=AXIS2_PLACEMENT_3D('',#13143,#9518,#9519);
#7907=AXIS2_PLACEMENT_3D('',#13144,#9520,#9521);
#7908=AXIS2_PLACEMENT_3D('',#13146,#9522,#9523);
#7909=AXIS2_PLACEMENT_3D('',#13148,#9525,#9526);
#7910=AXIS2_PLACEMENT_3D('',#13150,#9528,#9529);
#7911=AXIS2_PLACEMENT_3D('',#13152,#9531,#9532);
#7912=AXIS2_PLACEMENT_3D('',#13154,#9534,#9535);
#7913=AXIS2_PLACEMENT_3D('',#13156,#9537,#9538);
#7914=AXIS2_PLACEMENT_3D('',#13158,#9540,#9541);
#7915=AXIS2_PLACEMENT_3D('',#13160,#9543,#9544);
#7916=AXIS2_PLACEMENT_3D('',#13161,#9545,#9546);
#7917=AXIS2_PLACEMENT_3D('',#13164,#9548,#9549);
#7918=AXIS2_PLACEMENT_3D('',#13180,#9550,#9551);
#7919=AXIS2_PLACEMENT_3D('',#13181,#9552,#9553);
#7920=AXIS2_PLACEMENT_3D('',#13185,#9556,#9557);
#7921=AXIS2_PLACEMENT_3D('',#13187,#9558,#9559);
#7922=AXIS2_PLACEMENT_3D('',#13192,#9562,#9563);
#7923=AXIS2_PLACEMENT_3D('',#13194,#9565,#9566);
#7924=AXIS2_PLACEMENT_3D('',#13198,#9569,#9570);
#7925=AXIS2_PLACEMENT_3D('',#13199,#9571,#9572);
#7926=AXIS2_PLACEMENT_3D('',#13200,#9573,#9574);
#7927=AXIS2_PLACEMENT_3D('',#13202,#9575,#9576);
#7928=AXIS2_PLACEMENT_3D('',#13204,#9578,#9579);
#7929=AXIS2_PLACEMENT_3D('',#13206,#9581,#9582);
#7930=AXIS2_PLACEMENT_3D('',#13208,#9584,#9585);
#7931=AXIS2_PLACEMENT_3D('',#13224,#9586,#9587);
#7932=AXIS2_PLACEMENT_3D('',#13225,#9588,#9589);
#7933=AXIS2_PLACEMENT_3D('',#13226,#9590,#9591);
#7934=AXIS2_PLACEMENT_3D('',#13227,#9592,#9593);
#7935=AXIS2_PLACEMENT_3D('',#13232,#9595,#9596);
#7936=AXIS2_PLACEMENT_3D('',#13246,#9604,#9605);
#7937=AXIS2_PLACEMENT_3D('',#13250,#9607,#9608);
#7938=AXIS2_PLACEMENT_3D('',#13258,#9612,#9613);
#7939=AXIS2_PLACEMENT_3D('',#13260,#9615,#9616);
#7940=AXIS2_PLACEMENT_3D('',#13262,#9617,#9618);
#7941=AXIS2_PLACEMENT_3D('',#13264,#9620,#9621);
#7942=AXIS2_PLACEMENT_3D('',#13268,#9624,#9625);
#7943=AXIS2_PLACEMENT_3D('',#13272,#9628,#9629);
#7944=AXIS2_PLACEMENT_3D('',#13276,#9632,#9633);
#7945=AXIS2_PLACEMENT_3D('',#13280,#9636,#9637);
#7946=AXIS2_PLACEMENT_3D('',#13284,#9639,#9640);
#7947=AXIS2_PLACEMENT_3D('',#13288,#9642,#9643);
#7948=AXIS2_PLACEMENT_3D('',#13292,#9646,#9647);
#7949=AXIS2_PLACEMENT_3D('',#13295,#9649,#9650);
#7950=AXIS2_PLACEMENT_3D('',#13296,#9651,#9652);
#7951=AXIS2_PLACEMENT_3D('',#13298,#9653,#9654);
#7952=AXIS2_PLACEMENT_3D('',#13300,#9656,#9657);
#7953=AXIS2_PLACEMENT_3D('',#13303,#9658,#9659);
#7954=AXIS2_PLACEMENT_3D('',#13324,#9671,#9672);
#7955=AXIS2_PLACEMENT_3D('',#13328,#9675,#9676);
#7956=AXIS2_PLACEMENT_3D('',#13350,#9687,#9688);
#7957=AXIS2_PLACEMENT_3D('',#13352,#9690,#9691);
#7958=AXIS2_PLACEMENT_3D('',#13354,#9692,#9693);
#7959=AXIS2_PLACEMENT_3D('',#13356,#9695,#9696);
#7960=AXIS2_PLACEMENT_3D('',#13358,#9698,#9699);
#7961=AXIS2_PLACEMENT_3D('',#13362,#9702,#9703);
#7962=AXIS2_PLACEMENT_3D('',#13365,#9705,#9706);
#7963=AXIS2_PLACEMENT_3D('',#13366,#9707,#9708);
#7964=AXIS2_PLACEMENT_3D('',#13370,#9711,#9712);
#7965=AXIS2_PLACEMENT_3D('',#13372,#9714,#9715);
#7966=AXIS2_PLACEMENT_3D('',#13373,#9716,#9717);
#7967=AXIS2_PLACEMENT_3D('',#13389,#9718,#9719);
#7968=AXIS2_PLACEMENT_3D('',#13390,#9720,#9721);
#7969=AXIS2_PLACEMENT_3D('',#13391,#9722,#9723);
#7970=AXIS2_PLACEMENT_3D('',#13392,#9724,#9725);
#7971=AXIS2_PLACEMENT_3D('',#13393,#9726,#9727);
#7972=AXIS2_PLACEMENT_3D('',#13394,#9728,#9729);
#7973=AXIS2_PLACEMENT_3D('',#13395,#9730,#9731);
#7974=AXIS2_PLACEMENT_3D('',#13397,#9733,#9734);
#7975=AXIS2_PLACEMENT_3D('',#13399,#9736,#9737);
#7976=AXIS2_PLACEMENT_3D('',#13401,#9739,#9740);
#7977=AXIS2_PLACEMENT_3D('',#13403,#9742,#9743);
#7978=AXIS2_PLACEMENT_3D('',#13405,#9745,#9746);
#7979=AXIS2_PLACEMENT_3D('',#13406,#9747,#9748);
#7980=AXIS2_PLACEMENT_3D('',#13407,#9749,#9750);
#7981=AXIS2_PLACEMENT_3D('',#13408,#9751,#9752);
#7982=AXIS2_PLACEMENT_3D('',#13409,#9753,#9754);
#7983=AXIS2_PLACEMENT_3D('',#13410,#9755,#9756);
#7984=AXIS2_PLACEMENT_3D('',#13411,#9757,#9758);
#7985=AXIS2_PLACEMENT_3D('',#13427,#9759,#9760);
#7986=AXIS2_PLACEMENT_3D('',#13434,#9763,#9764);
#7987=AXIS2_PLACEMENT_3D('',#13442,#9768,#9769);
#7988=AXIS2_PLACEMENT_3D('',#13444,#9771,#9772);
#7989=AXIS2_PLACEMENT_3D('',#13454,#9777,#9778);
#7990=AXIS2_PLACEMENT_3D('',#13456,#9780,#9781);
#7991=AXIS2_PLACEMENT_3D('',#13463,#9784,#9785);
#7992=AXIS2_PLACEMENT_3D('',#13468,#9789,#9790);
#7993=AXIS2_PLACEMENT_3D('',#13471,#9792,#9793);
#7994=AXIS2_PLACEMENT_3D('',#13478,#9797,#9798);
#7995=AXIS2_PLACEMENT_3D('',#13479,#9799,#9800);
#7996=AXIS2_PLACEMENT_3D('',#13481,#9802,#9803);
#7997=AXIS2_PLACEMENT_3D('',#13486,#9805,#9806);
#7998=AXIS2_PLACEMENT_3D('',#13491,#9809,#9810);
#7999=AXIS2_PLACEMENT_3D('',#13495,#9813,#9814);
#8000=AXIS2_PLACEMENT_3D('',#13499,#9817,#9818);
#8001=AXIS2_PLACEMENT_3D('',#13500,#9819,#9820);
#8002=AXIS2_PLACEMENT_3D('',#13501,#9821,#9822);
#8003=AXIS2_PLACEMENT_3D('',#13503,#9824,#9825);
#8004=AXIS2_PLACEMENT_3D('',#13505,#9826,#9827);
#8005=AXIS2_PLACEMENT_3D('',#13507,#9829,#9830);
#8006=AXIS2_PLACEMENT_3D('',#13509,#9832,#9833);
#8007=AXIS2_PLACEMENT_3D('',#13512,#9835,#9836);
#8008=AXIS2_PLACEMENT_3D('',#13513,#9837,#9838);
#8009=AXIS2_PLACEMENT_3D('',#13514,#9839,#9840);
#8010=AXIS2_PLACEMENT_3D('',#13517,#9842,#9843);
#8011=AXIS2_PLACEMENT_3D('',#13518,#9844,#9845);
#8012=AXIS2_PLACEMENT_3D('',#13522,#9847,#9848);
#8013=AXIS2_PLACEMENT_3D('',#13524,#9849,#9850);
#8014=AXIS2_PLACEMENT_3D('',#13541,#9860,#9861);
#8015=AXIS2_PLACEMENT_3D('',#13545,#9864,#9865);
#8016=AXIS2_PLACEMENT_3D('',#13563,#9875,#9876);
#8017=AXIS2_PLACEMENT_3D('',#13564,#9877,#9878);
#8018=AXIS2_PLACEMENT_3D('',#13565,#9879,#9880);
#8019=AXIS2_PLACEMENT_3D('',#13566,#9881,#9882);
#8020=AXIS2_PLACEMENT_3D('',#13567,#9883,#9884);
#8021=AXIS2_PLACEMENT_3D('',#13568,#9885,#9886);
#8022=AXIS2_PLACEMENT_3D('',#13585,#9888,#9889);
#8023=AXIS2_PLACEMENT_3D('',#13601,#9890,#9891);
#8024=AXIS2_PLACEMENT_3D('',#13602,#9892,#9893);
#8025=AXIS2_PLACEMENT_3D('',#13603,#9894,#9895);
#8026=AXIS2_PLACEMENT_3D('',#13604,#9896,#9897);
#8027=AXIS2_PLACEMENT_3D('',#13606,#9898,#9899);
#8028=AXIS2_PLACEMENT_3D('',#13607,#9900,#9901);
#8029=AXIS2_PLACEMENT_3D('',#13609,#9903,#9904);
#8030=AXIS2_PLACEMENT_3D('',#13611,#9906,#9907);
#8031=AXIS2_PLACEMENT_3D('',#13613,#9909,#9910);
#8032=AXIS2_PLACEMENT_3D('',#13615,#9912,#9913);
#8033=AXIS2_PLACEMENT_3D('',#13616,#9914,#9915);
#8034=AXIS2_PLACEMENT_3D('',#13617,#9916,#9917);
#8035=AXIS2_PLACEMENT_3D('',#13618,#9918,#9919);
#8036=AXIS2_PLACEMENT_3D('',#13619,#9920,#9921);
#8037=AXIS2_PLACEMENT_3D('',#13632,#9927,#9928);
#8038=AXIS2_PLACEMENT_3D('',#13634,#9930,#9931);
#8039=AXIS2_PLACEMENT_3D('',#13638,#9933,#9934);
#8040=AXIS2_PLACEMENT_3D('',#13639,#9935,#9936);
#8041=AXIS2_PLACEMENT_3D('',#13640,#9937,#9938);
#8042=AXIS2_PLACEMENT_3D('',#13642,#9939,#9940);
#8043=AXIS2_PLACEMENT_3D('',#13645,#9942,#9943);
#8044=AXIS2_PLACEMENT_3D('',#13646,#9944,#9945);
#8045=AXIS2_PLACEMENT_3D('',#13654,#9949,#9950);
#8046=AXIS2_PLACEMENT_3D('',#13658,#9953,#9954);
#8047=AXIS2_PLACEMENT_3D('',#13662,#9957,#9958);
#8048=AXIS2_PLACEMENT_3D('',#13666,#9961,#9962);
#8049=AXIS2_PLACEMENT_3D('',#13669,#9964,#9965);
#8050=AXIS2_PLACEMENT_3D('',#13670,#9966,#9967);
#8051=AXIS2_PLACEMENT_3D('',#13674,#9969,#9970);
#8052=AXIS2_PLACEMENT_3D('',#13680,#9974,#9975);
#8053=AXIS2_PLACEMENT_3D('',#13685,#9977,#9978);
#8054=AXIS2_PLACEMENT_3D('',#13687,#9979,#9980);
#8055=AXIS2_PLACEMENT_3D('',#13721,#9991,#9992);
#8056=AXIS2_PLACEMENT_3D('',#13722,#9993,#9994);
#8057=AXIS2_PLACEMENT_3D('',#13723,#9995,#9996);
#8058=AXIS2_PLACEMENT_3D('',#13727,#9999,#10000);
#8059=AXIS2_PLACEMENT_3D('',#13733,#10003,#10004);
#8060=AXIS2_PLACEMENT_3D('',#13735,#10006,#10007);
#8061=AXIS2_PLACEMENT_3D('',#13736,#10008,#10009);
#8062=AXIS2_PLACEMENT_3D('',#13740,#10012,#10013);
#8063=AXIS2_PLACEMENT_3D('',#13742,#10014,#10015);
#8064=AXIS2_PLACEMENT_3D('',#13744,#10017,#10018);
#8065=AXIS2_PLACEMENT_3D('',#13746,#10020,#10021);
#8066=AXIS2_PLACEMENT_3D('',#13749,#10023,#10024);
#8067=AXIS2_PLACEMENT_3D('',#13750,#10025,#10026);
#8068=AXIS2_PLACEMENT_3D('',#13770,#10037,#10038);
#8069=AXIS2_PLACEMENT_3D('',#13771,#10039,#10040);
#8070=AXIS2_PLACEMENT_3D('',#13773,#10042,#10043);
#8071=AXIS2_PLACEMENT_3D('',#13774,#10044,#10045);
#8072=AXIS2_PLACEMENT_3D('',#13775,#10046,#10047);
#8073=AXIS2_PLACEMENT_3D('',#13777,#10048,#10049);
#8074=AXIS2_PLACEMENT_3D('',#13778,#10050,#10051);
#8075=AXIS2_PLACEMENT_3D('',#13780,#10053,#10054);
#8076=AXIS2_PLACEMENT_3D('',#13782,#10056,#10057);
#8077=AXIS2_PLACEMENT_3D('',#13784,#10059,#10060);
#8078=AXIS2_PLACEMENT_3D('',#13786,#10062,#10063);
#8079=AXIS2_PLACEMENT_3D('',#13788,#10065,#10066);
#8080=AXIS2_PLACEMENT_3D('',#13789,#10067,#10068);
#8081=AXIS2_PLACEMENT_3D('',#13790,#10069,#10070);
#8082=AXIS2_PLACEMENT_3D('',#13791,#10071,#10072);
#8083=AXIS2_PLACEMENT_3D('',#13807,#10073,#10074);
#8084=AXIS2_PLACEMENT_3D('',#13808,#10075,#10076);
#8085=AXIS2_PLACEMENT_3D('',#13809,#10077,#10078);
#8086=AXIS2_PLACEMENT_3D('',#13810,#10079,#10080);
#8087=AXIS2_PLACEMENT_3D('',#13811,#10081,#10082);
#8088=AXIS2_PLACEMENT_3D('',#13828,#10090,#10091);
#8089=AXIS2_PLACEMENT_3D('',#13830,#10093,#10094);
#8090=AXIS2_PLACEMENT_3D('',#13834,#10096,#10097);
#8091=AXIS2_PLACEMENT_3D('',#13835,#10098,#10099);
#8092=AXIS2_PLACEMENT_3D('',#13836,#10100,#10101);
#8093=AXIS2_PLACEMENT_3D('',#13838,#10102,#10103);
#8094=AXIS2_PLACEMENT_3D('',#13841,#10105,#10106);
#8095=AXIS2_PLACEMENT_3D('',#13842,#10107,#10108);
#8096=AXIS2_PLACEMENT_3D('',#13849,#10111,#10112);
#8097=AXIS2_PLACEMENT_3D('',#13854,#10116,#10117);
#8098=AXIS2_PLACEMENT_3D('',#13858,#10120,#10121);
#8099=AXIS2_PLACEMENT_3D('',#13862,#10124,#10125);
#8100=AXIS2_PLACEMENT_3D('',#13866,#10128,#10129);
#8101=AXIS2_PLACEMENT_3D('',#13870,#10132,#10133);
#8102=AXIS2_PLACEMENT_3D('',#13873,#10135,#10136);
#8103=AXIS2_PLACEMENT_3D('',#13874,#10137,#10138);
#8104=AXIS2_PLACEMENT_3D('',#13878,#10140,#10141);
#8105=AXIS2_PLACEMENT_3D('',#13884,#10145,#10146);
#8106=AXIS2_PLACEMENT_3D('',#13907,#10158,#10159);
#8107=AXIS2_PLACEMENT_3D('',#13923,#10160,#10161);
#8108=AXIS2_PLACEMENT_3D('',#13924,#10162,#10163);
#8109=AXIS2_PLACEMENT_3D('',#13925,#10164,#10165);
#8110=AXIS2_PLACEMENT_3D('',#13929,#10168,#10169);
#8111=AXIS2_PLACEMENT_3D('',#13934,#10171,#10172);
#8112=AXIS2_PLACEMENT_3D('',#13936,#10174,#10175);
#8113=AXIS2_PLACEMENT_3D('',#13938,#10177,#10178);
#8114=AXIS2_PLACEMENT_3D('',#13942,#10181,#10182);
#8115=AXIS2_PLACEMENT_3D('',#13944,#10183,#10184);
#8116=AXIS2_PLACEMENT_3D('',#13946,#10186,#10187);
#8117=AXIS2_PLACEMENT_3D('',#13948,#10189,#10190);
#8118=AXIS2_PLACEMENT_3D('',#13951,#10192,#10193);
#8119=AXIS2_PLACEMENT_3D('',#13952,#10194,#10195);
#8120=AXIS2_PLACEMENT_3D('',#13956,#10197,#10198);
#8121=AXIS2_PLACEMENT_3D('',#13973,#10208,#10209);
#8122=AXIS2_PLACEMENT_3D('',#13975,#10211,#10212);
#8123=AXIS2_PLACEMENT_3D('',#13976,#10213,#10214);
#8124=AXIS2_PLACEMENT_3D('',#13977,#10215,#10216);
#8125=AXIS2_PLACEMENT_3D('',#13979,#10218,#10219);
#8126=AXIS2_PLACEMENT_3D('',#13981,#10221,#10222);
#8127=AXIS2_PLACEMENT_3D('',#13983,#10224,#10225);
#8128=AXIS2_PLACEMENT_3D('',#13985,#10227,#10228);
#8129=AXIS2_PLACEMENT_3D('',#13987,#10230,#10231);
#8130=AXIS2_PLACEMENT_3D('',#13988,#10232,#10233);
#8131=AXIS2_PLACEMENT_3D('',#13989,#10234,#10235);
#8132=AXIS2_PLACEMENT_3D('',#13990,#10236,#10237);
#8133=AXIS2_PLACEMENT_3D('',#13991,#10238,#10239);
#8134=AXIS2_PLACEMENT_3D('',#14007,#10240,#10241);
#8135=AXIS2_PLACEMENT_3D('',#14008,#10242,#10243);
#8136=AXIS2_PLACEMENT_3D('',#14009,#10244,#10245);
#8137=AXIS2_PLACEMENT_3D('',#14010,#10246,#10247);
#8138=AXIS2_PLACEMENT_3D('',#14011,#10248,#10249);
#8139=AXIS2_PLACEMENT_3D('',#14012,#10250,#10251);
#8140=AXIS2_PLACEMENT_3D('',#14013,#10252,#10253);
#8141=DIRECTION('axis',(0.,0.,1.));
#8142=DIRECTION('refdir',(1.,0.,0.));
#8143=DIRECTION('axis',(0.,0.,1.));
#8144=DIRECTION('refdir',(1.,0.,0.));
#8145=DIRECTION('center_axis',(-1.83697019872103E-16,6.12323399573677E-17,
-1.));
#8146=DIRECTION('ref_axis',(1.12481983699639E-32,1.,6.12323399573677E-17));
#8147=DIRECTION('center_axis',(-1.83697019872103E-16,6.12323399573677E-17,
-1.));
#8148=DIRECTION('ref_axis',(1.12481983699639E-32,1.,6.12323399573677E-17));
#8149=DIRECTION('',(-1.83697019872103E-16,6.12323399573677E-17,-1.));
#8150=DIRECTION('center_axis',(-6.12323399573677E-17,-6.12323399573677E-17,
1.));
#8151=DIRECTION('ref_axis',(1.,-3.74939945665464E-33,6.12323399573677E-17));
#8152=DIRECTION('center_axis',(1.,0.,0.));
#8153=DIRECTION('ref_axis',(0.,1.,4.82705662880503E-17));
#8154=DIRECTION('',(0.,0.,1.));
#8155=DIRECTION('',(0.,1.,4.82705662880503E-17));
#8156=DIRECTION('',(0.,0.,1.));
#8157=DIRECTION('',(0.,1.,4.89804275569922E-17));
#8158=DIRECTION('',(0.,0.,1.));
#8159=DIRECTION('',(0.,1.,4.88010120714355E-17));
#8160=DIRECTION('',(0.,0.,1.));
#8161=DIRECTION('',(0.,1.,4.89804275569923E-17));
#8162=DIRECTION('center_axis',(-1.,0.,0.));
#8163=DIRECTION('ref_axis',(0.,-1.,-4.82705662880503E-17));
#8164=DIRECTION('',(0.,0.,1.));
#8165=DIRECTION('',(0.,-1.,-4.82705662880503E-17));
#8166=DIRECTION('',(0.,0.,1.));
#8167=DIRECTION('',(0.,-1.,-4.89804275569922E-17));
#8168=DIRECTION('',(0.,0.,1.));
#8169=DIRECTION('',(0.,-1.,-4.88010120714355E-17));
#8170=DIRECTION('',(0.,0.,1.));
#8171=DIRECTION('',(0.,-1.,-4.89804275569922E-17));
#8172=DIRECTION('center_axis',(6.12323399573676E-17,-6.12323399573677E-17,
1.));
#8173=DIRECTION('ref_axis',(-0.963138543391848,-0.269005847953216,4.25033691826222E-17));
#8174=DIRECTION('center_axis',(-6.12323399573677E-17,-6.12323399573677E-17,
1.));
#8175=DIRECTION('ref_axis',(-0.963138543391848,-0.269005847953216,-7.54470842474049E-17));
#8176=DIRECTION('',(0.,0.,1.));
#8177=DIRECTION('center_axis',(6.12323399573676E-17,-6.12323399573677E-17,
1.));
#8178=DIRECTION('ref_axis',(-0.963138543391848,-0.269005847953216,4.25033691826222E-17));
#8179=DIRECTION('',(0.,0.,1.));
#8180=DIRECTION('center_axis',(4.99881771899307E-16,-1.,-5.47382212626882E-48));
#8181=DIRECTION('ref_axis',(1.,4.99881771899307E-16,-4.16568143249423E-17));
#8182=DIRECTION('',(-1.,-4.99881771899307E-16,-4.16568143249423E-17));
#8183=DIRECTION('',(1.,4.99881771899307E-16,-8.33136286498845E-17));
#8184=DIRECTION('center_axis',(-1.66627257299769E-16,1.,0.));
#8185=DIRECTION('ref_axis',(-1.,-1.66627257299769E-16,4.16568143249422E-17));
#8186=DIRECTION('',(1.,1.66627257299769E-16,8.33136286498844E-17));
#8187=DIRECTION('',(-1.,-1.66627257299769E-16,4.16568143249422E-17));
#8188=DIRECTION('',(0.,0.,1.));
#8189=DIRECTION('center_axis',(6.12323399573676E-17,-6.12323399573677E-17,
1.));
#8190=DIRECTION('ref_axis',(0.963138543391848,0.269005847953217,-4.25033691826221E-17));
#8191=DIRECTION('center_axis',(-6.12323399573677E-17,-6.12323399573677E-17,
1.));
#8192=DIRECTION('ref_axis',(0.963138543391848,0.269005847953217,7.54470842474049E-17));
#8193=DIRECTION('center_axis',(6.12323399573676E-17,-6.12323399573677E-17,
1.));
#8194=DIRECTION('ref_axis',(0.963138543391848,0.269005847953217,-4.25033691826221E-17));
#8195=DIRECTION('',(0.,0.,1.));
#8196=DIRECTION('center_axis',(-1.66627257299769E-16,1.,0.));
#8197=DIRECTION('ref_axis',(-1.,-1.66627257299769E-16,4.16568143249422E-17));
#8198=DIRECTION('',(1.,1.66627257299769E-16,4.16568143249422E-17));
#8199=DIRECTION('',(-1.,-1.66627257299769E-16,8.33136286498844E-17));
#8200=DIRECTION('center_axis',(6.66509029199075E-16,-1.,0.));
#8201=DIRECTION('ref_axis',(1.,6.66509029199075E-16,-4.16568143249422E-17));
#8202=DIRECTION('',(-1.,-6.66509029199075E-16,-8.33136286498844E-17));
#8203=DIRECTION('',(1.,6.66509029199075E-16,-4.16568143249422E-17));
#8204=DIRECTION('center_axis',(-6.12323399573677E-17,-6.12323399573677E-17,
1.));
#8205=DIRECTION('ref_axis',(1.,-3.74939945665464E-33,6.12323399573677E-17));
#8206=DIRECTION('',(-1.,0.,0.));
#8207=DIRECTION('',(0.,-1.,0.));
#8208=DIRECTION('center_axis',(-6.12323399573677E-17,-6.12323399573677E-17,
1.));
#8209=DIRECTION('ref_axis',(-1.,3.50321773037417E-34,-6.12323399573677E-17));
#8210=DIRECTION('',(1.,-9.15647855360954E-17,4.57823927680477E-17));
#8211=DIRECTION('center_axis',(-6.12323399573677E-17,-6.12323399573677E-17,
1.));
#8212=DIRECTION('ref_axis',(3.50321773037417E-34,-1.,-6.12323399573677E-17));
#8213=DIRECTION('',(1.97372982155583E-15,1.,4.93432455388958E-16));
#8214=DIRECTION('',(-1.,0.,0.));
#8215=DIRECTION('center_axis',(-6.12323399573677E-17,-6.12323399573677E-17,
1.));
#8216=DIRECTION('ref_axis',(1.,-3.74939945665464E-33,6.12323399573677E-17));
#8217=DIRECTION('',(1.,0.,0.));
#8218=DIRECTION('',(0.,1.,4.93432455388958E-16));
#8219=DIRECTION('center_axis',(-6.12323399573677E-17,-6.12323399573677E-17,
1.));
#8220=DIRECTION('ref_axis',(1.,-3.50321773037417E-34,6.12323399573677E-17));
#8221=DIRECTION('',(-1.,0.,-6.86735891520715E-17));
#8222=DIRECTION('center_axis',(-6.12323399573677E-17,-6.12323399573677E-17,
1.));
#8223=DIRECTION('ref_axis',(-3.50321773037417E-34,1.,6.12323399573677E-17));
#8224=DIRECTION('',(0.,-1.,0.));
#8225=DIRECTION('',(1.,0.,0.));
#8226=DIRECTION('center_axis',(1.83697019872103E-16,-6.12323399573677E-17,
1.));
#8227=DIRECTION('ref_axis',(1.12481983699639E-32,1.,6.12323399573677E-17));
#8228=DIRECTION('center_axis',(-1.83697019872103E-16,6.12323399573677E-17,
-1.));
#8229=DIRECTION('ref_axis',(1.12481983699639E-32,1.,6.12323399573677E-17));
#8230=DIRECTION('center_axis',(-6.12323399573677E-17,-6.12323399573677E-17,
1.));
#8231=DIRECTION('ref_axis',(1.,-3.74939945665464E-33,6.12323399573677E-17));
#8232=DIRECTION('',(1.,-9.15647855360954E-17,4.57823927680477E-17));
#8233=DIRECTION('center_axis',(-6.12323399573677E-17,-6.12323399573677E-17,
1.));
#8234=DIRECTION('ref_axis',(-1.,3.74939945665464E-33,-6.12323399573677E-17));
#8235=DIRECTION('',(0.,-1.,0.));
#8236=DIRECTION('',(-1.,0.,0.));
#8237=DIRECTION('',(1.,0.,0.));
#8238=DIRECTION('',(0.,-1.,0.));
#8239=DIRECTION('center_axis',(-6.12323399573677E-17,-6.12323399573677E-17,
1.));
#8240=DIRECTION('ref_axis',(-3.74939945665464E-33,1.,6.12323399573677E-17));
#8241=DIRECTION('',(-1.,0.,-4.57823927680477E-17));
#8242=DIRECTION('center_axis',(-6.12323399573677E-17,-6.12323399573677E-17,
1.));
#8243=DIRECTION('ref_axis',(1.,-3.74939945665464E-33,6.12323399573677E-17));
#8244=DIRECTION('',(0.,1.,0.));
#8245=DIRECTION('',(1.,0.,0.));
#8246=DIRECTION('',(-1.,0.,0.));
#8247=DIRECTION('',(1.97372982155583E-15,1.,0.));
#8248=DIRECTION('center_axis',(-6.12323399573677E-17,-6.12323399573677E-17,
1.));
#8249=DIRECTION('ref_axis',(3.74939945665464E-33,-1.,-6.12323399573677E-17));
#8250=DIRECTION('center_axis',(6.12323399573676E-17,-6.12323399573677E-17,
1.));
#8251=DIRECTION('ref_axis',(1.,3.74939945665464E-33,-6.12323399573676E-17));
#8252=DIRECTION('center_axis',(-6.12323399573676E-17,6.12323399573677E-17,
-1.));
#8253=DIRECTION('ref_axis',(-1.69254053879293E-32,1.,6.12323399573677E-17));
#8254=DIRECTION('center_axis',(0.,1.,0.));
#8255=DIRECTION('ref_axis',(-1.,0.,0.));
#8256=DIRECTION('',(0.,0.,1.));
#8257=DIRECTION('center_axis',(0.,-1.,0.));
#8258=DIRECTION('ref_axis',(1.,0.,0.));
#8259=DIRECTION('',(0.,0.,1.));
#8260=DIRECTION('center_axis',(0.,-1.,0.));
#8261=DIRECTION('ref_axis',(1.,0.,0.));
#8262=DIRECTION('',(0.,0.,1.));
#8263=DIRECTION('center_axis',(0.,1.,0.));
#8264=DIRECTION('ref_axis',(-1.,0.,0.));
#8265=DIRECTION('',(0.,0.,1.));
#8266=DIRECTION('center_axis',(-1.,0.,0.));
#8267=DIRECTION('ref_axis',(0.,-1.,0.));
#8268=DIRECTION('',(0.,0.,1.));
#8269=DIRECTION('center_axis',(-6.12323399573677E-17,-6.12323399573677E-17,
1.));
#8270=DIRECTION('ref_axis',(-1.,3.74939945665464E-33,-6.12323399573677E-17));
#8271=DIRECTION('',(0.,0.,1.));
#8272=DIRECTION('center_axis',(-9.15647855360954E-17,-1.,0.));
#8273=DIRECTION('ref_axis',(1.,-9.15647855360954E-17,4.57823927680477E-17));
#8274=DIRECTION('',(0.,0.,1.));
#8275=DIRECTION('center_axis',(-6.12323399573677E-17,-6.12323399573677E-17,
1.));
#8276=DIRECTION('ref_axis',(0.,-1.,-6.12323399573677E-17));
#8277=DIRECTION('',(0.,0.,1.));
#8278=DIRECTION('center_axis',(1.,-1.97372982155583E-15,0.));
#8279=DIRECTION('ref_axis',(1.97372982155583E-15,1.,0.));
#8280=DIRECTION('center_axis',(1.,0.,0.));
#8281=DIRECTION('ref_axis',(0.,1.,0.));
#8282=DIRECTION('',(0.,0.,1.));
#8283=DIRECTION('center_axis',(-6.12323399573677E-17,-6.12323399573677E-17,
1.));
#8284=DIRECTION('ref_axis',(1.,-3.74939945665464E-33,6.12323399573677E-17));
#8285=DIRECTION('',(0.,0.,1.));
#8286=DIRECTION('center_axis',(0.,1.,0.));
#8287=DIRECTION('ref_axis',(-1.,0.,-4.57823927680477E-17));
#8288=DIRECTION('',(0.,0.,1.));
#8289=DIRECTION('center_axis',(-6.12323399573677E-17,-6.12323399573677E-17,
1.));
#8290=DIRECTION('ref_axis',(0.,1.,6.12323399573677E-17));
#8291=DIRECTION('',(0.,0.,1.));
#8292=DIRECTION('center_axis',(-1.,0.,0.));
#8293=DIRECTION('ref_axis',(0.,-1.,0.));
#8294=DIRECTION('center_axis',(-1.83697019872103E-16,6.12323399573677E-17,
-1.));
#8295=DIRECTION('ref_axis',(1.12481983699639E-32,1.,6.12323399573677E-17));
#8296=DIRECTION('center_axis',(-1.83697019872103E-16,6.12323399573677E-17,
-1.));
#8297=DIRECTION('ref_axis',(-1.69254053879293E-32,1.,6.12323399573677E-17));
#8298=DIRECTION('',(2.16489014058873E-16,0.707106781186547,0.707106781186548));
#8299=DIRECTION('center_axis',(-1.83697019872103E-16,6.12323399573677E-17,
-1.));
#8300=DIRECTION('ref_axis',(-1.69254053879293E-32,1.,6.12323399573677E-17));
#8301=DIRECTION('',(1.83697019872103E-16,-6.12323399573677E-17,1.));
#8302=DIRECTION('axis',(0.,0.,1.));
#8303=DIRECTION('refdir',(1.,0.,0.));
#8304=DIRECTION('center_axis',(0.,-1.11022302462516E-16,1.));
#8305=DIRECTION('ref_axis',(1.,0.,0.));
#8306=DIRECTION('center_axis',(0.,-1.11022302462516E-16,1.));
#8307=DIRECTION('ref_axis',(-3.66186038408635E-32,-1.,-6.12323399573677E-17));
#8308=DIRECTION('',(-0.766044443118979,-0.642787609686538,-7.13637604217763E-17));
#8309=DIRECTION('center_axis',(0.642787609686538,-0.766044443118979,-8.93781590202634E-17));
#8310=DIRECTION('ref_axis',(0.766044443118979,0.642787609686538,0.));
#8311=DIRECTION('',(0.,7.40148683083438E-17,-1.));
#8312=DIRECTION('',(0.766044443118979,0.642787609686538,0.));
#8313=DIRECTION('',(-7.40148683083438E-17,7.40148683083438E-17,-1.));
#8314=DIRECTION('center_axis',(6.12323399573677E-17,-6.12323399573677E-17,
1.));
#8315=DIRECTION('ref_axis',(-3.74939945665464E-33,-1.,-6.12323399573677E-17));
#8316=DIRECTION('center_axis',(-6.12323399573677E-17,6.12323399573677E-17,
-1.));
#8317=DIRECTION('ref_axis',(0.0246312023964018,0.999696605910267,5.97055362686289E-17));
#8318=DIRECTION('center_axis',(-6.12323399573677E-17,6.12323399573677E-17,
-1.));
#8319=DIRECTION('ref_axis',(-3.74939945665464E-33,-1.,-6.12323399573677E-17));
#8320=DIRECTION('center_axis',(-6.12323399573677E-17,6.12323399573677E-17,
-1.));
#8321=DIRECTION('ref_axis',(-3.66186038408635E-32,-1.,-6.12323399573677E-17));
#8322=DIRECTION('center_axis',(-6.12323399573677E-17,6.12323399573677E-17,
-1.));
#8323=DIRECTION('ref_axis',(-3.66186038408635E-32,-1.,-6.12323399573677E-17));
#8324=DIRECTION('center_axis',(-6.12323399573677E-17,6.12323399573677E-17,
-1.));
#8325=DIRECTION('ref_axis',(-4.22951867561345E-32,-1.,-6.12323399573677E-17));
#8326=DIRECTION('center_axis',(-6.12323399573677E-17,6.12323399573677E-17,
-1.));
#8327=DIRECTION('ref_axis',(-4.22951867561345E-32,-1.,-6.12323399573677E-17));
#8328=DIRECTION('center_axis',(-6.12323399573677E-17,6.12323399573677E-17,
-1.));
#8329=DIRECTION('ref_axis',(-6.94878082250723E-32,-1.,-6.12323399573677E-17));
#8330=DIRECTION('',(6.12323399573677E-17,-6.12323399573677E-17,1.));
#8331=DIRECTION('center_axis',(-6.12323399573677E-17,6.12323399573677E-17,
-1.));
#8332=DIRECTION('ref_axis',(-3.66186038408635E-32,-1.,-6.12323399573677E-17));
#8333=DIRECTION('center_axis',(-6.12323399573677E-17,6.12323399573677E-17,
-1.));
#8334=DIRECTION('ref_axis',(-3.66186038408635E-32,-1.,-6.12323399573677E-17));
#8335=DIRECTION('center_axis',(-6.12323399573677E-17,6.12323399573677E-17,
-1.));
#8336=DIRECTION('ref_axis',(-3.66186038408635E-32,-1.,-6.12323399573677E-17));
#8337=DIRECTION('center_axis',(-6.12323399573677E-17,6.12323399573677E-17,
-1.));
#8338=DIRECTION('ref_axis',(-3.66186038408635E-32,-1.,-6.12323399573677E-17));
#8339=DIRECTION('',(6.12323399573677E-17,-6.12323399573677E-17,1.));
#8340=DIRECTION('center_axis',(-6.12323399573677E-17,6.12323399573677E-17,
-1.));
#8341=DIRECTION('ref_axis',(-3.66186038408635E-32,-1.,-6.12323399573677E-17));
#8342=DIRECTION('center_axis',(6.12323399573677E-17,-6.12323399573677E-17,
1.));
#8343=DIRECTION('ref_axis',(1.,0.,-6.12323399573677E-17));
#8344=DIRECTION('axis',(0.,0.,1.));
#8345=DIRECTION('refdir',(1.,0.,0.));
#8346=DIRECTION('center_axis',(-9.15647855360954E-17,-1.,0.));
#8347=DIRECTION('ref_axis',(1.,-9.15647855360954E-17,0.));
#8348=DIRECTION('',(1.,-9.15647855360954E-17,0.));
#8349=DIRECTION('',(0.,0.,1.));
#8350=DIRECTION('',(1.,-9.15647855360954E-17,0.));
#8351=DIRECTION('',(0.,0.,1.));
#8352=DIRECTION('',(-1.,3.5527136788005E-16,0.));
#8353=DIRECTION('',(0.,0.,1.));
#8354=DIRECTION('',(1.,-3.5527136788005E-16,0.));
#8355=DIRECTION('',(0.,0.,-1.));
#8356=DIRECTION('center_axis',(1.,-7.40148683083438E-16,-1.85037170770859E-16));
#8357=DIRECTION('ref_axis',(1.85037170770859E-16,0.,1.));
#8358=DIRECTION('',(-7.40148683083438E-16,-1.,0.));
#8359=DIRECTION('',(1.85037170770859E-16,0.,1.));
#8360=DIRECTION('',(0.,-1.,0.));
#8361=DIRECTION('center_axis',(0.,0.,-1.));
#8362=DIRECTION('ref_axis',(1.,0.,0.));
#8363=DIRECTION('',(1.,0.,0.));
#8364=DIRECTION('',(-7.40148683083438E-16,-1.,0.));
#8365=DIRECTION('center_axis',(-1.,7.40148683083438E-16,1.85037170770859E-16));
#8366=DIRECTION('ref_axis',(-1.85037170770859E-16,0.,-1.));
#8367=DIRECTION('',(-1.85037170770859E-16,0.,-1.));
#8368=DIRECTION('',(0.,-1.,0.));
#8369=DIRECTION('center_axis',(0.,0.,1.));
#8370=DIRECTION('ref_axis',(-1.,0.,0.));
#8371=DIRECTION('',(-1.,0.,0.));
#8372=DIRECTION('center_axis',(0.,0.,1.));
#8373=DIRECTION('ref_axis',(1.,0.,0.));
#8374=DIRECTION('',(-1.,0.,0.));
#8375=DIRECTION('',(-0.707106781186548,-0.707106781186547,0.));
#8376=DIRECTION('',(-3.41607084500048E-16,-1.,0.));
#8377=DIRECTION('',(1.,-2.86509167645202E-16,0.));
#8378=DIRECTION('',(0.,1.,0.));
#8379=DIRECTION('center_axis',(0.,0.,1.));
#8380=DIRECTION('ref_axis',(0.,-1.,0.));
#8381=DIRECTION('center_axis',(0.,0.,1.));
#8382=DIRECTION('ref_axis',(-1.,0.,0.));
#8383=DIRECTION('',(0.,-1.,0.));
#8384=DIRECTION('',(1.,2.86509167645202E-16,0.));
#8385=DIRECTION('',(3.41607084500048E-16,1.,0.));
#8386=DIRECTION('',(-0.707106781186547,0.707106781186548,0.));
#8387=DIRECTION('',(-1.,0.,0.));
#8388=DIRECTION('',(0.,-1.,0.));
#8389=DIRECTION('',(1.,0.,0.));
#8390=DIRECTION('',(0.,1.,0.));
#8391=DIRECTION('',(-1.,0.,0.));
#8392=DIRECTION('',(0.,-1.,0.));
#8393=DIRECTION('',(1.,-2.77555756156289E-16,0.));
#8394=DIRECTION('',(0.707106781186548,0.707106781186547,0.));
#8395=DIRECTION('',(3.41607084500048E-16,1.,0.));
#8396=DIRECTION('',(-1.,-2.86509167645202E-16,0.));
#8397=DIRECTION('',(0.,-1.,0.));
#8398=DIRECTION('center_axis',(0.,0.,1.));
#8399=DIRECTION('ref_axis',(0.,1.,0.));
#8400=DIRECTION('',(-1.,0.,0.));
#8401=DIRECTION('center_axis',(0.,0.,1.));
#8402=DIRECTION('ref_axis',(1.,0.,0.));
#8403=DIRECTION('',(0.,1.,0.));
#8404=DIRECTION('',(-1.,2.86509167645202E-16,0.));
#8405=DIRECTION('',(-3.41607084500048E-16,-1.,0.));
#8406=DIRECTION('',(0.707106781186547,-0.707106781186548,0.));
#8407=DIRECTION('',(1.,0.,0.));
#8408=DIRECTION('',(0.,1.,0.));
#8409=DIRECTION('',(-1.,0.,0.));
#8410=DIRECTION('',(0.,-1.,0.));
#8411=DIRECTION('',(1.,0.,0.));
#8412=DIRECTION('',(0.,1.,0.));
#8413=DIRECTION('center_axis',(0.,0.,1.));
#8414=DIRECTION('ref_axis',(0.,-1.,0.));
#8415=DIRECTION('',(0.,0.,1.));
#8416=DIRECTION('center_axis',(0.,0.,1.));
#8417=DIRECTION('ref_axis',(0.,-1.,0.));
#8418=DIRECTION('center_axis',(0.,0.,1.));
#8419=DIRECTION('ref_axis',(1.,0.,0.));
#8420=DIRECTION('',(0.,1.,0.));
#8421=DIRECTION('',(-1.,0.,0.));
#8422=DIRECTION('',(0.,1.,0.));
#8423=DIRECTION('',(1.,0.,0.));
#8424=DIRECTION('',(0.,1.,0.));
#8425=DIRECTION('center_axis',(0.,0.,1.));
#8426=DIRECTION('ref_axis',(1.,0.,0.));
#8427=DIRECTION('',(-1.,0.,0.));
#8428=DIRECTION('center_axis',(0.,0.,1.));
#8429=DIRECTION('ref_axis',(0.,1.,0.));
#8430=DIRECTION('',(0.,-1.,0.));
#8431=DIRECTION('',(1.,0.,0.));
#8432=DIRECTION('',(0.,-1.,0.));
#8433=DIRECTION('',(-1.,0.,0.));
#8434=DIRECTION('',(0.,-1.,0.));
#8435=DIRECTION('center_axis',(0.,0.,1.));
#8436=DIRECTION('ref_axis',(-1.,0.,0.));
#8437=DIRECTION('center_axis',(0.,0.,1.));
#8438=DIRECTION('ref_axis',(-1.,0.,0.));
#8439=DIRECTION('',(0.,0.,1.));
#8440=DIRECTION('center_axis',(-9.15647855360954E-17,-1.,0.));
#8441=DIRECTION('ref_axis',(1.,-9.15647855360954E-17,0.));
#8442=DIRECTION('center_axis',(0.,1.,0.));
#8443=DIRECTION('ref_axis',(-1.,0.,-2.77555756156289E-16));
#8444=DIRECTION('',(0.,0.,1.));
#8445=DIRECTION('',(-1.,0.,-2.77555756156289E-16));
#8446=DIRECTION('',(0.,0.,1.));
#8447=DIRECTION('center_axis',(-0.707106781186547,0.707106781186548,0.));
#8448=DIRECTION('ref_axis',(-0.707106781186548,-0.707106781186547,0.));
#8449=DIRECTION('',(-0.707106781186548,-0.707106781186547,0.));
#8450=DIRECTION('',(0.,0.,1.));
#8451=DIRECTION('center_axis',(-1.,3.41607084500048E-16,0.));
#8452=DIRECTION('ref_axis',(-3.41607084500048E-16,-1.,0.));
#8453=DIRECTION('',(-3.41607084500048E-16,-1.,0.));
#8454=DIRECTION('',(0.,0.,1.));
#8455=DIRECTION('center_axis',(0.,1.,0.));
#8456=DIRECTION('ref_axis',(-1.,0.,0.));
#8457=DIRECTION('',(1.,0.,1.64477485129653E-16));
#8458=DIRECTION('',(0.,0.,1.));
#8459=DIRECTION('',(0.,0.,1.));
#8460=DIRECTION('center_axis',(1.,0.,0.));
#8461=DIRECTION('ref_axis',(0.,1.,0.));
#8462=DIRECTION('center_axis',(-1.,0.,0.));
#8463=DIRECTION('ref_axis',(0.,-1.,0.));
#8464=DIRECTION('',(0.,0.,1.));
#8465=DIRECTION('center_axis',(0.,1.,0.));
#8466=DIRECTION('ref_axis',(-1.,0.,0.));
#8467=DIRECTION('',(0.,0.,1.));
#8468=DIRECTION('',(1.,0.,1.64477485129653E-16));
#8469=DIRECTION('',(0.,0.,1.));
#8470=DIRECTION('center_axis',(1.,-3.41607084500048E-16,0.));
#8471=DIRECTION('ref_axis',(3.41607084500048E-16,1.,0.));
#8472=DIRECTION('',(3.41607084500048E-16,1.,0.));
#8473=DIRECTION('',(0.,0.,1.));
#8474=DIRECTION('center_axis',(0.707106781186548,0.707106781186547,0.));
#8475=DIRECTION('ref_axis',(-0.707106781186547,0.707106781186548,0.));
#8476=DIRECTION('',(-0.707106781186547,0.707106781186548,0.));
#8477=DIRECTION('',(0.,0.,1.));
#8478=DIRECTION('center_axis',(0.,1.,0.));
#8479=DIRECTION('ref_axis',(-1.,0.,-2.77555756156289E-16));
#8480=DIRECTION('',(0.,0.,-1.));
#8481=DIRECTION('',(-1.,0.,-2.77555756156289E-16));
#8482=DIRECTION('center_axis',(-1.,0.,0.));
#8483=DIRECTION('ref_axis',(0.,-1.,0.));
#8484=DIRECTION('',(0.,1.,0.));
#8485=DIRECTION('',(0.,0.,1.));
#8486=DIRECTION('',(0.,1.,0.));
#8487=DIRECTION('',(0.,0.,1.));
#8488=DIRECTION('',(0.,0.,-1.));
#8489=DIRECTION('',(0.,1.,0.));
#8490=DIRECTION('',(0.,0.,1.));
#8491=DIRECTION('center_axis',(0.,-1.,0.));
#8492=DIRECTION('ref_axis',(1.,0.,5.55111512312579E-16));
#8493=DIRECTION('',(1.,0.,5.55111512312579E-16));
#8494=DIRECTION('',(0.,0.,1.));
#8495=DIRECTION('center_axis',(1.,0.,0.));
#8496=DIRECTION('ref_axis',(0.,1.,0.));
#8497=DIRECTION('',(0.,1.,0.));
#8498=DIRECTION('',(0.,0.,1.));
#8499=DIRECTION('center_axis',(0.,1.,0.));
#8500=DIRECTION('ref_axis',(-1.,0.,-5.55111512312579E-16));
#8501=DIRECTION('',(-1.,0.,-5.55111512312579E-16));
#8502=DIRECTION('center_axis',(-2.77555756156289E-16,-1.,1.09476442525376E-47));
#8503=DIRECTION('ref_axis',(1.,-2.77555756156289E-16,2.77555756156289E-16));
#8504=DIRECTION('',(1.,-2.77555756156289E-16,2.77555756156289E-16));
#8505=DIRECTION('',(1.11022302462516E-15,0.,1.));
#8506=DIRECTION('center_axis',(0.707106781186547,-0.707106781186548,0.));
#8507=DIRECTION('ref_axis',(0.707106781186548,0.707106781186547,0.));
#8508=DIRECTION('',(0.707106781186548,0.707106781186547,0.));
#8509=DIRECTION('',(0.,0.,1.));
#8510=DIRECTION('center_axis',(1.,-3.41607084500048E-16,0.));
#8511=DIRECTION('ref_axis',(3.41607084500048E-16,1.,0.));
#8512=DIRECTION('',(3.41607084500048E-16,1.,0.));
#8513=DIRECTION('',(0.,0.,1.));
#8514=DIRECTION('center_axis',(0.,-1.,0.));
#8515=DIRECTION('ref_axis',(1.,0.,0.));
#8516=DIRECTION('',(-1.,0.,-1.64477485129653E-16));
#8517=DIRECTION('',(0.,0.,1.));
#8518=DIRECTION('center_axis',(-1.,0.,0.));
#8519=DIRECTION('ref_axis',(0.,-1.,0.));
#8520=DIRECTION('',(0.,0.,1.));
#8521=DIRECTION('center_axis',(0.,0.,1.));
#8522=DIRECTION('ref_axis',(0.,1.,0.));
#8523=DIRECTION('',(0.,0.,1.));
#8524=DIRECTION('center_axis',(0.,1.,0.));
#8525=DIRECTION('ref_axis',(-1.,0.,0.));
#8526=DIRECTION('',(0.,0.,1.));
#8527=DIRECTION('center_axis',(0.,0.,1.));
#8528=DIRECTION('ref_axis',(1.,0.,0.));
#8529=DIRECTION('',(0.,0.,1.));
#8530=DIRECTION('center_axis',(1.,0.,0.));
#8531=DIRECTION('ref_axis',(0.,1.,0.));
#8532=DIRECTION('',(0.,0.,1.));
#8533=DIRECTION('center_axis',(0.,-1.,0.));
#8534=DIRECTION('ref_axis',(1.,0.,0.));
#8535=DIRECTION('',(0.,0.,1.));
#8536=DIRECTION('',(-1.,0.,-1.64477485129653E-16));
#8537=DIRECTION('',(0.,0.,1.));
#8538=DIRECTION('center_axis',(-1.,3.41607084500048E-16,0.));
#8539=DIRECTION('ref_axis',(-3.41607084500048E-16,-1.,0.));
#8540=DIRECTION('',(-3.41607084500048E-16,-1.,0.));
#8541=DIRECTION('',(0.,0.,1.));
#8542=DIRECTION('center_axis',(-0.707106781186548,-0.707106781186547,0.));
#8543=DIRECTION('ref_axis',(0.707106781186547,-0.707106781186548,0.));
#8544=DIRECTION('',(0.707106781186547,-0.707106781186548,0.));
#8545=DIRECTION('',(0.,0.,1.));
#8546=DIRECTION('center_axis',(0.,-1.,0.));
#8547=DIRECTION('ref_axis',(1.,0.,2.77555756156289E-16));
#8548=DIRECTION('',(0.,0.,-1.));
#8549=DIRECTION('',(1.,0.,2.77555756156289E-16));
#8550=DIRECTION('center_axis',(1.,0.,0.));
#8551=DIRECTION('ref_axis',(0.,1.,0.));
#8552=DIRECTION('',(0.,0.,-1.));
#8553=DIRECTION('',(0.,-1.,0.));
#8554=DIRECTION('',(0.,0.,1.));
#8555=DIRECTION('',(0.,-1.,0.));
#8556=DIRECTION('',(0.,-1.,0.));
#8557=DIRECTION('center_axis',(0.,1.,0.));
#8558=DIRECTION('ref_axis',(-1.,0.,-5.55111512312578E-16));
#8559=DIRECTION('',(-1.,0.,-5.55111512312578E-16));
#8560=DIRECTION('',(0.,0.,1.));
#8561=DIRECTION('center_axis',(-1.,0.,0.));
#8562=DIRECTION('ref_axis',(0.,-1.,0.));
#8563=DIRECTION('',(0.,-1.,0.));
#8564=DIRECTION('',(0.,0.,1.));
#8565=DIRECTION('center_axis',(0.,-1.,0.));
#8566=DIRECTION('ref_axis',(1.,0.,5.55111512312578E-16));
#8567=DIRECTION('',(1.,0.,5.55111512312578E-16));
#8568=DIRECTION('center_axis',(-1.22464679914735E-16,0.,1.));
#8569=DIRECTION('ref_axis',(1.,0.,1.22464679914735E-16));
#8570=DIRECTION('center_axis',(-1.22464679914735E-16,0.,1.));
#8571=DIRECTION('ref_axis',(1.,0.,1.22464679914735E-16));
#8572=DIRECTION('center_axis',(-1.22464679914735E-16,0.,1.));
#8573=DIRECTION('ref_axis',(1.,0.,1.22464679914735E-16));
#8574=DIRECTION('center_axis',(-1.22464679914735E-16,0.,1.));
#8575=DIRECTION('ref_axis',(1.,0.,1.22464679914735E-16));
#8576=DIRECTION('center_axis',(-1.22464679914735E-16,0.,1.));
#8577=DIRECTION('ref_axis',(1.,0.,1.22464679914735E-16));
#8578=DIRECTION('center_axis',(-1.22464679914735E-16,0.,1.));
#8579=DIRECTION('ref_axis',(1.,0.,1.22464679914735E-16));
#8580=DIRECTION('center_axis',(0.,1.,0.));
#8581=DIRECTION('ref_axis',(-1.,0.,0.));
#8582=DIRECTION('',(0.,0.,1.));
#8583=DIRECTION('center_axis',(0.,-1.,0.));
#8584=DIRECTION('ref_axis',(0.,0.,1.));
#8585=DIRECTION('',(0.,0.,1.));
#8586=DIRECTION('',(-1.,0.,0.));
#8587=DIRECTION('center_axis',(0.,-1.,0.));
#8588=DIRECTION('ref_axis',(1.,0.,0.));
#8589=DIRECTION('',(0.,0.,1.));
#8590=DIRECTION('center_axis',(0.,1.,0.));
#8591=DIRECTION('ref_axis',(0.,0.,1.));
#8592=DIRECTION('',(0.,0.,1.));
#8593=DIRECTION('',(1.,0.,0.));
#8594=DIRECTION('center_axis',(0.,-1.,0.));
#8595=DIRECTION('ref_axis',(1.,0.,0.));
#8596=DIRECTION('',(0.,0.,-1.));
#8597=DIRECTION('',(1.,0.,0.));
#8598=DIRECTION('',(0.,0.,-1.));
#8599=DIRECTION('center_axis',(0.,1.,0.));
#8600=DIRECTION('ref_axis',(-1.,0.,0.));
#8601=DIRECTION('center_axis',(0.,1.,0.));
#8602=DIRECTION('ref_axis',(-1.,0.,0.));
#8603=DIRECTION('',(0.,0.,-1.));
#8604=DIRECTION('',(-1.,0.,0.));
#8605=DIRECTION('',(0.,0.,-1.));
#8606=DIRECTION('center_axis',(0.,-1.,0.));
#8607=DIRECTION('ref_axis',(1.,0.,0.));
#8608=DIRECTION('center_axis',(0.,1.,0.));
#8609=DIRECTION('ref_axis',(-8.26946079742758E-16,0.,1.));
#8610=DIRECTION('center_axis',(0.,-1.,0.));
#8611=DIRECTION('ref_axis',(0.,0.,1.));
#8612=DIRECTION('',(-1.,0.,-1.11022302462516E-15));
#8613=DIRECTION('center_axis',(0.,-1.,0.));
#8614=DIRECTION('ref_axis',(0.,0.,1.));
#8615=DIRECTION('center_axis',(0.,-1.,0.));
#8616=DIRECTION('ref_axis',(8.26946079742758E-16,0.,1.));
#8617=DIRECTION('center_axis',(0.,1.,0.));
#8618=DIRECTION('ref_axis',(0.,0.,1.));
#8619=DIRECTION('',(1.,0.,-1.11022302462516E-15));
#8620=DIRECTION('center_axis',(0.,1.,0.));
#8621=DIRECTION('ref_axis',(0.,0.,1.));
#8622=DIRECTION('center_axis',(0.,1.,0.));
#8623=DIRECTION('ref_axis',(-0.946507887038026,0.,-0.322680677721508));
#8624=DIRECTION('center_axis',(0.,-1.,0.));
#8625=DIRECTION('ref_axis',(4.42981755461409E-15,0.,-1.));
#8626=DIRECTION('',(4.44089209850061E-15,0.,-1.));
#8627=DIRECTION('center_axis',(0.,-1.,0.));
#8628=DIRECTION('ref_axis',(0.,0.,-1.));
#8629=DIRECTION('',(-0.322680677721507,0.,0.946507887038026));
#8630=DIRECTION('center_axis',(8.69802369629116E-17,-1.,-1.14331449070123E-15));
#8631=DIRECTION('ref_axis',(-0.946507887038034,2.86598014406434E-16,-0.322680677721485));
#8632=DIRECTION('center_axis',(8.69802369629116E-17,-1.,-1.14331449070123E-15));
#8633=DIRECTION('ref_axis',(-9.94457653243235E-32,1.14331449070123E-15,
-1.));
#8634=DIRECTION('',(6.66133814775093E-15,0.,-1.));
#8635=DIRECTION('center_axis',(8.69802369629116E-17,-1.,-1.14331449070123E-15));
#8636=DIRECTION('ref_axis',(4.42981755461411E-15,1.14331449070123E-15,-1.));
#8637=DIRECTION('',(-0.322680677721466,-1.11022302462516E-15,0.94650788703804));
#8638=DIRECTION('center_axis',(4.56335677841536E-15,0.,-1.));
#8639=DIRECTION('ref_axis',(-1.,0.,-4.56335677841536E-15));
#8640=DIRECTION('',(-8.45884209238215E-16,-1.,0.));
#8641=DIRECTION('',(1.,0.,4.58714840044023E-15));
#8642=DIRECTION('',(0.,-1.,0.));
#8643=DIRECTION('',(0.707106781186548,-0.707106781186547,3.14018491736755E-15));
#8644=DIRECTION('',(1.,-3.37171517611206E-16,4.72040124655688E-15));
#8645=DIRECTION('center_axis',(0.,0.,1.));
#8646=DIRECTION('ref_axis',(1.,0.,0.));
#8647=DIRECTION('',(1.,1.33090775668317E-15,0.));
#8648=DIRECTION('center_axis',(0.,0.,1.));
#8649=DIRECTION('ref_axis',(-0.956814957077708,-0.290697674418604,0.));
#8650=DIRECTION('',(1.,6.65453878341583E-16,0.));
#8651=DIRECTION('',(0.,-1.,0.));
#8652=DIRECTION('',(1.,0.,0.));
#8653=DIRECTION('',(0.,1.,0.));
#8654=DIRECTION('center_axis',(0.,0.,1.));
#8655=DIRECTION('ref_axis',(0.,-1.,0.));
#8656=DIRECTION('',(1.,0.,0.));
#8657=DIRECTION('center_axis',(0.,0.,1.));
#8658=DIRECTION('ref_axis',(-1.,0.,0.));
#8659=DIRECTION('',(0.,-1.,0.));
#8660=DIRECTION('',(1.,0.,0.));
#8661=DIRECTION('',(0.,1.,0.));
#8662=DIRECTION('center_axis',(0.,0.,1.));
#8663=DIRECTION('ref_axis',(1.,0.,0.));
#8664=DIRECTION('center_axis',(0.,0.,1.));
#8665=DIRECTION('ref_axis',(0.956814957077707,0.290697674418605,0.));
#8666=DIRECTION('',(-1.,-3.32726939170791E-16,0.));
#8667=DIRECTION('',(0.,1.,0.));
#8668=DIRECTION('',(-1.,0.,0.));
#8669=DIRECTION('',(0.,-1.,0.));
#8670=DIRECTION('center_axis',(0.,0.,1.));
#8671=DIRECTION('ref_axis',(0.,1.,0.));
#8672=DIRECTION('',(-1.,0.,0.));
#8673=DIRECTION('center_axis',(0.,0.,1.));
#8674=DIRECTION('ref_axis',(1.,0.,0.));
#8675=DIRECTION('',(0.,1.,0.));
#8676=DIRECTION('',(-1.,0.,0.));
#8677=DIRECTION('',(0.,-1.,0.));
#8678=DIRECTION('',(-1.,0.,0.));
#8679=DIRECTION('center_axis',(0.,0.,1.));
#8680=DIRECTION('ref_axis',(1.,0.,0.));
#8681=DIRECTION('',(0.,-1.,0.));
#8682=DIRECTION('',(-1.,0.,0.));
#8683=DIRECTION('',(0.,1.,0.));
#8684=DIRECTION('',(1.,5.53728916112624E-16,0.));
#8685=DIRECTION('center_axis',(4.56335677841536E-15,2.22044604925031E-15,
-1.));
#8686=DIRECTION('ref_axis',(-1.,-1.69176841847642E-15,-4.56335677841536E-15));
#8687=DIRECTION('',(8.45884209238214E-16,-1.,-2.11471052309554E-15));
#8688=DIRECTION('',(-1.,-1.34868607044482E-15,-4.72040124655688E-15));
#8689=DIRECTION('',(-0.707106781186547,-0.707106781186548,-4.71027737605132E-15));
#8690=DIRECTION('',(1.48029736616687E-15,-1.,-1.97372982155583E-15));
#8691=DIRECTION('',(-1.,-1.41143027705853E-15,-4.41071961580792E-15));
#8692=DIRECTION('center_axis',(0.,1.,0.));
#8693=DIRECTION('ref_axis',(1.,0.,4.56335677841536E-15));
#8694=DIRECTION('',(1.,0.,4.58714840044023E-15));
#8695=DIRECTION('',(4.44089209850062E-15,0.,-1.));
#8696=DIRECTION('center_axis',(3.24152707919754E-16,1.,1.73497761670341E-30));
#8697=DIRECTION('ref_axis',(-1.,3.24152707919754E-16,-5.39030285815812E-15));
#8698=DIRECTION('',(-4.44089209850057E-15,0.,1.));
#8699=DIRECTION('',(1.,-3.37171517611206E-16,4.72040124655688E-15));
#8700=DIRECTION('center_axis',(0.707106781186548,0.707106781186548,3.78468051632491E-15));
#8701=DIRECTION('ref_axis',(-0.707106781186548,0.707106781186548,-3.81151970365283E-15));
#8702=DIRECTION('',(-5.5511151231257E-15,0.,1.));
#8703=DIRECTION('',(0.707106781186547,-0.707106781186548,3.14018491736755E-15));
#8704=DIRECTION('center_axis',(1.,0.,5.31439017271366E-15));
#8705=DIRECTION('ref_axis',(0.,1.,0.));
#8706=DIRECTION('',(0.,-1.,0.));
#8707=DIRECTION('center_axis',(0.,1.,0.));
#8708=DIRECTION('ref_axis',(-1.,0.,0.));
#8709=DIRECTION('',(0.,0.,-1.));
#8710=DIRECTION('center_axis',(0.,-1.,0.));
#8711=DIRECTION('ref_axis',(1.,0.,0.));
#8712=DIRECTION('center_axis',(0.,-1.,0.));
#8713=DIRECTION('ref_axis',(1.,0.,0.));
#8714=DIRECTION('',(0.,0.,-1.));
#8715=DIRECTION('center_axis',(0.,1.,0.));
#8716=DIRECTION('ref_axis',(-1.,0.,0.));
#8717=DIRECTION('center_axis',(-1.,0.,0.));
#8718=DIRECTION('ref_axis',(0.,-1.,0.));
#8719=DIRECTION('',(0.,0.,1.));
#8720=DIRECTION('',(0.,-1.,0.));
#8721=DIRECTION('center_axis',(0.,0.,1.));
#8722=DIRECTION('ref_axis',(-1.,0.,0.));
#8723=DIRECTION('',(0.,0.,1.));
#8724=DIRECTION('center_axis',(0.,0.,1.));
#8725=DIRECTION('ref_axis',(-1.,0.,0.));
#8726=DIRECTION('center_axis',(0.,-1.,0.));
#8727=DIRECTION('ref_axis',(1.,0.,0.));
#8728=DIRECTION('',(0.,0.,1.));
#8729=DIRECTION('',(1.,0.,0.));
#8730=DIRECTION('center_axis',(0.,0.,1.));
#8731=DIRECTION('ref_axis',(0.,-1.,0.));
#8732=DIRECTION('',(0.,0.,1.));
#8733=DIRECTION('center_axis',(0.,0.,1.));
#8734=DIRECTION('ref_axis',(0.,-1.,0.));
#8735=DIRECTION('center_axis',(1.,0.,0.));
#8736=DIRECTION('ref_axis',(0.,1.,0.));
#8737=DIRECTION('',(0.,0.,1.));
#8738=DIRECTION('',(0.,1.,0.));
#8739=DIRECTION('center_axis',(0.,-1.,0.));
#8740=DIRECTION('ref_axis',(1.,0.,0.));
#8741=DIRECTION('center_axis',(0.,1.,0.));
#8742=DIRECTION('ref_axis',(0.,0.,1.));
#8743=DIRECTION('center_axis',(6.39641519246417E-16,-1.,0.));
#8744=DIRECTION('ref_axis',(1.,6.39641519246417E-16,0.));
#8745=DIRECTION('',(0.,0.,1.));
#8746=DIRECTION('',(0.,0.,1.));
#8747=DIRECTION('',(1.,6.65453878341583E-16,0.));
#8748=DIRECTION('center_axis',(0.,0.,1.));
#8749=DIRECTION('ref_axis',(-0.956814957077708,-0.290697674418604,0.));
#8750=DIRECTION('center_axis',(0.,0.,1.));
#8751=DIRECTION('ref_axis',(-0.956814957077708,-0.290697674418604,0.));
#8752=DIRECTION('',(0.,0.,1.));
#8753=DIRECTION('center_axis',(1.40721134234212E-15,-1.,0.));
#8754=DIRECTION('ref_axis',(1.,1.40721134234212E-15,0.));
#8755=DIRECTION('',(0.,0.,-1.));
#8756=DIRECTION('',(1.,1.33090775668317E-15,0.));
#8757=DIRECTION('center_axis',(0.,1.,0.));
#8758=DIRECTION('ref_axis',(-1.,0.,0.));
#8759=DIRECTION('',(0.,0.,-1.));
#8760=DIRECTION('',(-1.,0.,0.));
#8761=DIRECTION('',(0.,0.,1.));
#8762=DIRECTION('center_axis',(1.,0.,0.));
#8763=DIRECTION('ref_axis',(0.,1.,0.));
#8764=DIRECTION('',(0.,0.,1.));
#8765=DIRECTION('',(0.,1.,0.));
#8766=DIRECTION('center_axis',(0.,0.,1.));
#8767=DIRECTION('ref_axis',(1.,0.,0.));
#8768=DIRECTION('',(0.,0.,1.));
#8769=DIRECTION('center_axis',(0.,0.,1.));
#8770=DIRECTION('ref_axis',(1.,0.,0.));
#8771=DIRECTION('center_axis',(0.,1.,0.));
#8772=DIRECTION('ref_axis',(-1.,0.,0.));
#8773=DIRECTION('',(0.,0.,1.));
#8774=DIRECTION('',(-1.,0.,0.));
#8775=DIRECTION('center_axis',(0.,0.,1.));
#8776=DIRECTION('ref_axis',(0.,1.,0.));
#8777=DIRECTION('',(0.,0.,1.));
#8778=DIRECTION('center_axis',(0.,0.,1.));
#8779=DIRECTION('ref_axis',(0.,1.,0.));
#8780=DIRECTION('center_axis',(-1.,0.,0.));
#8781=DIRECTION('ref_axis',(0.,-1.,0.));
#8782=DIRECTION('',(0.,0.,1.));
#8783=DIRECTION('',(0.,-1.,0.));
#8784=DIRECTION('center_axis',(0.,1.,0.));
#8785=DIRECTION('ref_axis',(-1.,0.,0.));
#8786=DIRECTION('center_axis',(0.,-1.,0.));
#8787=DIRECTION('ref_axis',(0.,0.,1.));
#8788=DIRECTION('center_axis',(-3.8378491154785E-16,1.,0.));
#8789=DIRECTION('ref_axis',(-1.,-3.8378491154785E-16,0.));
#8790=DIRECTION('',(0.,0.,1.));
#8791=DIRECTION('',(0.,0.,1.));
#8792=DIRECTION('',(-1.,-3.32726939170791E-16,0.));
#8793=DIRECTION('center_axis',(0.,0.,1.));
#8794=DIRECTION('ref_axis',(0.956814957077707,0.290697674418605,0.));
#8795=DIRECTION('center_axis',(0.,0.,1.));
#8796=DIRECTION('ref_axis',(0.956814957077707,0.290697674418605,0.));
#8797=DIRECTION('center_axis',(6.39641519246417E-16,-1.,0.));
#8798=DIRECTION('ref_axis',(1.,6.39641519246417E-16,0.));
#8799=DIRECTION('center_axis',(6.39641519246417E-16,-1.,0.));
#8800=DIRECTION('ref_axis',(0.999996890581104,6.3963953033299E-16,0.00249375783187379));
#8801=DIRECTION('center_axis',(0.,1.,0.));
#8802=DIRECTION('ref_axis',(-1.,0.,0.));
#8803=DIRECTION('center_axis',(0.,-1.,0.));
#8804=DIRECTION('ref_axis',(0.999996890581104,0.,0.00249375783187379));
#8805=DIRECTION('center_axis',(1.36761571055667E-15,-1.,-2.22044604925031E-15));
#8806=DIRECTION('ref_axis',(1.,1.36761571055666E-15,5.39030285815812E-15));
#8807=DIRECTION('',(4.44089209850064E-15,2.22044604925032E-15,-1.));
#8808=DIRECTION('',(-1.,-1.34868607044482E-15,-4.72040124655688E-15));
#8809=DIRECTION('',(-4.44089209850058E-15,-1.11022302462514E-15,1.));
#8810=DIRECTION('center_axis',(1.69176841847643E-15,-1.,-2.2204460492503E-15));
#8811=DIRECTION('ref_axis',(-1.,-1.69176841847642E-15,-4.56335677841536E-15));
#8812=DIRECTION('',(6.66133814775093E-15,2.22044604925031E-15,-1.));
#8813=DIRECTION('',(-4.44089209850063E-15,-2.22044604925031E-15,1.));
#8814=DIRECTION('',(-1.,-1.41143027705853E-15,-4.2342908311756E-15));
#8815=DIRECTION('center_axis',(1.,1.69176841847642E-15,5.31439017271367E-15));
#8816=DIRECTION('ref_axis',(-1.69176841847643E-15,1.,2.2204460492503E-15));
#8817=DIRECTION('',(-5.55111512312571E-15,-2.22044604925028E-15,1.));
#8818=DIRECTION('',(1.48029736616687E-15,-1.,-1.97372982155583E-15));
#8819=DIRECTION('center_axis',(0.707106781186549,-0.707106781186546,2.18774887031321E-15));
#8820=DIRECTION('ref_axis',(0.707106781186546,0.707106781186549,5.38161216233661E-15));
#8821=DIRECTION('',(-0.707106781186547,-0.707106781186548,-4.71027737605132E-15));
#8822=DIRECTION('center_axis',(0.,0.,1.));
#8823=DIRECTION('ref_axis',(1.,0.,0.));
#8824=DIRECTION('',(0.,1.,0.));
#8825=DIRECTION('',(0.,-1.,0.));
#8826=DIRECTION('center_axis',(0.,0.,1.));
#8827=DIRECTION('ref_axis',(1.,0.,0.));
#8828=DIRECTION('',(0.,-1.,0.));
#8829=DIRECTION('',(0.,1.,0.));
#8830=DIRECTION('center_axis',(4.56335677841536E-15,0.,-1.));
#8831=DIRECTION('ref_axis',(-1.,0.,-4.56335677841536E-15));
#8832=DIRECTION('',(0.,-1.,0.));
#8833=DIRECTION('center_axis',(4.56335677841536E-15,2.22044604925031E-15,
-1.));
#8834=DIRECTION('ref_axis',(-1.,-1.69176841847642E-15,-4.56335677841536E-15));
#8835=DIRECTION('',(0.,-1.,-2.11471052309554E-15));
#8836=DIRECTION('center_axis',(0.,0.,1.));
#8837=DIRECTION('ref_axis',(1.,0.,0.));
#8838=DIRECTION('',(0.,1.,0.));
#8839=DIRECTION('',(1.,1.66118674833787E-15,0.));
#8840=DIRECTION('',(0.,-1.,0.));
#8841=DIRECTION('',(-1.,-5.53728916112624E-16,0.));
#8842=DIRECTION('center_axis',(1.40721134234212E-15,-1.,0.));
#8843=DIRECTION('ref_axis',(1.,1.40721134234212E-15,0.));
#8844=DIRECTION('center_axis',(-1.40721134234212E-15,1.,0.));
#8845=DIRECTION('ref_axis',(-0.999996890581104,-1.40720696673258E-15,0.00249375783187379));
#8846=DIRECTION('center_axis',(-3.8378491154785E-16,1.,0.));
#8847=DIRECTION('ref_axis',(-1.,-3.8378491154785E-16,0.));
#8848=DIRECTION('center_axis',(-3.8378491154785E-16,1.,0.));
#8849=DIRECTION('ref_axis',(-0.999996890581104,-3.83783718199794E-16,0.00249375783187379));
#8850=DIRECTION('center_axis',(6.78168202612809E-16,-1.,-2.31199103805737E-16));
#8851=DIRECTION('ref_axis',(0.946507887038036,7.16495036016066E-16,-0.322680677721477));
#8852=DIRECTION('center_axis',(-6.78168202612809E-16,1.,2.31199103805737E-16));
#8853=DIRECTION('ref_axis',(-4.42981755461408E-15,2.31199103805734E-16,
-1.));
#8854=DIRECTION('',(-4.44089209850061E-15,0.,-1.));
#8855=DIRECTION('center_axis',(-6.78168202612809E-16,1.,2.31199103805737E-16));
#8856=DIRECTION('ref_axis',(-1.77635683939808E-12,2.31199103804532E-16,
-1.));
#8857=DIRECTION('',(-0.322680677721476,0.,-0.946507887038037));
#8858=DIRECTION('center_axis',(4.45227754970926E-16,1.,2.19414933988017E-15));
#8859=DIRECTION('ref_axis',(0.946507887038041,2.86598014406414E-16,-0.322680677721464));
#8860=DIRECTION('center_axis',(4.45227754970926E-16,1.,2.19414933988017E-15));
#8861=DIRECTION('ref_axis',(9.76896184665789E-31,2.19414933988017E-15,-1.));
#8862=DIRECTION('',(-4.44089209850064E-15,2.22044604925032E-15,-1.));
#8863=DIRECTION('center_axis',(4.45227754970926E-16,1.,2.19414933988017E-15));
#8864=DIRECTION('ref_axis',(-6.64472633192112E-15,2.19414933988017E-15,
-1.));
#8865=DIRECTION('',(-0.322680677721466,2.22044604925032E-15,-0.94650788703804));
#8866=DIRECTION('center_axis',(-4.56335677841536E-15,2.22044604925031E-15,
-1.));
#8867=DIRECTION('ref_axis',(-1.,1.69176841847642E-15,4.56335677841536E-15));
#8868=DIRECTION('',(8.45884209238214E-16,1.,2.11471052309554E-15));
#8869=DIRECTION('',(-1.,1.76428784632317E-15,4.58714840044024E-15));
#8870=DIRECTION('',(1.48029736616687E-15,1.,1.97372982155583E-15));
#8871=DIRECTION('',(-0.707106781186547,0.707106781186548,4.71027737605132E-15));
#8872=DIRECTION('',(-1.,1.34868607044482E-15,4.72040124655688E-15));
#8873=DIRECTION('center_axis',(0.,-1.,0.));
#8874=DIRECTION('ref_axis',(0.94650788703804,0.,-0.322680677721466));
#8875=DIRECTION('center_axis',(0.,-1.,0.));
#8876=DIRECTION('ref_axis',(-0.322680677721466,0.,-0.94650788703804));
#8877=DIRECTION('',(-2.22044604925031E-15,0.,-1.));
#8878=DIRECTION('center_axis',(0.,-1.,0.));
#8879=DIRECTION('ref_axis',(-0.322680677721837,0.,-0.946507887037914));
#8880=DIRECTION('',(-0.322680677721465,0.,-0.946507887038041));
#8881=DIRECTION('center_axis',(0.,1.,0.));
#8882=DIRECTION('ref_axis',(0.946507887038046,0.,-0.322680677721449));
#8883=DIRECTION('center_axis',(0.,-1.,0.));
#8884=DIRECTION('ref_axis',(-0.322680677721041,0.,-0.946507887038185));
#8885=DIRECTION('',(-2.22044604925031E-15,0.,-1.));
#8886=DIRECTION('center_axis',(0.,-1.,0.));
#8887=DIRECTION('ref_axis',(-0.322680677721528,0.,-0.946507887038019));
#8888=DIRECTION('',(-0.322680677721529,0.,-0.946507887038019));
#8889=DIRECTION('center_axis',(-4.56335677841536E-15,0.,-1.));
#8890=DIRECTION('ref_axis',(-1.,0.,4.56335677841536E-15));
#8891=DIRECTION('',(0.,1.,0.));
#8892=DIRECTION('',(1.,3.37171517611206E-16,-4.72040124655688E-15));
#8893=DIRECTION('',(0.707106781186548,0.707106781186547,-3.14018491736755E-15));
#8894=DIRECTION('',(0.,1.,0.));
#8895=DIRECTION('',(1.,0.,-4.41071961580791E-15));
#8896=DIRECTION('center_axis',(-1.69176841847643E-15,-1.,-2.2204460492503E-15));
#8897=DIRECTION('ref_axis',(-1.,1.69176841847642E-15,4.56335677841536E-15));
#8898=DIRECTION('',(-1.,1.76428784632317E-15,4.58714840044024E-15));
#8899=DIRECTION('',(-5.55111512312578E-15,2.22044604925031E-15,-1.));
#8900=DIRECTION('center_axis',(-1.36761571055667E-15,-1.,-2.22044604925031E-15));
#8901=DIRECTION('ref_axis',(-1.,1.36761571055666E-15,5.39030285815812E-15));
#8902=DIRECTION('',(-6.66133814775087E-15,2.22044604925029E-15,-1.));
#8903=DIRECTION('',(-1.,1.34868607044482E-15,4.72040124655688E-15));
#8904=DIRECTION('center_axis',(-0.707106781186549,-0.707106781186546,2.29510561962492E-15));
#8905=DIRECTION('ref_axis',(-0.707106781186546,0.707106781186549,5.38161216233661E-15));
#8906=DIRECTION('',(-5.5511151231257E-15,2.22044604925028E-15,-1.));
#8907=DIRECTION('',(-0.707106781186547,0.707106781186548,4.71027737605132E-15));
#8908=DIRECTION('center_axis',(-1.,1.69176841847642E-15,5.46621554360258E-15));
#8909=DIRECTION('ref_axis',(1.69176841847643E-15,1.,2.2204460492503E-15));
#8910=DIRECTION('',(1.48029736616687E-15,1.,1.97372982155583E-15));
#8911=DIRECTION('center_axis',(-3.24152707919754E-16,1.,1.75958491925569E-30));
#8912=DIRECTION('ref_axis',(1.,3.24152707919754E-16,-5.39030285815812E-15));
#8913=DIRECTION('',(1.,3.37171517611206E-16,-4.72040124655688E-15));
#8914=DIRECTION('',(-4.44089209850058E-15,0.,-1.));
#8915=DIRECTION('center_axis',(0.,1.,0.));
#8916=DIRECTION('ref_axis',(1.,0.,-4.56335677841536E-15));
#8917=DIRECTION('',(4.44089209850062E-15,0.,1.));
#8918=DIRECTION('',(1.,0.,-4.58714840044023E-15));
#8919=DIRECTION('center_axis',(-1.,0.,5.46621554360257E-15));
#8920=DIRECTION('ref_axis',(0.,1.,0.));
#8921=DIRECTION('',(-5.5511151231257E-15,1.11022302462514E-15,-1.));
#8922=DIRECTION('',(0.,1.,0.));
#8923=DIRECTION('center_axis',(-0.707106781186548,0.707106781186548,3.83835889098076E-15));
#8924=DIRECTION('ref_axis',(0.707106781186548,0.707106781186548,-3.81151970365283E-15));
#8925=DIRECTION('',(0.707106781186547,0.707106781186548,-3.14018491736755E-15));
#8926=DIRECTION('center_axis',(-4.56335677841536E-15,2.22044604925031E-15,
-1.));
#8927=DIRECTION('ref_axis',(-1.,1.69176841847642E-15,4.56335677841536E-15));
#8928=DIRECTION('',(0.,1.,2.11471052309554E-15));
#8929=DIRECTION('center_axis',(-4.56335677841536E-15,0.,-1.));
#8930=DIRECTION('ref_axis',(-1.,0.,4.56335677841536E-15));
#8931=DIRECTION('',(0.,1.,0.));
#8932=DIRECTION('center_axis',(2.47137599693608E-12,-1.,8.42534217112027E-13));
#8933=DIRECTION('ref_axis',(-0.946507887038041,-2.61104638511773E-12,-0.322680677721464));
#8934=DIRECTION('center_axis',(-2.47137599693608E-12,1.,-8.42534217112027E-13));
#8935=DIRECTION('ref_axis',(0.322680677227227,-1.36346920806791E-21,-0.946507887206535));
#8936=DIRECTION('center_axis',(-2.47137599693608E-12,1.,-8.42534217112027E-13));
#8937=DIRECTION('ref_axis',(0.322680677709775,-3.23072998132344E-23,-0.946507887042026));
#8938=DIRECTION('',(-0.322680677721486,0.,0.946507887038033));
#8939=DIRECTION('center_axis',(-3.83268334032595E-17,1.,2.33286880216361E-15));
#8940=DIRECTION('ref_axis',(-0.946507887038036,7.16495036016066E-16,-0.322680677721477));
#8941=DIRECTION('center_axis',(-3.83268334032595E-17,1.,2.33286880216361E-15));
#8942=DIRECTION('ref_axis',(0.322680677721477,2.22044604925032E-15,-0.946507887038036));
#8943=DIRECTION('center_axis',(-3.83268334032595E-17,1.,2.33286880216361E-15));
#8944=DIRECTION('ref_axis',(0.322680677721818,2.22044604925006E-15,-0.94650788703792));
#8945=DIRECTION('',(-0.322680677721477,-2.22044604925032E-15,0.946507887038036));
#8946=DIRECTION('center_axis',(-1.,0.,-8.26946079742758E-16));
#8947=DIRECTION('ref_axis',(-8.26946079742758E-16,0.,1.));
#8948=DIRECTION('',(0.,-1.,0.));
#8949=DIRECTION('',(9.98638551410405E-16,1.24829818926301E-16,-1.));
#8950=DIRECTION('',(0.,1.,0.));
#8951=DIRECTION('',(-2.96059473233374E-15,0.,1.));
#8952=DIRECTION('center_axis',(-1.,0.,-8.26946079742758E-16));
#8953=DIRECTION('ref_axis',(1.83618915570784E-30,-1.,-2.22044604925031E-15));
#8954=DIRECTION('',(0.,1.,2.089831575765E-15));
#8955=DIRECTION('center_axis',(-1.,0.,-8.26946079742758E-16));
#8956=DIRECTION('ref_axis',(-8.26946079742758E-16,0.,1.));
#8957=DIRECTION('',(-7.61513363561125E-16,0.,1.));
#8958=DIRECTION('',(0.,1.,0.));
#8959=DIRECTION('',(7.61513363561125E-16,0.,-1.));
#8960=DIRECTION('center_axis',(-1.,0.,-8.26946079742758E-16));
#8961=DIRECTION('ref_axis',(7.34475662283132E-30,-1.,-8.8817841970012E-15));
#8962=DIRECTION('',(0.,1.,0.));
#8963=DIRECTION('center_axis',(-1.,0.,-8.26946079742758E-16));
#8964=DIRECTION('ref_axis',(-8.26946079742758E-16,0.,1.));
#8965=DIRECTION('',(2.96059473233374E-15,0.,-1.));
#8966=DIRECTION('',(0.,1.,0.));
#8967=DIRECTION('',(-9.98638551410405E-16,0.,1.));
#8968=DIRECTION('',(0.,-1.,0.));
#8969=DIRECTION('center_axis',(-1.,0.,-8.26946079742758E-16));
#8970=DIRECTION('ref_axis',(-8.26946079742758E-16,-3.0680005781484E-16,
1.));
#8971=DIRECTION('',(0.,1.,0.));
#8972=DIRECTION('center_axis',(-1.,0.,-8.26946079742758E-16));
#8973=DIRECTION('ref_axis',(8.26946079742758E-16,3.0680005781484E-16,-1.));
#8974=DIRECTION('center_axis',(-1.,0.,-8.26946079742758E-16));
#8975=DIRECTION('ref_axis',(-8.26946079742758E-16,0.,1.));
#8976=DIRECTION('',(0.,1.,0.));
#8977=DIRECTION('',(-9.98638551410406E-16,0.,1.));
#8978=DIRECTION('',(0.,1.,0.));
#8979=DIRECTION('',(2.96059473233374E-15,0.,-1.));
#8980=DIRECTION('center_axis',(-1.,0.,-8.26946079742758E-16));
#8981=DIRECTION('ref_axis',(-8.26946079742758E-16,0.,1.));
#8982=DIRECTION('',(0.,1.,0.));
#8983=DIRECTION('center_axis',(-1.,0.,-8.26946079742758E-16));
#8984=DIRECTION('ref_axis',(0.,-1.,0.));
#8985=DIRECTION('',(7.61513363561127E-16,0.,-1.));
#8986=DIRECTION('',(0.,1.,0.));
#8987=DIRECTION('',(-7.61513363561125E-16,0.,1.));
#8988=DIRECTION('center_axis',(-1.,0.,-8.26946079742758E-16));
#8989=DIRECTION('ref_axis',(-8.26946079742758E-16,0.,1.));
#8990=DIRECTION('',(0.,1.,1.0449157878825E-15));
#8991=DIRECTION('center_axis',(-1.,0.,-8.26946079742758E-16));
#8992=DIRECTION('ref_axis',(-5.50856746712351E-30,-1.,6.66133814775092E-15));
#8993=DIRECTION('',(-2.96059473233374E-15,0.,1.));
#8994=DIRECTION('',(0.,1.,0.));
#8995=DIRECTION('',(9.98638551410405E-16,1.24829818926301E-16,-1.));
#8996=DIRECTION('center_axis',(-1.,0.,-8.26946079742758E-16));
#8997=DIRECTION('ref_axis',(8.26946079742758E-16,0.,-1.));
#8998=DIRECTION('',(0.,1.,8.32667268468867E-17));
#8999=DIRECTION('center_axis',(-1.,0.,-8.26946079742758E-16));
#9000=DIRECTION('ref_axis',(-8.26946079742758E-16,-4.52320562761052E-16,
1.));
#9001=DIRECTION('',(0.,-1.,4.44089209850063E-17));
#9002=DIRECTION('center_axis',(7.02333427013009E-33,1.,1.2335811384724E-16));
#9003=DIRECTION('ref_axis',(0.,1.2335811384724E-16,-1.));
#9004=DIRECTION('',(1.,0.,0.));
#9005=DIRECTION('',(-1.,0.,0.));
#9006=DIRECTION('center_axis',(0.,-1.,0.));
#9007=DIRECTION('ref_axis',(0.,0.,1.));
#9008=DIRECTION('',(-1.,0.,0.));
#9009=DIRECTION('',(-1.,0.,0.));
#9010=DIRECTION('center_axis',(5.69345140833414E-17,0.,1.));
#9011=DIRECTION('ref_axis',(0.,1.,0.));
#9012=DIRECTION('',(-1.,0.,0.));
#9013=DIRECTION('center_axis',(0.,-1.,0.));
#9014=DIRECTION('ref_axis',(0.,0.,1.));
#9015=DIRECTION('',(-1.,0.,0.));
#9016=DIRECTION('center_axis',(-1.,0.,6.12323399573677E-17));
#9017=DIRECTION('ref_axis',(-6.12323399573677E-17,6.12323399573677E-17,
-1.));
#9018=DIRECTION('',(-1.,0.,1.11022302462516E-15));
#9019=DIRECTION('center_axis',(0.,1.,2.22044604925031E-15));
#9020=DIRECTION('ref_axis',(-1.,1.83618915570784E-30,-8.26946079742758E-16));
#9021=DIRECTION('center_axis',(-1.,0.,6.12323399573677E-17));
#9022=DIRECTION('ref_axis',(6.12323399573677E-17,-6.12323399573677E-17,
1.));
#9023=DIRECTION('',(-1.,0.,-6.66133814775093E-15));
#9024=DIRECTION('',(-1.,0.,1.11022302462515E-15));
#9025=DIRECTION('center_axis',(0.,-1.,0.));
#9026=DIRECTION('ref_axis',(-8.26946079742757E-16,0.,1.));
#9027=DIRECTION('',(-1.,0.,-5.55111512312578E-16));
#9028=DIRECTION('center_axis',(0.,1.,0.));
#9029=DIRECTION('ref_axis',(0.,0.,1.));
#9030=DIRECTION('center_axis',(0.,1.,0.));
#9031=DIRECTION('ref_axis',(-1.,0.,0.));
#9032=DIRECTION('center_axis',(0.,1.,0.));
#9033=DIRECTION('ref_axis',(8.26946079742757E-16,0.,-1.));
#9034=DIRECTION('',(-1.,0.,0.));
#9035=DIRECTION('center_axis',(-1.,0.,6.12323399573677E-17));
#9036=DIRECTION('ref_axis',(-6.12323399573677E-17,6.12323399573677E-17,
-1.));
#9037=DIRECTION('',(-1.,0.,-1.11022302462516E-15));
#9038=DIRECTION('center_axis',(0.,1.,0.));
#9039=DIRECTION('ref_axis',(-1.,0.,-8.26946079742758E-16));
#9040=DIRECTION('center_axis',(-1.,0.,6.12323399573677E-17));
#9041=DIRECTION('ref_axis',(6.12323399573677E-17,-6.12323399573677E-17,
1.));
#9042=DIRECTION('',(-1.,1.11022302462516E-15,-1.11022302462516E-15));
#9043=DIRECTION('',(-1.,0.,0.));
#9044=DIRECTION('center_axis',(0.,1.,0.));
#9045=DIRECTION('ref_axis',(0.,0.,-1.));
#9046=DIRECTION('',(-1.,0.,0.));
#9047=DIRECTION('center_axis',(5.69345140833414E-17,0.,1.));
#9048=DIRECTION('ref_axis',(0.,1.,0.));
#9049=DIRECTION('center_axis',(0.,-1.,0.));
#9050=DIRECTION('ref_axis',(-1.,0.,-8.26946079742758E-16));
#9051=DIRECTION('center_axis',(0.,-1.,0.));
#9052=DIRECTION('ref_axis',(0.,0.,1.));
#9053=DIRECTION('center_axis',(0.,1.,0.));
#9054=DIRECTION('ref_axis',(-1.,0.,0.));
#9055=DIRECTION('center_axis',(0.,-1.,-8.88178419700125E-16));
#9056=DIRECTION('ref_axis',(-1.,7.34475662283136E-31,-8.26946079742758E-16));
#9057=DIRECTION('center_axis',(0.,-1.,0.));
#9058=DIRECTION('ref_axis',(-1.,0.,0.));
#9059=DIRECTION('center_axis',(0.,1.,0.));
#9060=DIRECTION('ref_axis',(1.,0.,6.88168201664613E-16));
#9061=DIRECTION('center_axis',(0.,1.,0.));
#9062=DIRECTION('ref_axis',(1.,0.,4.44089209850064E-15));
#9063=DIRECTION('',(0.,-1.,0.));
#9064=DIRECTION('center_axis',(0.,1.,0.));
#9065=DIRECTION('ref_axis',(1.,0.,4.44089209850064E-15));
#9066=DIRECTION('center_axis',(-0.913811548620257,0.,0.406138466053448));
#9067=DIRECTION('ref_axis',(-0.406138466053448,0.,-0.913811548620257));
#9068=DIRECTION('',(-0.406138466053448,0.,-0.913811548620257));
#9069=DIRECTION('',(0.,-1.,0.));
#9070=DIRECTION('',(-0.406138466053448,0.,-0.913811548620257));
#9071=DIRECTION('center_axis',(0.,-1.,0.));
#9072=DIRECTION('ref_axis',(-0.913811548620257,0.,0.406138466053449));
#9073=DIRECTION('center_axis',(0.,-1.,0.));
#9074=DIRECTION('ref_axis',(-0.913811548620256,0.,0.40613846605345));
#9075=DIRECTION('',(0.,-1.,0.));
#9076=DIRECTION('center_axis',(0.,-1.,0.));
#9077=DIRECTION('ref_axis',(-0.913811548620256,0.,0.40613846605345));
#9078=DIRECTION('center_axis',(-0.904818702200994,0.,-0.425797036329879));
#9079=DIRECTION('ref_axis',(0.425797036329879,0.,-0.904818702200994));
#9080=DIRECTION('',(0.42579703632988,0.,-0.904818702200994));
#9081=DIRECTION('',(0.42579703632988,0.,-0.904818702200994));
#9082=DIRECTION('center_axis',(-0.904818702200994,0.,-0.425797036329879));
#9083=DIRECTION('ref_axis',(6.76323963782983E-16,1.,-1.43718842303884E-15));
#9084=DIRECTION('center_axis',(0.904818702200994,0.,0.425797036329879));
#9085=DIRECTION('ref_axis',(-0.425797036329879,0.,0.904818702200994));
#9086=DIRECTION('center_axis',(0.904818702200994,0.,0.425797036329879));
#9087=DIRECTION('ref_axis',(9.50074139599905E-16,-1.,-2.0189075466498E-15));
#9088=DIRECTION('',(-0.425797036329878,0.,0.904818702200995));
#9089=DIRECTION('',(0.,-1.,0.));
#9090=DIRECTION('',(-0.425797036329878,0.,0.904818702200995));
#9091=DIRECTION('center_axis',(0.,1.,0.));
#9092=DIRECTION('ref_axis',(-0.904818702200994,0.,-0.425797036329879));
#9093=DIRECTION('center_axis',(0.,1.,0.));
#9094=DIRECTION('ref_axis',(-0.904818702200993,0.,-0.425797036329883));
#9095=DIRECTION('',(0.,-1.,0.));
#9096=DIRECTION('center_axis',(0.,1.,0.));
#9097=DIRECTION('ref_axis',(-0.904818702200993,0.,-0.425797036329883));
#9098=DIRECTION('center_axis',(0.913811548620257,0.,-0.406138466053447));
#9099=DIRECTION('ref_axis',(0.406138466053447,0.,0.913811548620257));
#9100=DIRECTION('',(0.406138466053447,0.,0.913811548620257));
#9101=DIRECTION('',(0.,-1.,0.));
#9102=DIRECTION('',(0.406138466053447,0.,0.913811548620257));
#9103=DIRECTION('center_axis',(0.,-1.,0.));
#9104=DIRECTION('ref_axis',(0.913811548620257,0.,-0.406138466053448));
#9105=DIRECTION('center_axis',(0.,-1.,0.));
#9106=DIRECTION('ref_axis',(0.913811548620257,0.,-0.406138466053448));
#9107=DIRECTION('center_axis',(0.,-1.,0.));
#9108=DIRECTION('ref_axis',(0.913811548620257,0.,-0.406138466053448));
#9109=DIRECTION('center_axis',(0.,-1.,0.));
#9110=DIRECTION('ref_axis',(-1.,0.,-8.26946079742758E-16));
#9111=DIRECTION('',(0.904818702200995,0.,0.425797036329879));
#9112=DIRECTION('',(-0.904818702200994,0.,-0.425797036329879));
#9113=DIRECTION('center_axis',(0.,-1.,0.));
#9114=DIRECTION('ref_axis',(-1.,0.,-8.26946079742758E-16));
#9115=DIRECTION('',(-0.904818702200994,0.,-0.42579703632988));
#9116=DIRECTION('',(0.913811548620257,0.,-0.406138466053449));
#9117=DIRECTION('center_axis',(0.,-1.,0.));
#9118=DIRECTION('ref_axis',(-1.,0.,-8.26946079742758E-16));
#9119=DIRECTION('',(0.904818702200995,0.,0.425797036329879));
#9120=DIRECTION('center_axis',(0.,-1.,0.));
#9121=DIRECTION('ref_axis',(-1.,0.,-8.26946079742758E-16));
#9122=DIRECTION('',(-0.913811548620257,0.,0.406138466053448));
#9123=DIRECTION('center_axis',(0.,-1.,0.));
#9124=DIRECTION('ref_axis',(-1.,0.,-8.26946079742758E-16));
#9125=DIRECTION('center_axis',(0.,-1.,0.));
#9126=DIRECTION('ref_axis',(-1.,0.,-8.26946079742758E-16));
#9127=DIRECTION('',(0.913811548620257,0.,-0.406138466053449));
#9128=DIRECTION('center_axis',(0.,-1.,0.));
#9129=DIRECTION('ref_axis',(-1.,0.,-8.26946079742758E-16));
#9130=DIRECTION('',(-0.913811548620257,0.,0.406138466053449));
#9131=DIRECTION('center_axis',(0.,-1.,0.));
#9132=DIRECTION('ref_axis',(-1.,0.,-8.26946079742758E-16));
#9133=DIRECTION('center_axis',(1.,0.,-8.26946079742758E-16));
#9134=DIRECTION('ref_axis',(-8.26946079742758E-16,0.,-1.));
#9135=DIRECTION('',(0.,1.,0.));
#9136=DIRECTION('',(-9.98638551410404E-16,0.,-1.));
#9137=DIRECTION('',(0.,-1.,0.));
#9138=DIRECTION('',(2.96059473233374E-15,0.,1.));
#9139=DIRECTION('center_axis',(-1.,0.,8.26946079742758E-16));
#9140=DIRECTION('ref_axis',(8.26946079742758E-16,0.,1.));
#9141=DIRECTION('',(0.,-1.,0.));
#9142=DIRECTION('center_axis',(-1.,0.,8.26946079742758E-16));
#9143=DIRECTION('ref_axis',(0.,-1.,0.));
#9144=DIRECTION('',(7.61513363561124E-16,0.,1.));
#9145=DIRECTION('',(0.,-1.,0.));
#9146=DIRECTION('',(-7.61513363561125E-16,0.,-1.));
#9147=DIRECTION('center_axis',(-1.,0.,8.26946079742758E-16));
#9148=DIRECTION('ref_axis',(8.26946079742758E-16,0.,1.));
#9149=DIRECTION('',(0.,-1.,-2.089831575765E-15));
#9150=DIRECTION('center_axis',(-1.,0.,8.26946079742758E-16));
#9151=DIRECTION('ref_axis',(7.34475662283135E-30,-1.,8.88178419700123E-15));
#9152=DIRECTION('',(-2.96059473233374E-15,0.,-1.));
#9153=DIRECTION('',(0.,-1.,0.));
#9154=DIRECTION('',(9.98638551410404E-16,-1.248298189263E-16,1.));
#9155=DIRECTION('',(0.,1.,0.));
#9156=DIRECTION('center_axis',(1.,0.,-8.26946079742758E-16));
#9157=DIRECTION('ref_axis',(8.26946079742758E-16,3.0680005781484E-16,1.));
#9158=DIRECTION('',(0.,-1.,0.));
#9159=DIRECTION('center_axis',(1.,0.,-8.26946079742758E-16));
#9160=DIRECTION('ref_axis',(-8.26946079742758E-16,-3.0680005781484E-16,
-1.));
#9161=DIRECTION('center_axis',(1.,0.,-8.26946079742758E-16));
#9162=DIRECTION('ref_axis',(-8.26946079742758E-16,0.,-1.));
#9163=DIRECTION('',(0.,-1.,0.));
#9164=DIRECTION('',(9.98638551410404E-16,-1.248298189263E-16,1.));
#9165=DIRECTION('',(0.,-1.,0.));
#9166=DIRECTION('',(-2.96059473233374E-15,0.,-1.));
#9167=DIRECTION('center_axis',(-1.,0.,8.26946079742758E-16));
#9168=DIRECTION('ref_axis',(0.,-1.,0.));
#9169=DIRECTION('',(0.,-1.,-1.0449157878825E-15));
#9170=DIRECTION('center_axis',(-1.,0.,8.26946079742758E-16));
#9171=DIRECTION('ref_axis',(8.26946079742758E-16,0.,1.));
#9172=DIRECTION('',(-7.61513363561125E-16,0.,-1.));
#9173=DIRECTION('',(0.,-1.,0.));
#9174=DIRECTION('',(7.61513363561126E-16,0.,1.));
#9175=DIRECTION('center_axis',(-1.,0.,8.26946079742758E-16));
#9176=DIRECTION('ref_axis',(0.,-1.,0.));
#9177=DIRECTION('',(0.,-1.,-1.0449157878825E-15));
#9178=DIRECTION('center_axis',(-1.,0.,8.26946079742758E-16));
#9179=DIRECTION('ref_axis',(8.26946079742758E-16,0.,1.));
#9180=DIRECTION('',(2.96059473233374E-15,0.,1.));
#9181=DIRECTION('',(0.,-1.,0.));
#9182=DIRECTION('',(-9.98638551410404E-16,0.,-1.));
#9183=DIRECTION('center_axis',(1.,0.,-8.26946079742758E-16));
#9184=DIRECTION('ref_axis',(-8.26946079742758E-16,0.,-1.));
#9185=DIRECTION('',(0.,-1.,-3.88578058618805E-17));
#9186=DIRECTION('center_axis',(1.,0.,-8.26946079742758E-16));
#9187=DIRECTION('ref_axis',(8.26946079742758E-16,4.52320562761052E-16,1.));
#9188=DIRECTION('',(0.,1.,1.33226762955019E-16));
#9189=DIRECTION('center_axis',(0.,-1.,0.));
#9190=DIRECTION('ref_axis',(0.,0.,1.));
#9191=DIRECTION('',(-1.,0.,0.));
#9192=DIRECTION('',(-1.,0.,0.));
#9193=DIRECTION('center_axis',(7.02333427013009E-33,1.,1.2335811384724E-16));
#9194=DIRECTION('ref_axis',(0.,1.2335811384724E-16,-1.));
#9195=DIRECTION('',(1.,0.,0.));
#9196=DIRECTION('',(-1.,0.,0.));
#9197=DIRECTION('center_axis',(5.69345140833414E-17,0.,1.));
#9198=DIRECTION('ref_axis',(0.,1.,0.));
#9199=DIRECTION('',(-1.,0.,0.));
#9200=DIRECTION('center_axis',(0.,1.,0.));
#9201=DIRECTION('ref_axis',(0.,0.,-1.));
#9202=DIRECTION('',(-1.,0.,0.));
#9203=DIRECTION('center_axis',(-1.,0.,6.12323399573677E-17));
#9204=DIRECTION('ref_axis',(6.12323399573677E-17,-6.12323399573677E-17,
1.));
#9205=DIRECTION('',(1.,-1.11022302462516E-15,1.11022302462516E-15));
#9206=DIRECTION('center_axis',(0.,-1.,0.));
#9207=DIRECTION('ref_axis',(1.,0.,-8.26946079742758E-16));
#9208=DIRECTION('center_axis',(-1.,0.,6.12323399573677E-17));
#9209=DIRECTION('ref_axis',(-6.12323399573677E-17,6.12323399573677E-17,
-1.));
#9210=DIRECTION('',(1.,0.,-2.22044604925031E-15));
#9211=DIRECTION('',(-1.,0.,3.3306690738755E-15));
#9212=DIRECTION('center_axis',(0.,1.,0.));
#9213=DIRECTION('ref_axis',(8.26946079742757E-16,0.,1.));
#9214=DIRECTION('',(1.,0.,-5.55111512312578E-16));
#9215=DIRECTION('center_axis',(0.,-1.,0.));
#9216=DIRECTION('ref_axis',(0.,0.,1.));
#9217=DIRECTION('center_axis',(0.,-1.,0.));
#9218=DIRECTION('ref_axis',(1.,0.,0.));
#9219=DIRECTION('center_axis',(0.,-1.,0.));
#9220=DIRECTION('ref_axis',(-8.26946079742757E-16,0.,-1.));
#9221=DIRECTION('',(-1.,0.,0.));
#9222=DIRECTION('center_axis',(-1.,0.,6.12323399573677E-17));
#9223=DIRECTION('ref_axis',(6.12323399573677E-17,-6.12323399573677E-17,
1.));
#9224=DIRECTION('',(1.,0.,-2.22044604925031E-15));
#9225=DIRECTION('center_axis',(0.,-1.,-2.22044604925031E-15));
#9226=DIRECTION('ref_axis',(1.,1.83618915570784E-30,-8.26946079742758E-16));
#9227=DIRECTION('center_axis',(-1.,0.,6.12323399573677E-17));
#9228=DIRECTION('ref_axis',(-6.12323399573677E-17,6.12323399573677E-17,
-1.));
#9229=DIRECTION('',(1.,0.,5.55111512312578E-15));
#9230=DIRECTION('',(-1.,0.,0.));
#9231=DIRECTION('center_axis',(0.,-1.,0.));
#9232=DIRECTION('ref_axis',(0.,0.,1.));
#9233=DIRECTION('',(-1.,0.,0.));
#9234=DIRECTION('center_axis',(5.69345140833414E-17,0.,1.));
#9235=DIRECTION('ref_axis',(0.,1.,0.));
#9236=DIRECTION('center_axis',(0.,1.,8.88178419700125E-16));
#9237=DIRECTION('ref_axis',(1.,7.34475662283136E-31,-8.26946079742758E-16));
#9238=DIRECTION('center_axis',(0.,1.,0.));
#9239=DIRECTION('ref_axis',(0.,0.,1.));
#9240=DIRECTION('center_axis',(0.,-1.,0.));
#9241=DIRECTION('ref_axis',(1.,0.,0.));
#9242=DIRECTION('center_axis',(0.,1.,8.88178419700125E-16));
#9243=DIRECTION('ref_axis',(1.,7.34475662283136E-31,-8.26946079742758E-16));
#9244=DIRECTION('center_axis',(0.,1.,0.));
#9245=DIRECTION('ref_axis',(1.,0.,0.));
#9246=DIRECTION('center_axis',(0.,-1.,0.));
#9247=DIRECTION('ref_axis',(-1.,0.,6.88168201664613E-16));
#9248=DIRECTION('center_axis',(0.,-1.,0.));
#9249=DIRECTION('ref_axis',(-1.,0.,4.44089209850064E-15));
#9250=DIRECTION('',(0.,1.,0.));
#9251=DIRECTION('center_axis',(0.,-1.,0.));
#9252=DIRECTION('ref_axis',(-1.,0.,4.44089209850064E-15));
#9253=DIRECTION('center_axis',(0.913811548620257,0.,0.406138466053448));
#9254=DIRECTION('ref_axis',(0.406138466053448,0.,-0.913811548620257));
#9255=DIRECTION('',(0.406138466053448,0.,-0.913811548620257));
#9256=DIRECTION('',(0.,1.,0.));
#9257=DIRECTION('',(0.406138466053448,0.,-0.913811548620257));
#9258=DIRECTION('center_axis',(0.,1.,0.));
#9259=DIRECTION('ref_axis',(0.913811548620257,0.,0.406138466053449));
#9260=DIRECTION('center_axis',(0.,1.,0.));
#9261=DIRECTION('ref_axis',(0.913811548620256,0.,0.40613846605345));
#9262=DIRECTION('',(0.,1.,0.));
#9263=DIRECTION('center_axis',(0.,1.,0.));
#9264=DIRECTION('ref_axis',(0.913811548620256,0.,0.40613846605345));
#9265=DIRECTION('center_axis',(0.904818702200994,0.,-0.425797036329879));
#9266=DIRECTION('ref_axis',(-0.425797036329879,0.,-0.904818702200994));
#9267=DIRECTION('',(-0.425797036329878,0.,-0.904818702200995));
#9268=DIRECTION('',(-0.425797036329878,0.,-0.904818702200995));
#9269=DIRECTION('center_axis',(0.904818702200994,0.,-0.425797036329879));
#9270=DIRECTION('ref_axis',(-1.35264792756597E-15,-1.,-2.87437684607769E-15));
#9271=DIRECTION('center_axis',(-0.904818702200994,0.,0.425797036329879));
#9272=DIRECTION('ref_axis',(0.425797036329879,0.,0.904818702200994));
#9273=DIRECTION('center_axis',(-0.904818702200995,0.,0.425797036329879));
#9274=DIRECTION('ref_axis',(-9.50074139599904E-16,1.,-2.0189075466498E-15));
#9275=DIRECTION('',(0.425797036329878,0.,0.904818702200995));
#9276=DIRECTION('',(0.,1.,0.));
#9277=DIRECTION('',(0.425797036329878,0.,0.904818702200995));
#9278=DIRECTION('center_axis',(0.,-1.,0.));
#9279=DIRECTION('ref_axis',(0.904818702200994,0.,-0.425797036329879));
#9280=DIRECTION('center_axis',(0.,-1.,0.));
#9281=DIRECTION('ref_axis',(0.904818702200993,0.,-0.425797036329883));
#9282=DIRECTION('',(0.,1.,0.));
#9283=DIRECTION('center_axis',(0.,-1.,0.));
#9284=DIRECTION('ref_axis',(0.904818702200993,0.,-0.425797036329883));
#9285=DIRECTION('center_axis',(-0.913811548620257,0.,-0.406138466053447));
#9286=DIRECTION('ref_axis',(-0.406138466053447,0.,0.913811548620257));
#9287=DIRECTION('',(-0.406138466053447,0.,0.913811548620257));
#9288=DIRECTION('',(0.,1.,0.));
#9289=DIRECTION('',(-0.406138466053447,0.,0.913811548620257));
#9290=DIRECTION('center_axis',(0.,1.,0.));
#9291=DIRECTION('ref_axis',(-0.913811548620257,0.,-0.406138466053448));
#9292=DIRECTION('center_axis',(0.,1.,0.));
#9293=DIRECTION('ref_axis',(-0.913811548620257,0.,-0.406138466053448));
#9294=DIRECTION('center_axis',(0.,1.,0.));
#9295=DIRECTION('ref_axis',(-0.913811548620257,0.,-0.406138466053448));
#9296=DIRECTION('center_axis',(0.,1.,0.));
#9297=DIRECTION('ref_axis',(1.,0.,-8.26946079742758E-16));
#9298=DIRECTION('',(-0.904818702200995,0.,0.425797036329878));
#9299=DIRECTION('',(0.904818702200994,0.,-0.425797036329879));
#9300=DIRECTION('center_axis',(0.,1.,0.));
#9301=DIRECTION('ref_axis',(1.,0.,-8.26946079742758E-16));
#9302=DIRECTION('',(0.904818702200994,0.,-0.425797036329879));
#9303=DIRECTION('',(-0.913811548620257,0.,-0.406138466053449));
#9304=DIRECTION('center_axis',(0.,1.,0.));
#9305=DIRECTION('ref_axis',(1.,0.,-8.26946079742758E-16));
#9306=DIRECTION('',(-0.904818702200995,0.,0.425797036329879));
#9307=DIRECTION('center_axis',(0.,1.,0.));
#9308=DIRECTION('ref_axis',(1.,0.,-8.26946079742758E-16));
#9309=DIRECTION('',(0.913811548620256,0.,0.406138466053449));
#9310=DIRECTION('center_axis',(0.,1.,0.));
#9311=DIRECTION('ref_axis',(1.,0.,-8.26946079742758E-16));
#9312=DIRECTION('center_axis',(0.,1.,0.));
#9313=DIRECTION('ref_axis',(1.,0.,-8.26946079742758E-16));
#9314=DIRECTION('',(-0.913811548620257,0.,-0.406138466053449));
#9315=DIRECTION('center_axis',(0.,1.,0.));
#9316=DIRECTION('ref_axis',(1.,0.,-8.26946079742758E-16));
#9317=DIRECTION('',(0.913811548620257,0.,0.406138466053449));
#9318=DIRECTION('center_axis',(0.,1.,0.));
#9319=DIRECTION('ref_axis',(1.,0.,-8.26946079742758E-16));
#9320=DIRECTION('center_axis',(0.904818702200995,0.,0.425797036329878));
#9321=DIRECTION('ref_axis',(1.07889775174904E-15,-1.,-2.29265772246673E-15));
#9322=DIRECTION('center_axis',(-0.904818702200995,0.,0.425797036329878));
#9323=DIRECTION('ref_axis',(-5.31397400115198E-16,1.,-1.1292194752448E-15));
#9324=DIRECTION('center_axis',(-1.,0.,-8.26946079742758E-16));
#9325=DIRECTION('ref_axis',(5.0635843481221E-32,-1.,-6.12323399573677E-17));
#9326=DIRECTION('',(0.,1.,3.58046925441613E-16));
#9327=DIRECTION('center_axis',(-1.,8.75811540203011E-47,-8.26946079742758E-16));
#9328=DIRECTION('ref_axis',(-8.26946079742758E-16,1.0072311829716E-15,1.));
#9329=DIRECTION('',(0.,-1.,-3.5527136788005E-16));
#9330=DIRECTION('center_axis',(-1.,0.,-8.26946079742758E-16));
#9331=DIRECTION('ref_axis',(8.26946079742758E-16,-1.5108467744574E-15,-1.));
#9332=DIRECTION('center_axis',(0.,-1.,-3.23056699788467E-16));
#9333=DIRECTION('ref_axis',(-0.777777777777777,-2.03053851669486E-16,0.62853936105471));
#9334=DIRECTION('center_axis',(-2.05740105618139E-31,1.,2.48795067366593E-16));
#9335=DIRECTION('ref_axis',(-1.,3.16005028544137E-31,-2.09708793540307E-15));
#9336=DIRECTION('center_axis',(4.93038065763132E-32,1.,3.23056699788468E-16));
#9337=DIRECTION('ref_axis',(-1.,-4.34893925015861E-31,1.49880108324396E-15));
#9338=DIRECTION('center_axis',(1.13858214350363E-30,-1.,-1.37685173361946E-15));
#9339=DIRECTION('ref_axis',(-1.,-2.83704047256962E-30,1.2335811384724E-15));
#9340=DIRECTION('center_axis',(0.,1.,4.73209813774657E-16));
#9341=DIRECTION('ref_axis',(-0.777777777777778,2.97430993994741E-16,-0.628539361054709));
#9342=DIRECTION('center_axis',(0.,-1.,-4.73209813774657E-16));
#9343=DIRECTION('ref_axis',(-1.,0.,0.));
#9344=DIRECTION('center_axis',(-1.,0.,-8.26946079742762E-16));
#9345=DIRECTION('ref_axis',(8.26946079742762E-16,6.12323399573677E-17,-1.));
#9346=DIRECTION('',(-1.,0.,-8.3266726846887E-16));
#9347=DIRECTION('',(-1.,0.,-2.22044604925032E-15));
#9348=DIRECTION('center_axis',(-1.,1.09476442525376E-47,-8.26946079742762E-16));
#9349=DIRECTION('ref_axis',(8.26946079742762E-16,-9.05311149705438E-63,
-1.));
#9350=DIRECTION('center_axis',(-8.3266726846887E-16,-8.32667268468867E-17,
1.));
#9351=DIRECTION('ref_axis',(0.,1.,8.32667268468867E-17));
#9352=DIRECTION('',(-1.,0.,-8.3266726846887E-16));
#9353=DIRECTION('',(0.,1.,8.32667268468867E-17));
#9354=DIRECTION('center_axis',(-1.,0.,-8.26946079742762E-16));
#9355=DIRECTION('ref_axis',(-8.26946079742762E-16,-5.1355290271842E-16,
1.));
#9356=DIRECTION('',(-1.,0.,-2.22044604925032E-15));
#9357=DIRECTION('center_axis',(-1.,0.,-8.26946079742762E-16));
#9358=DIRECTION('ref_axis',(-8.26946079742762E-16,-4.52320562761052E-16,
1.));
#9359=DIRECTION('center_axis',(1.11022302462516E-15,-4.44089209850063E-17,
-1.));
#9360=DIRECTION('ref_axis',(0.,-1.,4.44089209850063E-17));
#9361=DIRECTION('',(0.,-1.,4.44089209850062E-17));
#9362=DIRECTION('center_axis',(-1.,0.,-8.26946079742758E-16));
#9363=DIRECTION('ref_axis',(5.0635843481221E-32,-1.,-6.12323399573677E-17));
#9364=DIRECTION('center_axis',(-1.,0.,-8.26946079742758E-16));
#9365=DIRECTION('ref_axis',(8.26946079742758E-16,0.,-1.));
#9366=DIRECTION('',(0.,-1.,4.44089209850062E-17));
#9367=DIRECTION('center_axis',(-1.,0.,-8.26946079742758E-16));
#9368=DIRECTION('ref_axis',(-8.26946079742758E-16,-5.036155914858E-16,1.));
#9369=DIRECTION('',(0.,1.,8.04911692853238E-17));
#9370=DIRECTION('center_axis',(0.,1.,7.65671051465625E-17));
#9371=DIRECTION('ref_axis',(-1.,6.37549222969559E-32,-8.32667268468856E-16));
#9372=DIRECTION('center_axis',(6.42666204497744E-31,-1.,-7.7715611723761E-16));
#9373=DIRECTION('ref_axis',(4.99451972167299E-46,-7.7715611723761E-16,1.));
#9374=DIRECTION('center_axis',(1.09476442525376E-47,-1.,-7.65671051465625E-17));
#9375=DIRECTION('ref_axis',(-8.93899608426238E-16,-7.65671051465625E-17,
1.));
#9376=DIRECTION('center_axis',(-1.,0.,-8.26946079742758E-16));
#9377=DIRECTION('ref_axis',(0.,1.,2.26160281380526E-16));
#9378=DIRECTION('center_axis',(-5.738091111587E-31,1.,6.93889390390723E-16));
#9379=DIRECTION('ref_axis',(-1.77635683940025E-14,6.93889390390723E-16,
-1.));
#9380=DIRECTION('center_axis',(0.,-1.,3.82835525732813E-17));
#9381=DIRECTION('ref_axis',(-1.,-8.50065630626094E-32,-2.22044604925032E-15));
#9382=DIRECTION('center_axis',(8.50065630626093E-32,1.,-3.82835525732813E-17));
#9383=DIRECTION('ref_axis',(2.60330291914302E-15,-3.82835525732813E-17,
-1.));
#9384=DIRECTION('center_axis',(-1.,0.,-8.26946079742758E-16));
#9385=DIRECTION('ref_axis',(0.,-1.,-2.26160281380526E-16));
#9386=DIRECTION('center_axis',(1.,0.,-8.26946079742758E-16));
#9387=DIRECTION('ref_axis',(5.0635843481221E-32,1.,6.12323399573677E-17));
#9388=DIRECTION('',(0.,-1.,-3.58046925441613E-16));
#9389=DIRECTION('center_axis',(1.,0.,-8.26946079742758E-16));
#9390=DIRECTION('ref_axis',(8.26946079742758E-16,0.,1.));
#9391=DIRECTION('',(0.,1.,3.10862446895044E-16));
#9392=DIRECTION('center_axis',(1.,2.18952885050753E-47,-8.26946079742758E-16));
#9393=DIRECTION('ref_axis',(-8.26946079742758E-16,-1.81062229941087E-62,
-1.));
#9394=DIRECTION('center_axis',(0.,1.,3.95858209599953E-16));
#9395=DIRECTION('ref_axis',(0.777777777777778,-2.48812466130215E-16,0.628539361054708));
#9396=DIRECTION('center_axis',(-5.28735556664997E-31,-1.,-6.39383352333532E-16));
#9397=DIRECTION('ref_axis',(1.,1.24590974164177E-30,-2.77555756156289E-15));
#9398=DIRECTION('center_axis',(7.39557098644699E-32,-1.,-3.95858209599953E-16));
#9399=DIRECTION('ref_axis',(1.,3.15675704196087E-31,-6.10622663543836E-16));
#9400=DIRECTION('center_axis',(-1.21509002499146E-30,1.,-1.46937031900489E-15));
#9401=DIRECTION('ref_axis',(1.,1.57760752718258E-30,2.46716227694479E-16));
#9402=DIRECTION('center_axis',(-1.45603019622971E-16,-1.,-4.36809058868914E-16));
#9403=DIRECTION('ref_axis',(0.777777777777776,1.61304893724289E-16,-0.628539361054711));
#9404=DIRECTION('center_axis',(1.45603019622972E-16,1.,4.36809058868914E-16));
#9405=DIRECTION('ref_axis',(1.,-1.45603019622971E-16,-3.1641356201817E-15));
#9406=DIRECTION('center_axis',(1.,0.,-8.26946079742762E-16));
#9407=DIRECTION('ref_axis',(-8.26946079742762E-16,6.12323399573677E-17,
-1.));
#9408=DIRECTION('',(1.,0.,-8.3266726846887E-16));
#9409=DIRECTION('',(1.,0.,-2.22044604925032E-15));
#9410=DIRECTION('center_axis',(1.,1.09476442525376E-47,-8.26946079742762E-16));
#9411=DIRECTION('ref_axis',(-8.26946079742762E-16,-9.05311149705438E-63,
-1.));
#9412=DIRECTION('center_axis',(8.3266726846887E-16,-3.88578058618805E-17,
1.));
#9413=DIRECTION('ref_axis',(0.,-1.,-3.88578058618805E-17));
#9414=DIRECTION('',(1.,0.,-8.3266726846887E-16));
#9415=DIRECTION('',(0.,-1.,-3.88578058618805E-17));
#9416=DIRECTION('center_axis',(1.,0.,-8.26946079742762E-16));
#9417=DIRECTION('ref_axis',(8.26946079742762E-16,3.91088222803684E-16,1.));
#9418=DIRECTION('',(1.,0.,-2.22044604925032E-15));
#9419=DIRECTION('center_axis',(1.,0.,-8.26946079742762E-16));
#9420=DIRECTION('ref_axis',(8.26946079742762E-16,4.52320562761052E-16,1.));
#9421=DIRECTION('center_axis',(-1.11022302462516E-15,1.33226762955019E-16,
-1.));
#9422=DIRECTION('ref_axis',(0.,1.,1.33226762955019E-16));
#9423=DIRECTION('',(0.,1.,1.33226762955019E-16));
#9424=DIRECTION('center_axis',(1.,0.,-8.26946079742758E-16));
#9425=DIRECTION('ref_axis',(5.0635843481221E-32,1.,6.12323399573677E-17));
#9426=DIRECTION('center_axis',(1.,2.18952885050753E-47,-8.26946079742758E-16));
#9427=DIRECTION('ref_axis',(-8.26946079742758E-16,-1.81062229941087E-62,
-1.));
#9428=DIRECTION('',(0.,1.,1.33226762955019E-16));
#9429=DIRECTION('center_axis',(1.,4.37905770101505E-47,-8.26946079742758E-16));
#9430=DIRECTION('ref_axis',(8.26946079742758E-16,5.036155914858E-16,1.));
#9431=DIRECTION('',(0.,-1.,-4.16333634234434E-17));
#9432=DIRECTION('center_axis',(0.,-1.,-3.82835525732813E-17));
#9433=DIRECTION('ref_axis',(1.,3.7190371339891E-32,-9.71445146546998E-16));
#9434=DIRECTION('center_axis',(-2.75428373356176E-31,1.,-3.33066907387547E-16));
#9435=DIRECTION('ref_axis',(-9.17360765205242E-47,3.33066907387547E-16,
1.));
#9436=DIRECTION('center_axis',(0.,1.,3.82835525732813E-17));
#9437=DIRECTION('ref_axis',(1.03267748650438E-15,-3.82835525732813E-17,
1.));
#9438=DIRECTION('center_axis',(1.,0.,-8.26946079742758E-16));
#9439=DIRECTION('ref_axis',(0.,-1.,2.26160281380526E-16));
#9440=DIRECTION('center_axis',(1.83618915570784E-31,-1.,2.22044604925031E-16));
#9441=DIRECTION('ref_axis',(1.77635683940025E-14,-2.22044604925031E-16,
-1.));
#9442=DIRECTION('center_axis',(0.,1.,1.53134210293125E-16));
#9443=DIRECTION('ref_axis',(1.,-1.04139303234603E-46,6.80052504500875E-31));
#9444=DIRECTION('center_axis',(1.04139303234603E-46,-1.,-1.53134210293125E-16));
#9445=DIRECTION('ref_axis',(-3.82856869892695E-16,1.53134210293125E-16,
-1.));
#9446=DIRECTION('center_axis',(1.,0.,-8.26946079742758E-16));
#9447=DIRECTION('ref_axis',(0.,1.,-1.13080140690263E-16));
#9448=DIRECTION('center_axis',(1.22464679914735E-16,-1.,-6.12323399573677E-17));
#9449=DIRECTION('ref_axis',(1.,1.22464679914735E-16,1.22464679914735E-16));
#9450=DIRECTION('',(-1.23247811615134E-16,0.,1.));
#9451=DIRECTION('center_axis',(1.22464679914735E-16,-1.,-6.12323399573677E-17));
#9452=DIRECTION('ref_axis',(-1.,-1.22464679914735E-16,-7.49879891330929E-33));
#9453=DIRECTION('center_axis',(1.22464679914735E-16,-1.,-6.12323399573677E-17));
#9454=DIRECTION('ref_axis',(-1.,-1.22464679914735E-16,-7.49879891330929E-33));
#9455=DIRECTION('',(-7.2498712714785E-18,0.,1.));
#9456=DIRECTION('',(-1.,0.,3.41607084500048E-16));
#9457=DIRECTION('',(-2.68769136607243E-15,0.,1.));
#9458=DIRECTION('',(0.965925826289068,0.,0.25881904510252));
#9459=DIRECTION('',(0.,0.,1.));
#9460=DIRECTION('',(0.499999999999999,0.,0.866025403784439));
#9461=DIRECTION('',(1.,0.,0.));
#9462=DIRECTION('',(0.5,0.,-0.866025403784439));
#9463=DIRECTION('',(1.41953046855781E-16,0.,-1.));
#9464=DIRECTION('',(0.965925826289068,0.,-0.25881904510252));
#9465=DIRECTION('',(-1.07507654642897E-15,0.,-1.));
#9466=DIRECTION('',(-1.,0.,0.));
#9467=DIRECTION('center_axis',(0.,0.,1.));
#9468=DIRECTION('ref_axis',(-1.,-1.22464679914735E-16,0.));
#9469=DIRECTION('center_axis',(0.,0.,1.));
#9470=DIRECTION('ref_axis',(-3.82856869892696E-16,-1.,0.));
#9471=DIRECTION('center_axis',(0.,0.,-1.));
#9472=DIRECTION('ref_axis',(1.,-1.22464679914735E-16,0.));
#9473=DIRECTION('center_axis',(1.,0.,2.64581195529841E-15));
#9474=DIRECTION('ref_axis',(-2.64581195529841E-15,0.,1.));
#9475=DIRECTION('center_axis',(-1.,0.,-2.64581195529841E-15));
#9476=DIRECTION('ref_axis',(1.17497654064031E-29,-1.,-4.4408920985006E-15));
#9477=DIRECTION('',(0.,1.,0.));
#9478=DIRECTION('',(2.77555756156289E-15,0.,-1.));
#9479=DIRECTION('',(1.70803542250024E-15,1.,0.));
#9480=DIRECTION('center_axis',(-1.,0.,-2.64581195529841E-15));
#9481=DIRECTION('ref_axis',(1.37080596408037E-29,-1.,-5.18104078158405E-15));
#9482=DIRECTION('',(-2.68769136607243E-15,0.,1.));
#9483=DIRECTION('',(0.,-1.,0.));
#9484=DIRECTION('center_axis',(-1.,0.,1.05832478211936E-15));
#9485=DIRECTION('ref_axis',(-1.05832478211936E-15,0.,-1.));
#9486=DIRECTION('',(0.,-1.,0.));
#9487=DIRECTION('',(-1.07507654642897E-15,0.,-1.));
#9488=DIRECTION('center_axis',(-1.,0.,1.05832478211936E-15));
#9489=DIRECTION('ref_axis',(-3.91658846880104E-30,-1.,-3.70074341541718E-15));
#9490=DIRECTION('',(0.,1.,0.));
#9491=DIRECTION('',(1.11022302462516E-15,0.,1.));
#9492=DIRECTION('',(0.,1.,0.));
#9493=DIRECTION('center_axis',(-1.,0.,1.05832478211936E-15));
#9494=DIRECTION('ref_axis',(-4.69990616256123E-30,-1.,-4.4408920985006E-15));
#9495=DIRECTION('center_axis',(1.22464679914735E-16,-1.,-6.12323399573677E-17));
#9496=DIRECTION('ref_axis',(1.,1.22464679914735E-16,1.22464679914735E-16));
#9497=DIRECTION('',(-2.3924575195879E-16,0.,1.));
#9498=DIRECTION('',(1.,0.,0.));
#9499=DIRECTION('',(0.965925826289068,0.,-0.25881904510252));
#9500=DIRECTION('',(1.41953046855781E-16,0.,-1.));
#9501=DIRECTION('',(0.5,0.,-0.866025403784439));
#9502=DIRECTION('',(1.,0.,0.));
#9503=DIRECTION('',(0.499999999999999,0.,0.866025403784439));
#9504=DIRECTION('',(0.,0.,1.));
#9505=DIRECTION('',(0.965925826289068,0.,0.25881904510252));
#9506=DIRECTION('',(1.,0.,-4.21822705870671E-16));
#9507=DIRECTION('',(-7.24987127147849E-18,0.,1.));
#9508=DIRECTION('center_axis',(1.22464679914735E-16,-1.,-6.12323399573676E-17));
#9509=DIRECTION('ref_axis',(-1.,-1.22464679914735E-16,-7.49879891330929E-33));
#9510=DIRECTION('center_axis',(0.,0.,1.));
#9511=DIRECTION('ref_axis',(-0.74535599249993,-0.666666666666667,0.));
#9512=DIRECTION('center_axis',(0.,0.,1.));
#9513=DIRECTION('ref_axis',(-0.74535599249993,-0.666666666666667,0.));
#9514=DIRECTION('center_axis',(0.,0.,1.));
#9515=DIRECTION('ref_axis',(-0.74535599249993,-0.666666666666667,0.));
#9516=DIRECTION('center_axis',(0.577350269189628,0.577350269189625,0.577350269189625));
#9517=DIRECTION('ref_axis',(-0.707106781186548,0.,0.707106781186547));
#9518=DIRECTION('center_axis',(0.408248290463864,-0.816496580927726,0.408248290463862));
#9519=DIRECTION('ref_axis',(0.707106781186546,0.,-0.707106781186549));
#9520=DIRECTION('center_axis',(-1.,0.,6.12323399573677E-17));
#9521=DIRECTION('ref_axis',(-8.1577864406813E-31,-1.,-1.33226762955018E-14));
#9522=DIRECTION('center_axis',(-1.,-1.75162308040602E-46,6.12323399573677E-17));
#9523=DIRECTION('ref_axis',(-8.1577864406813E-31,-1.,-1.33226762955018E-14));
#9524=DIRECTION('',(-1.,1.36642833800019E-15,0.));
#9525=DIRECTION('center_axis',(0.25881904510252,0.,-0.965925826289069));
#9526=DIRECTION('ref_axis',(0.965925826289069,0.,0.25881904510252));
#9527=DIRECTION('',(0.,-1.,0.));
#9528=DIRECTION('center_axis',(1.,0.,0.));
#9529=DIRECTION('ref_axis',(0.,0.,1.));
#9530=DIRECTION('',(0.,-1.,0.));
#9531=DIRECTION('center_axis',(0.866025403784439,0.,-0.499999999999999));
#9532=DIRECTION('ref_axis',(0.499999999999999,0.,0.866025403784439));
#9533=DIRECTION('',(0.,-1.,0.));
#9534=DIRECTION('center_axis',(0.,0.,-1.));
#9535=DIRECTION('ref_axis',(1.,0.,0.));
#9536=DIRECTION('',(0.,-1.,0.));
#9537=DIRECTION('center_axis',(-0.866025403784439,0.,-0.5));
#9538=DIRECTION('ref_axis',(0.5,0.,-0.866025403784439));
#9539=DIRECTION('',(0.,-1.,0.));
#9540=DIRECTION('center_axis',(-1.,0.,-1.41953046855781E-16));
#9541=DIRECTION('ref_axis',(1.41953046855781E-16,0.,-1.));
#9542=DIRECTION('',(0.,-1.,0.));
#9543=DIRECTION('center_axis',(-0.25881904510252,0.,-0.965925826289069));
#9544=DIRECTION('ref_axis',(0.965925826289069,0.,-0.25881904510252));
#9545=DIRECTION('center_axis',(-1.,0.,6.12323399573677E-17));
#9546=DIRECTION('ref_axis',(-6.79815536723442E-31,-1.,-1.11022302462515E-14));
#9547=DIRECTION('',(-1.,0.,0.));
#9548=DIRECTION('center_axis',(-1.,0.,6.12323399573677E-17));
#9549=DIRECTION('ref_axis',(-8.1577864406813E-31,-1.,-1.33226762955018E-14));
#9550=DIRECTION('center_axis',(-8.19528043524785E-31,-1.,-1.33839086354592E-14));
#9551=DIRECTION('ref_axis',(1.,-2.45858413057435E-30,1.22464679914735E-16));
#9552=DIRECTION('center_axis',(0.,0.,-1.));
#9553=DIRECTION('ref_axis',(-1.,1.36642833800019E-15,0.));
#9554=DIRECTION('',(0.,1.,0.));
#9555=DIRECTION('',(-1.,1.36642833800019E-15,0.));
#9556=DIRECTION('center_axis',(2.34827133276007E-16,1.,6.12323399573677E-17));
#9557=DIRECTION('ref_axis',(1.,-2.34827133276007E-16,-1.43790148559706E-32));
#9558=DIRECTION('center_axis',(-2.34827133276007E-16,-1.,-6.12323399573677E-17));
#9559=DIRECTION('ref_axis',(1.,-2.34827133276007E-16,-1.43790148559706E-32));
#9560=DIRECTION('',(-1.,0.,0.));
#9561=DIRECTION('',(1.,0.,0.));
#9562=DIRECTION('center_axis',(2.34827133276007E-16,1.,6.12323399573677E-17));
#9563=DIRECTION('ref_axis',(-0.74535599249993,1.34208251017273E-16,0.666666666666666));
#9564=DIRECTION('',(1.,-3.37458164696537E-15,0.));
#9565=DIRECTION('center_axis',(0.,0.,1.));
#9566=DIRECTION('ref_axis',(1.,-1.68729082348269E-15,0.));
#9567=DIRECTION('',(1.,-3.37458164696537E-15,0.));
#9568=DIRECTION('',(1.68668497971899E-15,1.,0.));
#9569=DIRECTION('center_axis',(-1.,0.,6.12323399573677E-17));
#9570=DIRECTION('ref_axis',(-3.17247250470941E-31,-1.,-5.18104078158405E-15));
#9571=DIRECTION('center_axis',(-1.,0.,6.12323399573677E-17));
#9572=DIRECTION('ref_axis',(-8.1577864406813E-31,-1.,-1.33226762955018E-14));
#9573=DIRECTION('center_axis',(-1.,0.,6.12323399573677E-17));
#9574=DIRECTION('ref_axis',(-2.26605178907815E-31,-1.,-3.70074341541718E-15));
#9575=DIRECTION('center_axis',(-1.,-4.37905770101505E-47,6.12323399573677E-17));
#9576=DIRECTION('ref_axis',(-2.26605178907815E-31,-1.,-3.70074341541718E-15));
#9577=DIRECTION('',(1.,0.,0.));
#9578=DIRECTION('center_axis',(0.,0.,1.));
#9579=DIRECTION('ref_axis',(1.,0.,0.));
#9580=DIRECTION('',(0.,1.,0.));
#9581=DIRECTION('center_axis',(0.,0.,-1.));
#9582=DIRECTION('ref_axis',(-1.,0.,0.));
#9583=DIRECTION('',(0.,1.,0.));
#9584=DIRECTION('center_axis',(6.12323399573675E-17,0.,1.));
#9585=DIRECTION('ref_axis',(1.,0.,0.));
#9586=DIRECTION('center_axis',(8.19528043524785E-31,1.,1.33839086354592E-14));
#9587=DIRECTION('ref_axis',(-0.74535599249993,-8.9226057569728E-15,0.666666666666667));
#9588=DIRECTION('center_axis',(0.,-1.,0.));
#9589=DIRECTION('ref_axis',(1.,0.,-1.43790148559706E-32));
#9590=DIRECTION('center_axis',(0.,1.,0.));
#9591=DIRECTION('ref_axis',(-0.74535599249993,0.,0.666666666666667));
#9592=DIRECTION('center_axis',(0.,1.22464679914735E-16,-1.));
#9593=DIRECTION('ref_axis',(1.,0.,0.));
#9594=DIRECTION('',(0.,-1.,0.));
#9595=DIRECTION('center_axis',(0.,1.22464679914735E-16,-1.));
#9596=DIRECTION('ref_axis',(1.,0.,0.));
#9597=DIRECTION('',(-1.,0.,0.));
#9598=DIRECTION('',(0.,-1.,0.));
#9599=DIRECTION('',(1.,0.,0.));
#9600=DIRECTION('',(0.,-1.,-4.44089209850063E-16));
#9601=DIRECTION('',(1.,0.,0.));
#9602=DIRECTION('',(0.,-1.,-1.70803542250024E-16));
#9603=DIRECTION('',(1.,0.,0.));
#9604=DIRECTION('center_axis',(1.,1.2960740568808E-31,-1.05832478211936E-15));
#9605=DIRECTION('ref_axis',(-1.05832478211936E-15,1.22464679914735E-16,
-1.));
#9606=DIRECTION('',(0.,0.,1.));
#9607=DIRECTION('center_axis',(1.,1.29607405688079E-31,-1.05832478211936E-15));
#9608=DIRECTION('ref_axis',(-4.04619587448912E-30,1.,-3.70074341541718E-15));
#9609=DIRECTION('',(-7.16717697619313E-16,0.,-1.));
#9610=DIRECTION('',(0.,1.,0.));
#9611=DIRECTION('',(-7.16717697619313E-16,0.,-1.));
#9612=DIRECTION('center_axis',(1.,1.29607405688079E-31,-1.05832478211936E-15));
#9613=DIRECTION('ref_axis',(-4.82951356824931E-30,1.,-4.4408920985006E-15));
#9614=DIRECTION('',(0.,-1.,0.));
#9615=DIRECTION('center_axis',(0.,0.,-1.));
#9616=DIRECTION('ref_axis',(1.,0.,0.));
#9617=DIRECTION('center_axis',(0.,1.22464679914735E-16,-1.));
#9618=DIRECTION('ref_axis',(1.,0.,0.));
#9619=DIRECTION('',(0.,0.,1.));
#9620=DIRECTION('center_axis',(0.,1.,0.));
#9621=DIRECTION('ref_axis',(-1.,0.,0.));
#9622=DIRECTION('',(-1.,0.,0.));
#9623=DIRECTION('',(0.,0.,1.));
#9624=DIRECTION('center_axis',(-1.,0.,0.));
#9625=DIRECTION('ref_axis',(0.,-1.,0.));
#9626=DIRECTION('',(0.,-1.,0.));
#9627=DIRECTION('',(0.,0.,1.));
#9628=DIRECTION('center_axis',(0.,-1.,0.));
#9629=DIRECTION('ref_axis',(1.,0.,0.));
#9630=DIRECTION('',(0.,0.,-1.));
#9631=DIRECTION('',(1.,0.,0.));
#9632=DIRECTION('center_axis',(1.,1.2960740568808E-31,-1.05832478211936E-15));
#9633=DIRECTION('ref_axis',(-1.05832478211936E-15,1.22464679914735E-16,
-1.));
#9634=DIRECTION('',(0.,-1.,-4.44089209850063E-16));
#9635=DIRECTION('',(0.,0.,1.));
#9636=DIRECTION('center_axis',(-2.34827133276007E-16,1.,6.12323399573677E-17));
#9637=DIRECTION('ref_axis',(1.,2.34827133276007E-16,1.43790148559706E-32));
#9638=DIRECTION('',(1.,3.37458164696537E-15,0.));
#9639=DIRECTION('center_axis',(-2.34827133276007E-16,1.,6.12323399573677E-17));
#9640=DIRECTION('ref_axis',(-0.74535599249993,-2.1585137096043E-16,0.666666666666666));
#9641=DIRECTION('',(-1.,0.,0.));
#9642=DIRECTION('center_axis',(2.34827133276007E-16,-1.,-6.12323399573677E-17));
#9643=DIRECTION('ref_axis',(1.,2.34827133276007E-16,1.43790148559706E-32));
#9644=DIRECTION('',(-1.,-1.36642833800019E-15,0.));
#9645=DIRECTION('',(2.22044604925031E-15,0.,-1.));
#9646=DIRECTION('center_axis',(0.,1.,1.22464679914735E-16));
#9647=DIRECTION('ref_axis',(-0.74535599249993,-8.16431199431567E-17,0.666666666666667));
#9648=DIRECTION('',(1.70803542250024E-15,-1.,-1.70803542250024E-16));
#9649=DIRECTION('center_axis',(-8.19528043524785E-31,1.,-1.32614439555444E-14));
#9650=DIRECTION('ref_axis',(-0.74535599249993,8.8409626370296E-15,0.666666666666667));
#9651=DIRECTION('center_axis',(1.,7.49879891330929E-33,-6.12323399573677E-17));
#9652=DIRECTION('ref_axis',(-2.26605178907815E-31,1.,-3.57827873550244E-15));
#9653=DIRECTION('center_axis',(1.,7.49879891330923E-33,-6.12323399573677E-17));
#9654=DIRECTION('ref_axis',(-2.34103977821124E-31,1.,-3.70074341541718E-15));
#9655=DIRECTION('',(1.,0.,4.21822705870672E-16));
#9656=DIRECTION('center_axis',(-1.22464679914735E-16,-1.,-6.12323399573677E-17));
#9657=DIRECTION('ref_axis',(1.,-1.22464679914735E-16,1.22464679914735E-16));
#9658=DIRECTION('center_axis',(-1.22464679914735E-16,-1.,-6.12323399573677E-17));
#9659=DIRECTION('ref_axis',(-1.,1.22464679914735E-16,7.49879891330929E-33));
#9660=DIRECTION('',(0.,0.,1.));
#9661=DIRECTION('',(1.,0.,-4.21822705870672E-16));
#9662=DIRECTION('',(-2.5085119416676E-15,0.,1.));
#9663=DIRECTION('',(0.965925826289068,0.,0.25881904510252));
#9664=DIRECTION('',(0.,0.,1.));
#9665=DIRECTION('',(0.499999999999999,0.,0.866025403784439));
#9666=DIRECTION('',(1.,0.,0.));
#9667=DIRECTION('',(0.5,0.,-0.866025403784439));
#9668=DIRECTION('',(1.41953046855781E-16,0.,-1.));
#9669=DIRECTION('',(0.965925826289068,0.,-0.25881904510252));
#9670=DIRECTION('',(-2.31995880687312E-16,0.,1.));
#9671=DIRECTION('center_axis',(0.25881904510252,-1.18291797137867E-16,0.965925826289069));
#9672=DIRECTION('ref_axis',(0.965925826289069,3.16961915143176E-17,-0.25881904510252));
#9673=DIRECTION('',(0.,1.,0.));
#9674=DIRECTION('',(0.965925826289068,0.,-0.25881904510252));
#9675=DIRECTION('center_axis',(-1.22464679914735E-16,-1.,-6.12323399573677E-17));
#9676=DIRECTION('ref_axis',(1.,-1.22464679914735E-16,1.22464679914735E-16));
#9677=DIRECTION('',(-1.,0.,0.));
#9678=DIRECTION('',(1.41953046855781E-16,0.,-1.));
#9679=DIRECTION('',(0.5,0.,-0.866025403784439));
#9680=DIRECTION('',(1.,0.,0.));
#9681=DIRECTION('',(0.499999999999999,0.,0.866025403784439));
#9682=DIRECTION('',(0.,0.,1.));
#9683=DIRECTION('',(0.965925826289068,0.,0.25881904510252));
#9684=DIRECTION('',(-2.5085119416676E-15,0.,1.));
#9685=DIRECTION('',(-1.,0.,3.41607084500048E-16));
#9686=DIRECTION('',(0.,0.,1.));
#9687=DIRECTION('center_axis',(-1.22464679914735E-16,-1.,-6.12323399573677E-17));
#9688=DIRECTION('ref_axis',(-1.,1.22464679914735E-16,7.49879891330929E-33));
#9689=DIRECTION('',(-1.15997940343656E-16,0.,1.));
#9690=DIRECTION('center_axis',(1.,7.49879891330929E-33,-6.12323399573677E-17));
#9691=DIRECTION('ref_axis',(-6.79815536723444E-31,1.,-1.09797655663368E-14));
#9692=DIRECTION('center_axis',(1.,7.49879891330936E-33,-6.12323399573677E-17));
#9693=DIRECTION('ref_axis',(-8.2327744298144E-31,1.,-1.33226762955018E-14));
#9694=DIRECTION('',(-1.,0.,0.));
#9695=DIRECTION('center_axis',(0.,-1.22464679914735E-16,1.));
#9696=DIRECTION('ref_axis',(-1.,0.,0.));
#9697=DIRECTION('',(0.,-1.,-1.70803542250024E-16));
#9698=DIRECTION('center_axis',(0.,1.22464679914735E-16,-1.));
#9699=DIRECTION('ref_axis',(1.,1.68729082348269E-15,2.06633530620877E-31));
#9700=DIRECTION('',(1.70803542250024E-15,-1.,-1.70803542250024E-16));
#9701=DIRECTION('',(1.,3.37458164696537E-15,0.));
#9702=DIRECTION('center_axis',(0.,-1.,-1.22464679914735E-16));
#9703=DIRECTION('ref_axis',(1.,1.76092145182566E-48,-1.43790148559706E-32));
#9704=DIRECTION('',(0.,-1.,-1.70803542250024E-16));
#9705=DIRECTION('center_axis',(8.19528043524785E-31,-1.,1.32614439555444E-14));
#9706=DIRECTION('ref_axis',(1.,2.44358653274773E-30,1.22464679914735E-16));
#9707=DIRECTION('center_axis',(0.,-1.22464679914735E-16,1.));
#9708=DIRECTION('ref_axis',(-1.,-1.36642833800019E-15,-1.67339209039617E-31));
#9709=DIRECTION('',(0.,-1.,-1.70803542250024E-16));
#9710=DIRECTION('',(-1.,-1.36642833800019E-15,0.));
#9711=DIRECTION('center_axis',(-1.,3.240185142202E-31,-2.64581195529841E-15));
#9712=DIRECTION('ref_axis',(-2.64581195529841E-15,-1.22464679914735E-16,
1.));
#9713=DIRECTION('',(0.,1.,0.));
#9714=DIRECTION('center_axis',(1.,-3.24018514220199E-31,2.64581195529841E-15));
#9715=DIRECTION('ref_axis',(1.40320781550239E-29,1.,-5.18104078158405E-15));
#9716=DIRECTION('center_axis',(1.,-3.24018514220199E-31,2.64581195529841E-15));
#9717=DIRECTION('ref_axis',(1.20737839206233E-29,1.,-4.4408920985006E-15));
#9718=DIRECTION('center_axis',(1.,7.49879891330936E-33,-6.12323399573677E-17));
#9719=DIRECTION('ref_axis',(-8.2327744298144E-31,1.,-1.33226762955018E-14));
#9720=DIRECTION('center_axis',(0.,1.22464679914735E-16,-1.));
#9721=DIRECTION('ref_axis',(-0.74535599249993,0.666666666666667,8.16431199431567E-17));
#9722=DIRECTION('center_axis',(0.,0.,1.));
#9723=DIRECTION('ref_axis',(1.,0.,0.));
#9724=DIRECTION('center_axis',(0.,1.22464679914735E-16,-1.));
#9725=DIRECTION('ref_axis',(-0.74535599249993,0.666666666666667,8.16431199431567E-17));
#9726=DIRECTION('center_axis',(0.,1.22464679914735E-16,-1.));
#9727=DIRECTION('ref_axis',(-0.74535599249993,0.666666666666667,8.16431199431567E-17));
#9728=DIRECTION('center_axis',(1.,7.49879891330929E-33,-6.12323399573677E-17));
#9729=DIRECTION('ref_axis',(-3.17247250470941E-31,1.,-5.05857610166932E-15));
#9730=DIRECTION('center_axis',(-0.25881904510252,-1.18291797137867E-16,
0.965925826289069));
#9731=DIRECTION('ref_axis',(0.965925826289069,-3.16961915143176E-17,0.25881904510252));
#9732=DIRECTION('',(0.,1.,0.));
#9733=DIRECTION('center_axis',(-1.,0.,0.));
#9734=DIRECTION('ref_axis',(0.,-1.22464679914735E-16,1.));
#9735=DIRECTION('',(0.,1.,0.));
#9736=DIRECTION('center_axis',(-0.866025403784439,-6.12323399573676E-17,
0.499999999999999));
#9737=DIRECTION('ref_axis',(0.499999999999999,-1.06057523872491E-16,0.866025403784439));
#9738=DIRECTION('',(0.,1.,0.));
#9739=DIRECTION('center_axis',(0.,-1.22464679914735E-16,1.));
#9740=DIRECTION('ref_axis',(1.,0.,0.));
#9741=DIRECTION('',(0.,1.,0.));
#9742=DIRECTION('center_axis',(0.866025403784439,-6.12323399573677E-17,
0.5));
#9743=DIRECTION('ref_axis',(0.5,1.06057523872491E-16,-0.866025403784439));
#9744=DIRECTION('',(0.,1.,0.));
#9745=DIRECTION('center_axis',(1.,-1.73842344461147E-32,1.41953046855781E-16));
#9746=DIRECTION('ref_axis',(1.41953046855781E-16,1.22464679914735E-16,-1.));
#9747=DIRECTION('center_axis',(1.,7.49879891330929E-33,-6.12323399573677E-17));
#9748=DIRECTION('ref_axis',(-8.15778644068133E-31,1.,-1.32002116155871E-14));
#9749=DIRECTION('center_axis',(1.,7.49879891330919E-33,-6.12323399573677E-17));
#9750=DIRECTION('ref_axis',(-8.2327744298144E-31,1.,-1.33226762955018E-14));
#9751=DIRECTION('center_axis',(0.,1.22464679914735E-16,-1.));
#9752=DIRECTION('ref_axis',(-1.,1.22464679914735E-16,1.49975978266185E-32));
#9753=DIRECTION('center_axis',(0.,-1.22464679914735E-16,1.));
#9754=DIRECTION('ref_axis',(1.,1.22464679914735E-16,1.49975978266185E-32));
#9755=DIRECTION('center_axis',(0.,1.22464679914735E-16,-1.));
#9756=DIRECTION('ref_axis',(-1.,0.,0.));
#9757=DIRECTION('center_axis',(0.577350269189629,0.577350269189624,0.577350269189624));
#9758=DIRECTION('ref_axis',(0.,0.707106781186548,-0.707106781186548));
#9759=DIRECTION('center_axis',(2.34827133276007E-16,1.,6.12323399573677E-17));
#9760=DIRECTION('ref_axis',(1.,-2.34827133276007E-16,-1.43790148559706E-32));
#9761=DIRECTION('',(2.22044604925031E-15,0.,-1.));
#9762=DIRECTION('',(-1.,1.36642833800019E-15,0.));
#9763=DIRECTION('center_axis',(-2.34827133276007E-16,-1.,-6.12323399573677E-17));
#9764=DIRECTION('ref_axis',(1.,-2.34827133276007E-16,-1.43790148559706E-32));
#9765=DIRECTION('',(-1.,0.,0.));
#9766=DIRECTION('',(0.,0.,1.));
#9767=DIRECTION('',(-1.,0.,0.));
#9768=DIRECTION('center_axis',(2.34827133276007E-16,1.,6.12323399573677E-17));
#9769=DIRECTION('ref_axis',(-0.74535599249993,1.34208251017273E-16,0.666666666666666));
#9770=DIRECTION('',(1.,-3.37458164696537E-15,0.));
#9771=DIRECTION('center_axis',(0.,0.,1.));
#9772=DIRECTION('ref_axis',(1.,0.,0.));
#9773=DIRECTION('',(1.,0.,0.));
#9774=DIRECTION('',(0.,1.,0.));
#9775=DIRECTION('',(0.,-1.,0.));
#9776=DIRECTION('',(1.,0.,0.));
#9777=DIRECTION('center_axis',(0.,0.,-1.));
#9778=DIRECTION('ref_axis',(-1.,8.88178419700124E-15,0.));
#9779=DIRECTION('',(0.,1.,0.));
#9780=DIRECTION('center_axis',(0.,0.,-1.));
#9781=DIRECTION('ref_axis',(-1.,0.,0.));
#9782=DIRECTION('',(-1.,0.,0.));
#9783=DIRECTION('',(0.,1.,0.));
#9784=DIRECTION('center_axis',(0.,0.,-1.));
#9785=DIRECTION('ref_axis',(-1.,8.88178419700124E-15,0.));
#9786=DIRECTION('',(1.,0.,0.));
#9787=DIRECTION('',(0.,-1.,0.));
#9788=DIRECTION('',(0.,1.,0.));
#9789=DIRECTION('center_axis',(-1.,0.,1.05832478211936E-15));
#9790=DIRECTION('ref_axis',(-1.05832478211936E-15,0.,-1.));
#9791=DIRECTION('',(0.,0.,1.));
#9792=DIRECTION('center_axis',(-1.,0.,1.05832478211936E-15));
#9793=DIRECTION('ref_axis',(-4.69990616256123E-30,-1.,-4.4408920985006E-15));
#9794=DIRECTION('',(-7.16717697619313E-16,0.,-1.));
#9795=DIRECTION('',(0.,-1.,0.));
#9796=DIRECTION('',(-7.16717697619313E-16,0.,-1.));
#9797=DIRECTION('center_axis',(-1.,0.,1.05832478211936E-15));
#9798=DIRECTION('ref_axis',(-3.91658846880104E-30,-1.,-3.70074341541718E-15));
#9799=DIRECTION('center_axis',(0.,0.,-1.));
#9800=DIRECTION('ref_axis',(-1.,8.88178419700124E-15,0.));
#9801=DIRECTION('',(0.,0.,1.));
#9802=DIRECTION('center_axis',(1.,0.,2.64581195529841E-15));
#9803=DIRECTION('ref_axis',(-2.64581195529841E-15,0.,1.));
#9804=DIRECTION('',(-2.5085119416676E-15,0.,1.));
#9805=DIRECTION('center_axis',(-1.,0.,-2.64581195529841E-15));
#9806=DIRECTION('ref_axis',(1.17497654064031E-29,-1.,-4.4408920985006E-15));
#9807=DIRECTION('',(0.,1.,0.));
#9808=DIRECTION('',(1.70803542250024E-15,1.,0.));
#9809=DIRECTION('center_axis',(-1.,0.,-2.64581195529841E-15));
#9810=DIRECTION('ref_axis',(1.37080596408037E-29,-1.,-5.18104078158405E-15));
#9811=DIRECTION('',(-2.5085119416676E-15,0.,1.));
#9812=DIRECTION('',(0.,-1.,0.));
#9813=DIRECTION('center_axis',(0.,0.,-1.));
#9814=DIRECTION('ref_axis',(-1.,1.36642833800019E-15,0.));
#9815=DIRECTION('',(-1.,1.36642833800019E-15,0.));
#9816=DIRECTION('',(0.,1.,0.));
#9817=DIRECTION('center_axis',(0.,-1.,0.));
#9818=DIRECTION('ref_axis',(1.,0.,-1.43790148559706E-32));
#9819=DIRECTION('center_axis',(-8.19528043524785E-31,-1.,-1.33839086354592E-14));
#9820=DIRECTION('ref_axis',(1.,-2.45858413057435E-30,1.22464679914735E-16));
#9821=DIRECTION('center_axis',(-1.,0.,0.));
#9822=DIRECTION('ref_axis',(0.,-1.,0.));
#9823=DIRECTION('',(0.,0.,1.));
#9824=DIRECTION('center_axis',(0.,1.,0.));
#9825=DIRECTION('ref_axis',(-0.74535599249993,0.,0.666666666666667));
#9826=DIRECTION('center_axis',(8.19528043524785E-31,1.,1.33839086354592E-14));
#9827=DIRECTION('ref_axis',(-0.74535599249993,-8.9226057569728E-15,0.666666666666667));
#9828=DIRECTION('',(1.70803542250024E-15,1.,0.));
#9829=DIRECTION('center_axis',(0.,0.,1.));
#9830=DIRECTION('ref_axis',(1.,-1.68729082348269E-15,0.));
#9831=DIRECTION('',(1.,-3.37458164696537E-15,0.));
#9832=DIRECTION('center_axis',(-1.,0.,6.12323399573677E-17));
#9833=DIRECTION('ref_axis',(-2.26605178907815E-31,-1.,-3.70074341541718E-15));
#9834=DIRECTION('',(1.,0.,0.));
#9835=DIRECTION('center_axis',(-1.,-4.37905770101505E-47,6.12323399573677E-17));
#9836=DIRECTION('ref_axis',(-2.26605178907815E-31,-1.,-3.70074341541718E-15));
#9837=DIRECTION('center_axis',(0.,-1.,0.));
#9838=DIRECTION('ref_axis',(1.,0.,0.));
#9839=DIRECTION('center_axis',(-1.,0.,6.12323399573677E-17));
#9840=DIRECTION('ref_axis',(-6.79815536723442E-31,-1.,-1.11022302462515E-14));
#9841=DIRECTION('',(-1.,0.,0.));
#9842=DIRECTION('center_axis',(-1.,0.,6.12323399573677E-17));
#9843=DIRECTION('ref_axis',(-8.1577864406813E-31,-1.,-1.33226762955018E-14));
#9844=DIRECTION('center_axis',(1.22464679914735E-16,-1.,-6.12323399573677E-17));
#9845=DIRECTION('ref_axis',(1.,1.22464679914735E-16,1.22464679914735E-16));
#9846=DIRECTION('',(-1.15997940343656E-16,0.,1.));
#9847=DIRECTION('center_axis',(1.22464679914735E-16,-1.,-6.12323399573677E-17));
#9848=DIRECTION('ref_axis',(-1.,-1.22464679914735E-16,-7.49879891330929E-33));
#9849=DIRECTION('center_axis',(1.22464679914735E-16,-1.,-6.12323399573677E-17));
#9850=DIRECTION('ref_axis',(-1.,-1.22464679914735E-16,-7.49879891330929E-33));
#9851=DIRECTION('',(0.,0.,1.));
#9852=DIRECTION('',(-1.,0.,3.41607084500048E-16));
#9853=DIRECTION('',(0.965925826289068,0.,0.25881904510252));
#9854=DIRECTION('',(0.,0.,1.));
#9855=DIRECTION('',(0.499999999999999,0.,0.866025403784439));
#9856=DIRECTION('',(1.,0.,0.));
#9857=DIRECTION('',(0.5,0.,-0.866025403784439));
#9858=DIRECTION('',(1.41953046855781E-16,0.,-1.));
#9859=DIRECTION('',(0.965925826289068,0.,-0.25881904510252));
#9860=DIRECTION('center_axis',(-0.25881904510252,0.,-0.965925826289069));
#9861=DIRECTION('ref_axis',(0.965925826289069,0.,-0.25881904510252));
#9862=DIRECTION('',(0.,-1.,0.));
#9863=DIRECTION('',(0.965925826289068,0.,-0.25881904510252));
#9864=DIRECTION('center_axis',(1.22464679914735E-16,-1.,-6.12323399573677E-17));
#9865=DIRECTION('ref_axis',(1.,1.22464679914735E-16,1.22464679914735E-16));
#9866=DIRECTION('',(-2.31995880687312E-16,0.,1.));
#9867=DIRECTION('',(1.41953046855781E-16,0.,-1.));
#9868=DIRECTION('',(0.5,0.,-0.866025403784439));
#9869=DIRECTION('',(1.,0.,0.));
#9870=DIRECTION('',(0.499999999999999,0.,0.866025403784439));
#9871=DIRECTION('',(0.,0.,1.));
#9872=DIRECTION('',(0.965925826289068,0.,0.25881904510252));
#9873=DIRECTION('',(1.,0.,-4.21822705870672E-16));
#9874=DIRECTION('',(0.,0.,1.));
#9875=DIRECTION('center_axis',(1.22464679914735E-16,-1.,-6.12323399573676E-17));
#9876=DIRECTION('ref_axis',(-1.,-1.22464679914735E-16,-7.49879891330929E-33));
#9877=DIRECTION('center_axis',(-1.,0.,6.12323399573677E-17));
#9878=DIRECTION('ref_axis',(-8.1577864406813E-31,-1.,-1.33226762955018E-14));
#9879=DIRECTION('center_axis',(-1.,-1.75162308040602E-46,6.12323399573677E-17));
#9880=DIRECTION('ref_axis',(-8.1577864406813E-31,-1.,-1.33226762955018E-14));
#9881=DIRECTION('center_axis',(-1.,0.,6.12323399573677E-17));
#9882=DIRECTION('ref_axis',(-3.17247250470941E-31,-1.,-5.18104078158405E-15));
#9883=DIRECTION('center_axis',(-1.,0.,6.12323399573677E-17));
#9884=DIRECTION('ref_axis',(-8.1577864406813E-31,-1.,-1.33226762955018E-14));
#9885=DIRECTION('center_axis',(0.25881904510252,0.,-0.965925826289069));
#9886=DIRECTION('ref_axis',(0.965925826289069,0.,0.25881904510252));
#9887=DIRECTION('',(0.,-1.,0.));
#9888=DIRECTION('center_axis',(0.,0.,-1.));
#9889=DIRECTION('ref_axis',(1.,-1.22464679914735E-16,0.));
#9890=DIRECTION('center_axis',(0.,0.,1.));
#9891=DIRECTION('ref_axis',(-0.74535599249993,-0.666666666666667,0.));
#9892=DIRECTION('center_axis',(0.,0.,1.));
#9893=DIRECTION('ref_axis',(-1.,-1.22464679914735E-16,0.));
#9894=DIRECTION('center_axis',(0.,0.,1.));
#9895=DIRECTION('ref_axis',(0.,-1.,0.));
#9896=DIRECTION('center_axis',(0.577350269189629,0.577350269189624,0.577350269189624));
#9897=DIRECTION('ref_axis',(-0.707106781186548,0.,0.707106781186548));
#9898=DIRECTION('center_axis',(0.408248290463864,-0.816496580927726,0.408248290463862));
#9899=DIRECTION('ref_axis',(0.707106781186546,0.,-0.707106781186549));
#9900=DIRECTION('center_axis',(1.,0.,0.));
#9901=DIRECTION('ref_axis',(0.,0.,1.));
#9902=DIRECTION('',(0.,-1.,0.));
#9903=DIRECTION('center_axis',(0.866025403784439,0.,-0.499999999999999));
#9904=DIRECTION('ref_axis',(0.499999999999999,0.,0.866025403784439));
#9905=DIRECTION('',(0.,-1.,0.));
#9906=DIRECTION('center_axis',(0.,0.,-1.));
#9907=DIRECTION('ref_axis',(1.,0.,0.));
#9908=DIRECTION('',(0.,-1.,0.));
#9909=DIRECTION('center_axis',(-0.866025403784439,0.,-0.5));
#9910=DIRECTION('ref_axis',(0.5,0.,-0.866025403784439));
#9911=DIRECTION('',(0.,-1.,0.));
#9912=DIRECTION('center_axis',(-1.,0.,-1.41953046855781E-16));
#9913=DIRECTION('ref_axis',(1.41953046855781E-16,0.,-1.));
#9914=DIRECTION('center_axis',(0.,0.,1.));
#9915=DIRECTION('ref_axis',(-0.74535599249993,-0.666666666666667,0.));
#9916=DIRECTION('center_axis',(0.,0.,1.));
#9917=DIRECTION('ref_axis',(-0.74535599249993,-0.666666666666667,0.));
#9918=DIRECTION('center_axis',(0.,0.,1.));
#9919=DIRECTION('ref_axis',(1.,0.,0.));
#9920=DIRECTION('center_axis',(0.,0.,-1.));
#9921=DIRECTION('ref_axis',(-1.,1.36642833800019E-15,0.));
#9922=DIRECTION('',(-1.,1.36642833800019E-15,0.));
#9923=DIRECTION('',(0.,1.,0.));
#9924=DIRECTION('',(-1.,5.07530525542929E-16,0.));
#9925=DIRECTION('',(0.,1.,0.));
#9926=DIRECTION('',(1.,9.86864910777918E-16,0.));
#9927=DIRECTION('center_axis',(0.,0.,-1.));
#9928=DIRECTION('ref_axis',(-1.,8.88178419700124E-15,0.));
#9929=DIRECTION('',(0.,1.,0.));
#9930=DIRECTION('center_axis',(-1.,0.,6.12323399573677E-17));
#9931=DIRECTION('ref_axis',(-8.1577864406813E-31,-1.,-1.33226762955018E-14));
#9932=DIRECTION('',(-1.,0.,3.41607084500048E-16));
#9933=DIRECTION('center_axis',(-1.,-1.75162308040602E-46,6.12323399573677E-17));
#9934=DIRECTION('ref_axis',(-8.1577864406813E-31,-1.,-1.33226762955018E-14));
#9935=DIRECTION('center_axis',(-1.,0.,-2.64581195529841E-15));
#9936=DIRECTION('ref_axis',(1.17497654064031E-29,-1.,-4.4408920985006E-15));
#9937=DIRECTION('center_axis',(0.,-1.,0.));
#9938=DIRECTION('ref_axis',(1.,0.,-1.43790148559706E-32));
#9939=DIRECTION('center_axis',(-8.19528043524785E-31,-1.,-1.33839086354592E-14));
#9940=DIRECTION('ref_axis',(1.,-2.45858413057435E-30,1.22464679914735E-16));
#9941=DIRECTION('',(0.,1.,0.));
#9942=DIRECTION('center_axis',(-2.34827133276007E-16,-1.,-6.12323399573677E-17));
#9943=DIRECTION('ref_axis',(1.,-2.34827133276007E-16,-1.43790148559706E-32));
#9944=DIRECTION('center_axis',(2.34827133276007E-16,1.,6.12323399573677E-17));
#9945=DIRECTION('ref_axis',(1.,-2.34827133276007E-16,-1.43790148559706E-32));
#9946=DIRECTION('',(-1.,0.,0.));
#9947=DIRECTION('',(1.11022302462516E-15,0.,1.));
#9948=DIRECTION('',(1.,0.,0.));
#9949=DIRECTION('center_axis',(2.34827133276007E-16,1.,6.12323399573677E-17));
#9950=DIRECTION('ref_axis',(-0.74535599249993,1.34208251017273E-16,0.666666666666666));
#9951=DIRECTION('',(-1.,5.46103130824319E-16,0.));
#9952=DIRECTION('',(0.,0.,1.));
#9953=DIRECTION('center_axis',(1.,0.,0.));
#9954=DIRECTION('ref_axis',(0.,1.,0.));
#9955=DIRECTION('',(0.,1.,0.));
#9956=DIRECTION('',(0.,0.,1.));
#9957=DIRECTION('center_axis',(9.86864910777918E-16,-1.,0.));
#9958=DIRECTION('ref_axis',(1.,9.86864910777918E-16,0.));
#9959=DIRECTION('',(1.,9.86864910777918E-16,0.));
#9960=DIRECTION('',(0.,0.,1.));
#9961=DIRECTION('center_axis',(0.,0.,-1.));
#9962=DIRECTION('ref_axis',(-1.,8.88178419700124E-15,0.));
#9963=DIRECTION('',(-2.22044604925031E-15,0.,1.));
#9964=DIRECTION('center_axis',(0.,0.,-1.));
#9965=DIRECTION('ref_axis',(-1.,8.88178419700124E-15,0.));
#9966=DIRECTION('center_axis',(1.,0.,2.64581195529841E-15));
#9967=DIRECTION('ref_axis',(-2.64581195529841E-15,0.,1.));
#9968=DIRECTION('',(1.61486985400023E-15,1.,0.));
#9969=DIRECTION('center_axis',(-1.,0.,-2.64581195529841E-15));
#9970=DIRECTION('ref_axis',(1.37080596408037E-29,-1.,-5.18104078158405E-15));
#9971=DIRECTION('',(-2.86687079047725E-15,0.,1.));
#9972=DIRECTION('',(0.,-1.,0.));
#9973=DIRECTION('',(-2.86687079047725E-15,0.,1.));
#9974=DIRECTION('center_axis',(1.22464679914735E-16,-1.,-6.12323399573677E-17));
#9975=DIRECTION('ref_axis',(1.,1.22464679914735E-16,1.22464679914735E-16));
#9976=DIRECTION('',(-1.15997940343656E-16,0.,1.));
#9977=DIRECTION('center_axis',(1.22464679914735E-16,-1.,-6.12323399573677E-17));
#9978=DIRECTION('ref_axis',(-1.,-1.22464679914735E-16,-7.49879891330929E-33));
#9979=DIRECTION('center_axis',(1.22464679914735E-16,-1.,-6.12323399573677E-17));
#9980=DIRECTION('ref_axis',(-1.,-1.22464679914735E-16,-7.49879891330929E-33));
#9981=DIRECTION('',(0.,0.,1.));
#9982=DIRECTION('',(0.965925826289068,0.,0.25881904510252));
#9983=DIRECTION('',(0.,0.,1.));
#9984=DIRECTION('',(0.499999999999999,0.,0.866025403784439));
#9985=DIRECTION('',(1.,0.,0.));
#9986=DIRECTION('',(0.5,0.,-0.866025403784439));
#9987=DIRECTION('',(1.41953046855781E-16,0.,-1.));
#9988=DIRECTION('',(0.965925826289068,0.,-0.25881904510252));
#9989=DIRECTION('',(-1.07507654642897E-15,0.,-1.));
#9990=DIRECTION('',(-1.,0.,0.));
#9991=DIRECTION('center_axis',(0.,0.,-1.));
#9992=DIRECTION('ref_axis',(1.,-1.22464679914735E-16,0.));
#9993=DIRECTION('center_axis',(-1.,0.,6.12323399573677E-17));
#9994=DIRECTION('ref_axis',(-8.1577864406813E-31,-1.,-1.33226762955018E-14));
#9995=DIRECTION('center_axis',(0.,0.,-1.));
#9996=DIRECTION('ref_axis',(-1.,0.,0.));
#9997=DIRECTION('',(-1.,0.,0.));
#9998=DIRECTION('',(0.,1.,0.));
#9999=DIRECTION('center_axis',(-1.,0.,1.05832478211936E-15));
#10000=DIRECTION('ref_axis',(-1.05832478211936E-15,0.,-1.));
#10001=DIRECTION('',(0.,-1.,0.));
#10002=DIRECTION('',(-1.07507654642897E-15,0.,-1.));
#10003=DIRECTION('center_axis',(-1.,0.,1.05832478211936E-15));
#10004=DIRECTION('ref_axis',(-3.91658846880104E-30,-1.,-3.70074341541718E-15));
#10005=DIRECTION('',(0.,1.,0.));
#10006=DIRECTION('center_axis',(-1.,0.,1.05832478211936E-15));
#10007=DIRECTION('ref_axis',(-4.69990616256123E-30,-1.,-4.4408920985006E-15));
#10008=DIRECTION('center_axis',(0.,0.,1.));
#10009=DIRECTION('ref_axis',(1.,0.,0.));
#10010=DIRECTION('',(1.,0.,0.));
#10011=DIRECTION('',(0.,1.,0.));
#10012=DIRECTION('center_axis',(0.,1.,0.));
#10013=DIRECTION('ref_axis',(-0.74535599249993,0.,0.666666666666667));
#10014=DIRECTION('center_axis',(8.19528043524785E-31,1.,1.33839086354592E-14));
#10015=DIRECTION('ref_axis',(-0.74535599249993,-8.9226057569728E-15,0.666666666666667));
#10016=DIRECTION('',(1.70803542250024E-15,1.,0.));
#10017=DIRECTION('center_axis',(0.,0.,1.));
#10018=DIRECTION('ref_axis',(1.,-1.68729082348269E-15,0.));
#10019=DIRECTION('',(1.,-3.37458164696537E-15,0.));
#10020=DIRECTION('center_axis',(-1.,0.,6.12323399573677E-17));
#10021=DIRECTION('ref_axis',(-3.17247250470941E-31,-1.,-5.18104078158405E-15));
#10022=DIRECTION('',(1.,0.,-4.21822705870672E-16));
#10023=DIRECTION('center_axis',(-1.,0.,6.12323399573677E-17));
#10024=DIRECTION('ref_axis',(-8.1577864406813E-31,-1.,-1.33226762955018E-14));
#10025=DIRECTION('center_axis',(1.22464679914735E-16,-1.,-6.12323399573677E-17));
#10026=DIRECTION('ref_axis',(1.,1.22464679914735E-16,1.22464679914735E-16));
#10027=DIRECTION('',(-2.31995880687312E-16,0.,1.));
#10028=DIRECTION('',(1.,0.,0.));
#10029=DIRECTION('',(0.965925826289068,0.,-0.25881904510252));
#10030=DIRECTION('',(1.41953046855781E-16,0.,-1.));
#10031=DIRECTION('',(0.5,0.,-0.866025403784439));
#10032=DIRECTION('',(1.,0.,0.));
#10033=DIRECTION('',(0.499999999999999,0.,0.866025403784439));
#10034=DIRECTION('',(0.,0.,1.));
#10035=DIRECTION('',(0.965925826289068,0.,0.25881904510252));
#10036=DIRECTION('',(0.,0.,1.));
#10037=DIRECTION('center_axis',(1.22464679914735E-16,-1.,-6.12323399573676E-17));
#10038=DIRECTION('ref_axis',(-1.,-1.22464679914735E-16,-7.49879891330929E-33));
#10039=DIRECTION('center_axis',(0.25881904510252,0.,-0.965925826289069));
#10040=DIRECTION('ref_axis',(0.965925826289069,0.,0.25881904510252));
#10041=DIRECTION('',(0.,-1.,0.));
#10042=DIRECTION('center_axis',(0.,0.,1.));
#10043=DIRECTION('ref_axis',(-1.,-1.22464679914735E-16,0.));
#10044=DIRECTION('center_axis',(0.,0.,1.));
#10045=DIRECTION('ref_axis',(0.,-1.,0.));
#10046=DIRECTION('center_axis',(0.577350269189629,0.577350269189624,0.577350269189624));
#10047=DIRECTION('ref_axis',(-0.707106781186548,0.,0.707106781186548));
#10048=DIRECTION('center_axis',(0.408248290463865,-0.816496580927726,0.408248290463861));
#10049=DIRECTION('ref_axis',(0.707106781186545,0.,-0.70710678118655));
#10050=DIRECTION('center_axis',(1.,0.,0.));
#10051=DIRECTION('ref_axis',(0.,0.,1.));
#10052=DIRECTION('',(0.,-1.,0.));
#10053=DIRECTION('center_axis',(0.866025403784439,0.,-0.499999999999999));
#10054=DIRECTION('ref_axis',(0.499999999999999,0.,0.866025403784439));
#10055=DIRECTION('',(0.,-1.,0.));
#10056=DIRECTION('center_axis',(0.,0.,-1.));
#10057=DIRECTION('ref_axis',(1.,0.,0.));
#10058=DIRECTION('',(0.,-1.,0.));
#10059=DIRECTION('center_axis',(-0.866025403784439,0.,-0.5));
#10060=DIRECTION('ref_axis',(0.5,0.,-0.866025403784439));
#10061=DIRECTION('',(0.,-1.,0.));
#10062=DIRECTION('center_axis',(-1.,0.,-1.41953046855781E-16));
#10063=DIRECTION('ref_axis',(1.41953046855781E-16,0.,-1.));
#10064=DIRECTION('',(0.,-1.,0.));
#10065=DIRECTION('center_axis',(-0.25881904510252,0.,-0.965925826289069));
#10066=DIRECTION('ref_axis',(0.965925826289069,0.,-0.25881904510252));
#10067=DIRECTION('center_axis',(-1.,0.,6.12323399573677E-17));
#10068=DIRECTION('ref_axis',(-6.79815536723442E-31,-1.,-1.11022302462515E-14));
#10069=DIRECTION('center_axis',(-1.,0.,6.12323399573677E-17));
#10070=DIRECTION('ref_axis',(-2.26605178907815E-31,-1.,-3.70074341541718E-15));
#10071=DIRECTION('center_axis',(-1.,-4.37905770101505E-47,6.12323399573677E-17));
#10072=DIRECTION('ref_axis',(-2.26605178907815E-31,-1.,-3.70074341541718E-15));
#10073=DIRECTION('center_axis',(0.,0.,1.));
#10074=DIRECTION('ref_axis',(-0.74535599249993,-0.666666666666667,0.));
#10075=DIRECTION('center_axis',(0.,0.,1.));
#10076=DIRECTION('ref_axis',(-0.74535599249993,-0.666666666666667,0.));
#10077=DIRECTION('center_axis',(0.,0.,1.));
#10078=DIRECTION('ref_axis',(-0.74535599249993,-0.666666666666667,0.));
#10079=DIRECTION('center_axis',(0.,0.,1.));
#10080=DIRECTION('ref_axis',(1.,0.,0.));
#10081=DIRECTION('center_axis',(1.22464679914735E-16,-1.22464679914735E-16,
1.));
#10082=DIRECTION('ref_axis',(-1.,0.,1.22464679914735E-16));
#10083=DIRECTION('',(-1.,0.,0.));
#10084=DIRECTION('',(0.,-1.,-1.70803542250024E-16));
#10085=DIRECTION('',(-1.,0.,0.));
#10086=DIRECTION('',(0.,-1.,-4.44089209850063E-16));
#10087=DIRECTION('',(1.,0.,0.));
#10088=DIRECTION('',(0.,1.,0.));
#10089=DIRECTION('',(-1.,9.86864910777919E-16,0.));
#10090=DIRECTION('center_axis',(-1.22464679914735E-16,1.22464679914735E-16,
-1.));
#10091=DIRECTION('ref_axis',(1.,1.49975978266186E-32,-1.22464679914735E-16));
#10092=DIRECTION('',(0.,-1.,0.));
#10093=DIRECTION('center_axis',(1.,-7.49879891330929E-33,-6.12323399573677E-17));
#10094=DIRECTION('ref_axis',(-2.11607581081196E-31,1.,-3.57827873550244E-15));
#10095=DIRECTION('',(-1.,0.,0.));
#10096=DIRECTION('center_axis',(1.,-7.49879891330923E-33,-6.12323399573677E-17));
#10097=DIRECTION('ref_axis',(-2.19106379994506E-31,1.,-3.70074341541718E-15));
#10098=DIRECTION('center_axis',(1.,-1.2960740568808E-31,9.35860102204627E-16));
#10099=DIRECTION('ref_axis',(3.5929855166735E-30,1.,-3.70074341541718E-15));
#10100=DIRECTION('center_axis',(-1.49975978266186E-32,-1.,-1.22464679914735E-16));
#10101=DIRECTION('ref_axis',(0.74535599249993,-8.16431199431567E-17,0.666666666666667));
#10102=DIRECTION('center_axis',(8.04530445698166E-31,-1.,1.32614439555444E-14));
#10103=DIRECTION('ref_axis',(0.74535599249993,8.8409626370296E-15,0.666666666666667));
#10104=DIRECTION('',(-1.70803542250024E-15,-1.,-1.70803542250024E-16));
#10105=DIRECTION('center_axis',(-2.34827133276007E-16,-1.,-6.12323399573676E-17));
#10106=DIRECTION('ref_axis',(0.74535599249993,-2.1585137096043E-16,0.666666666666666));
#10107=DIRECTION('center_axis',(-2.34827133276007E-16,-1.,-6.12323399573676E-17));
#10108=DIRECTION('ref_axis',(-1.,2.34827133276007E-16,1.22464679914735E-16));
#10109=DIRECTION('',(-2.22044604925031E-15,0.,-1.));
#10110=DIRECTION('',(1.,-1.36642833800019E-15,0.));
#10111=DIRECTION('center_axis',(2.34827133276007E-16,1.,6.12323399573676E-17));
#10112=DIRECTION('ref_axis',(-1.,2.34827133276007E-16,1.43790148559706E-32));
#10113=DIRECTION('',(1.,0.,0.));
#10114=DIRECTION('',(0.,0.,1.));
#10115=DIRECTION('',(-1.,3.37458164696537E-15,0.));
#10116=DIRECTION('center_axis',(1.,-1.2960740568808E-31,9.35860102204627E-16));
#10117=DIRECTION('ref_axis',(9.35860102204627E-16,1.22464679914735E-16,
-1.));
#10118=DIRECTION('',(0.,0.,-1.));
#10119=DIRECTION('',(0.,-1.,-4.44089209850063E-16));
#10120=DIRECTION('center_axis',(0.,-1.,0.));
#10121=DIRECTION('ref_axis',(1.,0.,0.));
#10122=DIRECTION('',(1.,0.,0.));
#10123=DIRECTION('',(0.,0.,1.));
#10124=DIRECTION('center_axis',(1.,0.,0.));
#10125=DIRECTION('ref_axis',(0.,1.,0.));
#10126=DIRECTION('',(0.,1.,0.));
#10127=DIRECTION('',(0.,0.,1.));
#10128=DIRECTION('center_axis',(9.86864910777919E-16,1.,0.));
#10129=DIRECTION('ref_axis',(-1.,9.86864910777919E-16,0.));
#10130=DIRECTION('',(-1.,9.86864910777919E-16,0.));
#10131=DIRECTION('',(0.,0.,1.));
#10132=DIRECTION('center_axis',(0.,0.,-1.));
#10133=DIRECTION('ref_axis',(1.,0.,0.));
#10134=DIRECTION('',(0.,0.,1.));
#10135=DIRECTION('center_axis',(-1.22464679914735E-16,1.22464679914735E-16,
-1.));
#10136=DIRECTION('ref_axis',(1.,1.49975978266186E-32,-1.22464679914735E-16));
#10137=DIRECTION('center_axis',(1.,-1.2960740568808E-31,9.35860102204627E-16));
#10138=DIRECTION('ref_axis',(9.35860102204627E-16,1.22464679914735E-16,
-1.));
#10139=DIRECTION('',(0.,-1.,0.));
#10140=DIRECTION('center_axis',(1.,-1.2960740568808E-31,9.35860102204627E-16));
#10141=DIRECTION('ref_axis',(4.28566113887057E-30,1.,-4.4408920985006E-15));
#10142=DIRECTION('',(7.16717697619313E-16,0.,-1.));
#10143=DIRECTION('',(0.,1.,0.));
#10144=DIRECTION('',(7.16717697619313E-16,0.,-1.));
#10145=DIRECTION('center_axis',(-1.22464679914735E-16,1.,6.12323399573677E-17));
#10146=DIRECTION('ref_axis',(-1.,-1.22464679914735E-16,2.44929359829471E-16));
#10147=DIRECTION('',(3.47993821030968E-16,0.,1.));
#10148=DIRECTION('',(-0.965925826289068,0.,-0.25881904510252));
#10149=DIRECTION('',(-2.83906093711563E-16,0.,-1.));
#10150=DIRECTION('',(-0.5,0.,-0.866025403784439));
#10151=DIRECTION('',(-1.,0.,0.));
#10152=DIRECTION('',(-0.499999999999999,0.,0.866025403784439));
#10153=DIRECTION('',(1.41953046855781E-16,0.,1.));
#10154=DIRECTION('',(-0.965925826289068,0.,0.25881904510252));
#10155=DIRECTION('',(2.86687079047725E-15,0.,1.));
#10156=DIRECTION('',(-1.,0.,-4.21822705870671E-16));
#10157=DIRECTION('',(1.15997940343656E-16,0.,1.));
#10158=DIRECTION('center_axis',(-1.22464679914735E-16,1.,6.12323399573677E-17));
#10159=DIRECTION('ref_axis',(1.,1.22464679914735E-16,7.49879891330929E-33));
#10160=DIRECTION('center_axis',(1.22464679914735E-16,-1.22464679914735E-16,
1.));
#10161=DIRECTION('ref_axis',(0.74535599249993,0.666666666666667,-9.63666310087684E-18));
#10162=DIRECTION('center_axis',(1.,-7.49879891330936E-33,-6.12323399573677E-17));
#10163=DIRECTION('ref_axis',(-8.08279845154821E-31,1.,-1.33226762955018E-14));
#10164=DIRECTION('center_axis',(1.22464679914735E-16,-1.22464679914735E-16,
1.));
#10165=DIRECTION('ref_axis',(-1.,1.68729082348269E-15,1.22464679914735E-16));
#10166=DIRECTION('',(-1.,3.37458164696537E-15,0.));
#10167=DIRECTION('',(-1.70803542250024E-15,-1.,-1.70803542250024E-16));
#10168=DIRECTION('center_axis',(-1.,-3.240185142202E-31,2.76827663521314E-15));
#10169=DIRECTION('ref_axis',(2.76827663521314E-15,-1.22464679914735E-16,
1.));
#10170=DIRECTION('',(2.86687079047725E-15,0.,1.));
#10171=DIRECTION('center_axis',(1.,3.24018514220193E-31,-2.76827663521314E-15));
#10172=DIRECTION('ref_axis',(-1.26176363500021E-29,1.,-4.4408920985006E-15));
#10173=DIRECTION('',(0.,-1.,-1.70803542250024E-16));
#10174=DIRECTION('center_axis',(1.,3.24018514220202E-31,-2.76827663521314E-15));
#10175=DIRECTION('ref_axis',(-1.46665726559658E-29,1.,-5.18104078158405E-15));
#10176=DIRECTION('',(0.,1.,0.));
#10177=DIRECTION('center_axis',(-1.22464679914735E-16,1.22464679914735E-16,
-1.));
#10178=DIRECTION('ref_axis',(1.,-1.36642833800019E-15,-1.22464679914735E-16));
#10179=DIRECTION('',(1.,-1.36642833800019E-15,0.));
#10180=DIRECTION('',(0.,-1.,-1.70803542250024E-16));
#10181=DIRECTION('center_axis',(1.49975978266186E-32,1.,1.22464679914735E-16));
#10182=DIRECTION('ref_axis',(-1.,1.01265709335973E-46,1.22464679914735E-16));
#10183=DIRECTION('center_axis',(-8.04530445698166E-31,1.,-1.32614439555444E-14));
#10184=DIRECTION('ref_axis',(-1.,8.19528043524776E-31,1.22464679914735E-16));
#10185=DIRECTION('',(0.,-1.,-1.70803542250024E-16));
#10186=DIRECTION('center_axis',(-1.22464679914735E-16,1.22464679914735E-16,
-1.));
#10187=DIRECTION('ref_axis',(1.,0.,-1.22464679914735E-16));
#10188=DIRECTION('',(1.,0.,0.));
#10189=DIRECTION('center_axis',(1.,-7.49879891330929E-33,-6.12323399573677E-17));
#10190=DIRECTION('ref_axis',(-6.64817938896826E-31,1.,-1.09797655663368E-14));
#10191=DIRECTION('',(1.,0.,0.));
#10192=DIRECTION('center_axis',(1.,-7.49879891330936E-33,-6.12323399573677E-17));
#10193=DIRECTION('ref_axis',(-8.08279845154821E-31,1.,-1.33226762955018E-14));
#10194=DIRECTION('center_axis',(-1.22464679914735E-16,1.,6.12323399573677E-17));
#10195=DIRECTION('ref_axis',(-1.,-1.22464679914735E-16,2.44929359829471E-16));
#10196=DIRECTION('',(2.31995880687312E-16,0.,1.));
#10197=DIRECTION('center_axis',(-1.22464679914735E-16,1.,6.12323399573677E-17));
#10198=DIRECTION('ref_axis',(1.,1.22464679914735E-16,7.49879891330929E-33));
#10199=DIRECTION('',(1.15997940343656E-16,0.,1.));
#10200=DIRECTION('',(1.,0.,0.));
#10201=DIRECTION('',(-0.965925826289068,0.,0.25881904510252));
#10202=DIRECTION('',(1.41953046855781E-16,0.,1.));
#10203=DIRECTION('',(-0.499999999999999,0.,0.866025403784439));
#10204=DIRECTION('',(-1.,0.,0.));
#10205=DIRECTION('',(-0.5,0.,-0.866025403784439));
#10206=DIRECTION('',(-2.83906093711563E-16,0.,-1.));
#10207=DIRECTION('',(-0.965925826289068,0.,-0.25881904510252));
#10208=DIRECTION('center_axis',(0.25881904510252,1.18291797137867E-16,-0.965925826289069));
#10209=DIRECTION('ref_axis',(-0.965925826289069,3.16961915143176E-17,-0.25881904510252));
#10210=DIRECTION('',(0.,1.,0.));
#10211=DIRECTION('center_axis',(1.22464679914735E-16,-1.22464679914735E-16,
1.));
#10212=DIRECTION('ref_axis',(0.74535599249993,0.666666666666667,-9.63666310087684E-18));
#10213=DIRECTION('center_axis',(1.22464679914735E-16,-1.22464679914735E-16,
1.));
#10214=DIRECTION('ref_axis',(0.74535599249993,0.666666666666667,-9.63666310087684E-18));
#10215=DIRECTION('center_axis',(1.,1.73842344461147E-32,-2.64417726770517E-16));
#10216=DIRECTION('ref_axis',(-2.64417726770517E-16,1.22464679914735E-16,
-1.));
#10217=DIRECTION('',(0.,1.,0.));
#10218=DIRECTION('center_axis',(0.866025403784438,6.12323399573677E-17,
-0.5));
#10219=DIRECTION('ref_axis',(-0.5,1.06057523872491E-16,-0.866025403784438));
#10220=DIRECTION('',(0.,1.,0.));
#10221=DIRECTION('center_axis',(-1.22464679914735E-16,1.22464679914735E-16,
-1.));
#10222=DIRECTION('ref_axis',(-1.,0.,1.22464679914735E-16));
#10223=DIRECTION('',(0.,1.,0.));
#10224=DIRECTION('center_axis',(-0.866025403784439,6.12323399573676E-17,
-0.499999999999999));
#10225=DIRECTION('ref_axis',(-0.499999999999999,-1.06057523872491E-16,0.866025403784439));
#10226=DIRECTION('',(0.,1.,0.));
#10227=DIRECTION('center_axis',(-1.,0.,1.22464679914735E-16));
#10228=DIRECTION('ref_axis',(1.22464679914735E-16,-1.22464679914735E-16,
1.));
#10229=DIRECTION('',(0.,1.,0.));
#10230=DIRECTION('center_axis',(-0.25881904510252,1.18291797137867E-16,
-0.965925826289069));
#10231=DIRECTION('ref_axis',(-0.965925826289069,-3.16961915143176E-17,0.25881904510252));
#10232=DIRECTION('center_axis',(1.,-7.49879891330929E-33,-6.12323399573677E-17));
#10233=DIRECTION('ref_axis',(-3.02249652644322E-31,1.,-5.05857610166932E-15));
#10234=DIRECTION('center_axis',(0.,0.,1.));
#10235=DIRECTION('ref_axis',(1.,0.,0.));
#10236=DIRECTION('center_axis',(1.,-7.49879891330929E-33,-6.12323399573677E-17));
#10237=DIRECTION('ref_axis',(-8.00781046241514E-31,1.,-1.32002116155871E-14));
#10238=DIRECTION('center_axis',(1.,-7.49879891330919E-33,-6.12323399573677E-17));
#10239=DIRECTION('ref_axis',(-8.08279845154821E-31,1.,-1.33226762955018E-14));
#10240=DIRECTION('center_axis',(-1.22464679914735E-16,1.22464679914735E-16,
-1.));
#10241=DIRECTION('ref_axis',(-1.,1.22464679914735E-16,1.22464679914735E-16));
#10242=DIRECTION('center_axis',(1.22464679914735E-16,-1.22464679914735E-16,
1.));
#10243=DIRECTION('ref_axis',(1.,1.22464679914735E-16,-1.22464679914735E-16));
#10244=DIRECTION('center_axis',(1.22464679914735E-16,-1.22464679914735E-16,
1.));
#10245=DIRECTION('ref_axis',(1.49975978266186E-32,1.,1.22464679914735E-16));
#10246=DIRECTION('center_axis',(0.577350269189629,0.577350269189624,0.577350269189624));
#10247=DIRECTION('ref_axis',(0.,0.707106781186548,-0.707106781186548));
#10248=DIRECTION('',(0.,0.,1.));
#10249=DIRECTION('',(1.,0.,0.));
#10250=DIRECTION('',(0.,0.,1.));
#10251=DIRECTION('',(1.,0.,0.));
#10252=DIRECTION('',(0.,0.,1.));
#10253=DIRECTION('',(1.,0.,0.));
#10254=CARTESIAN_POINT('',(0.,0.,0.));
#10255=CARTESIAN_POINT('',(0.,0.,0.));
#10256=CARTESIAN_POINT('Origin',(0.,8.88178419700125E-16,0.));
#10257=CARTESIAN_POINT('',(7.34788079488412E-16,-1.5,5.));
#10258=CARTESIAN_POINT('Origin',(9.18485099360515E-16,5.82016719913287E-16,
5.));
#10259=CARTESIAN_POINT('',(-4.95981953654678E-16,-1.5,-1.7));
#10260=CARTESIAN_POINT('',(-1.83697019872103E-16,-1.5,-9.18485099360515E-17));
#10261=CARTESIAN_POINT('Origin',(-3.88980103888432E-16,9.9227339762765E-16,
-1.7));
#10262=CARTESIAN_POINT('Origin',(5.45,-1.15,-0.4));
#10263=CARTESIAN_POINT('',(5.45,1.15,-0.4));
#10264=CARTESIAN_POINT('',(5.45,1.15,-2.77555756156289E-16));
#10265=CARTESIAN_POINT('',(5.45,1.15,-0.4));
#10266=CARTESIAN_POINT('',(5.45,-1.15,-3.88578058618805E-16));
#10267=CARTESIAN_POINT('',(5.45,-1.15,-3.88578058618805E-16));
#10268=CARTESIAN_POINT('',(5.45,-1.15,-0.4));
#10269=CARTESIAN_POINT('',(5.45,-1.15,-0.4));
#10270=CARTESIAN_POINT('',(5.45,-4.55,-0.4));
#10271=CARTESIAN_POINT('',(5.45,-4.55,-0.4));
#10272=CARTESIAN_POINT('',(5.45,-4.55,-1.7));
#10273=CARTESIAN_POINT('',(5.45,-4.55,-1.7));
#10274=CARTESIAN_POINT('',(5.45,4.55,-1.7));
#10275=CARTESIAN_POINT('',(5.45,-4.55,-1.7));
#10276=CARTESIAN_POINT('',(5.45,4.55,-0.399999999999999));
#10277=CARTESIAN_POINT('',(5.45,4.55,-1.7));
#10278=CARTESIAN_POINT('',(5.45,1.15,-0.4));
#10279=CARTESIAN_POINT('Origin',(-5.45,1.15,-0.4));
#10280=CARTESIAN_POINT('',(-5.45,-1.15,-0.4));
#10281=CARTESIAN_POINT('',(-5.45,-1.15,2.77555756156289E-16));
#10282=CARTESIAN_POINT('',(-5.45,-1.15,-0.4));
#10283=CARTESIAN_POINT('',(-5.45,1.15,3.88578058618805E-16));
#10284=CARTESIAN_POINT('',(-5.45,1.15,3.88578058618805E-16));
#10285=CARTESIAN_POINT('',(-5.45,1.15,-0.4));
#10286=CARTESIAN_POINT('',(-5.45,1.15,-0.4));
#10287=CARTESIAN_POINT('',(-5.45,4.55,-0.4));
#10288=CARTESIAN_POINT('',(-5.45,4.55,-0.4));
#10289=CARTESIAN_POINT('',(-5.45,4.55,-1.7));
#10290=CARTESIAN_POINT('',(-5.45,4.55,-1.7));
#10291=CARTESIAN_POINT('',(-5.45,-4.55,-1.7));
#10292=CARTESIAN_POINT('',(-5.45,4.55,-1.7));
#10293=CARTESIAN_POINT('',(-5.45,-4.55,-0.400000000000001));
#10294=CARTESIAN_POINT('',(-5.45,-4.55,-1.7));
#10295=CARTESIAN_POINT('',(-5.45,-1.15,-0.4));
#10296=CARTESIAN_POINT('Origin',(-4.6858214583301E-16,9.12671355683072E-16,
-0.4));
#10297=CARTESIAN_POINT('',(4.11741727300015,-1.15,-0.4));
#10298=CARTESIAN_POINT('',(-4.11741727300015,-1.15,-0.4));
#10299=CARTESIAN_POINT('Origin',(-4.6858214583301E-16,9.12671355683072E-16,
-0.4));
#10300=CARTESIAN_POINT('',(4.11741727300015,-1.15,-3.33066907387547E-16));
#10301=CARTESIAN_POINT('',(4.11741727300015,-1.15,-0.4));
#10302=CARTESIAN_POINT('',(-4.11741727300015,-1.15,1.66533453693773E-16));
#10303=CARTESIAN_POINT('Origin',(-4.44089209850063E-16,8.88178419700125E-16,
2.71926214689378E-32));
#10304=CARTESIAN_POINT('',(-4.11741727300015,-1.15,-0.4));
#10305=CARTESIAN_POINT('Origin',(-5.45,-1.15,-0.4));
#10306=CARTESIAN_POINT('',(-4.11741727300015,-1.15,-0.4));
#10307=CARTESIAN_POINT('',(-5.45,-1.15,2.77555756156289E-16));
#10308=CARTESIAN_POINT('Origin',(-4.11741727300015,1.15,-0.4));
#10309=CARTESIAN_POINT('',(-4.11741727300015,1.15,-0.4));
#10310=CARTESIAN_POINT('',(-5.45,1.15,-0.4));
#10311=CARTESIAN_POINT('',(-4.11741727300015,1.15,3.33066907387547E-16));
#10312=CARTESIAN_POINT('',(-4.11741727300015,1.15,3.33066907387547E-16));
#10313=CARTESIAN_POINT('',(-4.11741727300015,1.15,-0.4));
#10314=CARTESIAN_POINT('Origin',(-2.44929359829471E-17,-8.63685483717178E-16,
-0.4));
#10315=CARTESIAN_POINT('',(4.11741727300015,1.15,-0.4));
#10316=CARTESIAN_POINT('Origin',(-2.44929359829471E-17,-8.63685483717178E-16,
-0.4));
#10317=CARTESIAN_POINT('',(4.11741727300015,1.15,-1.66533453693773E-16));
#10318=CARTESIAN_POINT('Origin',(-9.99040705270809E-48,-8.88178419700125E-16,
-1.08770485875751E-31));
#10319=CARTESIAN_POINT('',(4.11741727300015,1.15,-0.4));
#10320=CARTESIAN_POINT('Origin',(5.45,1.15,-0.4));
#10321=CARTESIAN_POINT('',(4.11741727300015,1.15,-0.4));
#10322=CARTESIAN_POINT('',(5.45,1.15,-2.77555756156289E-16));
#10323=CARTESIAN_POINT('Origin',(4.11741727300015,-1.15,-0.4));
#10324=CARTESIAN_POINT('',(5.45,-1.15,-0.4));
#10325=CARTESIAN_POINT('',(4.11741727300015,-1.15,-3.33066907387547E-16));
#10326=CARTESIAN_POINT('Origin',(-2.44929359829471E-17,2.44929359829471E-17,
-0.4));
#10327=CARTESIAN_POINT('',(-5.85,-4.55,-0.400000000000001));
#10328=CARTESIAN_POINT('',(-5.45,-4.55,-0.400000000000001));
#10329=CARTESIAN_POINT('',(-5.85,-5.,-0.4));
#10330=CARTESIAN_POINT('',(-5.85,-4.55,-0.400000000000001));
#10331=CARTESIAN_POINT('',(-4.85,-6.,-0.400000000000001));
#10332=CARTESIAN_POINT('Origin',(-4.85,-5.,-0.400000000000001));
#10333=CARTESIAN_POINT('',(4.85,-6.,-0.4));
#10334=CARTESIAN_POINT('',(-4.85,-6.,-0.400000000000001));
#10335=CARTESIAN_POINT('',(5.85,-5.,-0.4));
#10336=CARTESIAN_POINT('Origin',(4.85,-5.,-0.4));
#10337=CARTESIAN_POINT('',(5.85,-4.55,-0.4));
#10338=CARTESIAN_POINT('',(5.85,-5.,-0.4));
#10339=CARTESIAN_POINT('',(5.85,-4.55,-0.4));
#10340=CARTESIAN_POINT('Origin',(-2.44929359829471E-17,2.44929359829471E-17,
-0.4));
#10341=CARTESIAN_POINT('',(5.85,4.55,-0.399999999999999));
#10342=CARTESIAN_POINT('',(5.45,4.55,-0.399999999999999));
#10343=CARTESIAN_POINT('',(5.85,5.,-0.399999999999999));
#10344=CARTESIAN_POINT('',(5.85,4.55,-0.399999999999999));
#10345=CARTESIAN_POINT('',(4.85,6.,-0.399999999999999));
#10346=CARTESIAN_POINT('Origin',(4.85,5.,-0.399999999999999));
#10347=CARTESIAN_POINT('',(-4.85,6.,-0.4));
#10348=CARTESIAN_POINT('',(4.85,6.,-0.399999999999999));
#10349=CARTESIAN_POINT('',(-5.85,5.,-0.4));
#10350=CARTESIAN_POINT('Origin',(-4.85,5.,-0.4));
#10351=CARTESIAN_POINT('',(-5.85,4.55,-0.4));
#10352=CARTESIAN_POINT('',(-5.85,5.,-0.4));
#10353=CARTESIAN_POINT('',(-5.85,4.55,-0.4));
#10354=CARTESIAN_POINT('Origin',(9.18485099360515E-16,5.82016719913287E-16,
5.));
#10355=CARTESIAN_POINT('',(5.51091059616309E-16,-3.,5.));
#10356=CARTESIAN_POINT('Origin',(9.18485099360515E-16,5.82016719913287E-16,
5.));
#10357=CARTESIAN_POINT('Origin',(5.51091059616309E-17,1.04094977927525E-16,
-1.7));
#10358=CARTESIAN_POINT('',(-4.85,-6.,-1.7));
#10359=CARTESIAN_POINT('',(4.85,-6.,-1.7));
#10360=CARTESIAN_POINT('',(-4.85,-6.,-1.7));
#10361=CARTESIAN_POINT('',(-5.85,-5.,-1.7));
#10362=CARTESIAN_POINT('Origin',(-4.85,-5.,-1.7));
#10363=CARTESIAN_POINT('',(-5.85,-4.55,-1.7));
#10364=CARTESIAN_POINT('',(-5.85,-4.55,-1.7));
#10365=CARTESIAN_POINT('',(-5.45,-4.55,-1.7));
#10366=CARTESIAN_POINT('',(-5.85,4.55,-1.7));
#10367=CARTESIAN_POINT('',(-5.85,4.55,-1.7));
#10368=CARTESIAN_POINT('',(-5.85,5.,-1.7));
#10369=CARTESIAN_POINT('',(-5.85,5.,-1.7));
#10370=CARTESIAN_POINT('',(-4.85,6.,-1.7));
#10371=CARTESIAN_POINT('Origin',(-4.85,5.,-1.7));
#10372=CARTESIAN_POINT('',(4.85,6.,-1.7));
#10373=CARTESIAN_POINT('',(4.85,6.,-1.7));
#10374=CARTESIAN_POINT('',(5.85,5.,-1.7));
#10375=CARTESIAN_POINT('Origin',(4.85,5.,-1.7));
#10376=CARTESIAN_POINT('',(5.85,4.55,-1.7));
#10377=CARTESIAN_POINT('',(5.85,4.55,-1.7));
#10378=CARTESIAN_POINT('',(5.45,4.55,-1.7));
#10379=CARTESIAN_POINT('',(5.85,-4.55,-1.7));
#10380=CARTESIAN_POINT('',(5.85,-4.55,-1.7));
#10381=CARTESIAN_POINT('',(5.85,-5.,-1.7));
#10382=CARTESIAN_POINT('',(5.85,-5.,-1.7));
#10383=CARTESIAN_POINT('Origin',(4.85,-5.,-1.7));
#10384=CARTESIAN_POINT('Origin',(-9.99040705270809E-48,0.,-5.43852429378756E-32));
#10385=CARTESIAN_POINT('',(-4.28626379701574E-16,-3.5,-5.55111512312578E-16));
#10386=CARTESIAN_POINT('Origin',(9.86076131526265E-32,8.88178419700125E-16,
-1.09476442525376E-47));
#10387=CARTESIAN_POINT('Origin',(5.85,-4.55,-1.7));
#10388=CARTESIAN_POINT('',(5.85,-4.55,-1.7));
#10389=CARTESIAN_POINT('Origin',(5.45,4.55,-1.7));
#10390=CARTESIAN_POINT('',(5.85,4.55,-1.7));
#10391=CARTESIAN_POINT('Origin',(-5.85,4.55,-1.7));
#10392=CARTESIAN_POINT('',(-5.85,4.55,-1.7));
#10393=CARTESIAN_POINT('Origin',(-5.45,-4.55,-1.7));
#10394=CARTESIAN_POINT('',(-5.85,-4.55,-1.7));
#10395=CARTESIAN_POINT('Origin',(-5.85,-4.55,-1.7));
#10396=CARTESIAN_POINT('',(-5.85,-5.,-1.7));
#10397=CARTESIAN_POINT('Origin',(-4.85,-5.,-1.7));
#10398=CARTESIAN_POINT('',(-4.85,-6.,-1.7));
#10399=CARTESIAN_POINT('Origin',(-4.85,-6.,-1.7));
#10400=CARTESIAN_POINT('',(4.85,-6.,-1.7));
#10401=CARTESIAN_POINT('Origin',(4.85,-5.,-1.7));
#10402=CARTESIAN_POINT('',(5.85,-5.,-1.7));
#10403=CARTESIAN_POINT('Origin',(5.85,-5.,-1.7));
#10404=CARTESIAN_POINT('Origin',(5.85,4.55,-1.7));
#10405=CARTESIAN_POINT('',(5.85,5.,-1.7));
#10406=CARTESIAN_POINT('Origin',(4.85,5.,-1.7));
#10407=CARTESIAN_POINT('',(4.85,6.,-1.7));
#10408=CARTESIAN_POINT('Origin',(4.85,6.,-1.7));
#10409=CARTESIAN_POINT('',(-4.85,6.,-1.7));
#10410=CARTESIAN_POINT('Origin',(-4.85,5.,-1.7));
#10411=CARTESIAN_POINT('',(-5.85,5.,-1.7));
#10412=CARTESIAN_POINT('Origin',(-5.85,5.,-1.7));
#10413=CARTESIAN_POINT('Origin',(8.72560844392489E-16,5.97324804902629E-16,
4.75));
#10414=CARTESIAN_POINT('',(3.98010209722889E-16,-3.5,4.5));
#10415=CARTESIAN_POINT('Origin',(8.26636589424463E-16,6.12632889891971E-16,
4.5));
#10416=CARTESIAN_POINT('',(4.74550634669599E-16,-3.25,4.75));
#10417=CARTESIAN_POINT('Origin',(8.26636589424463E-16,6.12632889891971E-16,
4.5));
#10418=CARTESIAN_POINT('',(3.98010209722889E-16,-3.5,4.5));
#10419=CARTESIAN_POINT('',(0.,0.,0.));
#10420=CARTESIAN_POINT('Origin',(0.0113669319062845,0.0454677276251395,
5.8));
#10421=CARTESIAN_POINT('',(-2.95441499684132,-0.52099138806618,5.8));
#10422=CARTESIAN_POINT('',(1.02610513849352,2.819061589387,5.8));
#10423=CARTESIAN_POINT('Origin',(3.55147571752732E-16,-2.80444117004744E-15,
5.8));
#10424=CARTESIAN_POINT('',(-1.94475552560897,0.326213501859528,5.8));
#10425=CARTESIAN_POINT('Origin',(-2.95441499684132,-0.520991388066182,3.));
#10426=CARTESIAN_POINT('',(-2.95441499684132,-0.52099138806618,9.));
#10427=CARTESIAN_POINT('',(-2.95441499684132,-0.52099138806618,9.));
#10428=CARTESIAN_POINT('',(-1.9775722631406,0.29867698950029,10.));
#10429=CARTESIAN_POINT('Ctrl Pts',(-1.9775722631406,0.29867698950029,10.));
#10430=CARTESIAN_POINT('Ctrl Pts',(-1.98702462189106,0.290745518759028,
9.9918380142806));
#10431=CARTESIAN_POINT('Ctrl Pts',(-2.0060667589868,0.274767268545163,9.9752660440961));
#10432=CARTESIAN_POINT('Ctrl Pts',(-2.03476806545818,0.250684012870723,
9.9499098859643));
#10433=CARTESIAN_POINT('Ctrl Pts',(-2.06406497157869,0.226100989750367,
9.9236507678743));
#10434=CARTESIAN_POINT('Ctrl Pts',(-2.09395291028498,0.201022031405273,
9.8964829549648));
#10435=CARTESIAN_POINT('Ctrl Pts',(-2.12859039873305,0.171957727623589,
9.8645659442149));
#10436=CARTESIAN_POINT('Ctrl Pts',(-2.1680789206853,0.138822923417716,9.8276015781806));
#10437=CARTESIAN_POINT('Ctrl Pts',(-2.2126894549395,0.1013902405784,9.7851093821253));
#10438=CARTESIAN_POINT('Ctrl Pts',(-2.25505998468267,0.0658371446981162,
9.7440738508081));
#10439=CARTESIAN_POINT('Ctrl Pts',(-2.29524630717858,0.0321168163134312,
9.7046027322196));
#10440=CARTESIAN_POINT('Ctrl Pts',(-2.33364069930236,-9.99039569113463E-5,
9.6664369214815));
#10441=CARTESIAN_POINT('Ctrl Pts',(-2.37359892683716,-0.0336288379438586,
9.6262428154708));
#10442=CARTESIAN_POINT('Ctrl Pts',(-2.41545172073123,-0.0687475018641093,
9.583652184126));
#10443=CARTESIAN_POINT('Ctrl Pts',(-2.45884005867634,-0.10515464023125,
9.538997021514));
#10444=CARTESIAN_POINT('Ctrl Pts',(-2.50409318445524,-0.143126521381943,
9.4919055975069));
#10445=CARTESIAN_POINT('Ctrl Pts',(-2.55051763273631,-0.182081258812199,
9.4430759916015));
#10446=CARTESIAN_POINT('Ctrl Pts',(-2.59811142619918,-0.222017193353214,
9.3925025786803));
#10447=CARTESIAN_POINT('Ctrl Pts',(-2.64653673840985,-0.262650854968839,
9.3405436319664));
#10448=CARTESIAN_POINT('Ctrl Pts',(-2.69613515836377,-0.304268870859144,
9.286830547836));
#10449=CARTESIAN_POINT('Ctrl Pts',(-2.74657055718477,-0.346589195408123,
9.231725932371));
#10450=CARTESIAN_POINT('Ctrl Pts',(-2.79785033329164,-0.389618036626252,
9.1752268545581));
#10451=CARTESIAN_POINT('Ctrl Pts',(-2.84964333816429,-0.433077527912455,
9.1177083039508));
#10452=CARTESIAN_POINT('Ctrl Pts',(-2.90195536063533,-0.476972526674047,
9.0591769616798));
#10453=CARTESIAN_POINT('Ctrl Pts',(-2.93688860055706,-0.506284995408197,
9.0198138405167));
#10454=CARTESIAN_POINT('Ctrl Pts',(-2.95441499684132,-0.520991388066181,
9.));
#10455=CARTESIAN_POINT('',(0.0492624047928038,1.99939321182053,10.));
#10456=CARTESIAN_POINT('',(-1.9775722631406,0.298676989500291,10.));
#10457=CARTESIAN_POINT('',(1.02610513849352,2.819061589387,9.));
#10458=CARTESIAN_POINT('Ctrl Pts',(0.0492624047928037,1.99939321182053,
10.));
#10459=CARTESIAN_POINT('Ctrl Pts',(0.0587147635432591,2.00732468256179,
9.9918380142806));
#10460=CARTESIAN_POINT('Ctrl Pts',(0.0777569006390037,2.02330293277566,
9.9752660440961));
#10461=CARTESIAN_POINT('Ctrl Pts',(0.106458207110383,2.0473861884501,9.9499098859643));
#10462=CARTESIAN_POINT('Ctrl Pts',(0.135755113230894,2.07196921157045,9.9236507678743));
#10463=CARTESIAN_POINT('Ctrl Pts',(0.165643051937181,2.09704816991555,9.8964829549649));
#10464=CARTESIAN_POINT('Ctrl Pts',(0.200280540385255,2.12611247369723,9.8645659442149));
#10465=CARTESIAN_POINT('Ctrl Pts',(0.239769062337507,2.15924727790311,9.8276015781806));
#10466=CARTESIAN_POINT('Ctrl Pts',(0.284379596591705,2.19667996074242,9.7851093821253));
#10467=CARTESIAN_POINT('Ctrl Pts',(0.326750126334877,2.23223305662271,9.7440738508081));
#10468=CARTESIAN_POINT('Ctrl Pts',(0.366936448830787,2.2659533850074,9.7046027322196));
#10469=CARTESIAN_POINT('Ctrl Pts',(0.405330840954564,2.29817010527773,9.6664369214815));
#10470=CARTESIAN_POINT('Ctrl Pts',(0.445289068489368,2.33169903926468,9.6262428154708));
#10471=CARTESIAN_POINT('Ctrl Pts',(0.487141862383431,2.36681770318493,9.583652184126));
#10472=CARTESIAN_POINT('Ctrl Pts',(0.530530200328549,2.40322484155207,9.538997021514));
#10473=CARTESIAN_POINT('Ctrl Pts',(0.575783326107446,2.44119672270276,9.4919055975069));
#10474=CARTESIAN_POINT('Ctrl Pts',(0.62220777438852,2.48015146013302,9.4430759916015));
#10475=CARTESIAN_POINT('Ctrl Pts',(0.66980156785138,2.52008739467404,9.3925025786803));
#10476=CARTESIAN_POINT('Ctrl Pts',(0.718226880062059,2.56072105628966,9.3405436319664));
#10477=CARTESIAN_POINT('Ctrl Pts',(0.767825300015972,2.60233907217997,9.2868305478359));
#10478=CARTESIAN_POINT('Ctrl Pts',(0.81826069883697,2.64465939672894,9.231725932371));
#10479=CARTESIAN_POINT('Ctrl Pts',(0.869540474943843,2.68768823794708,9.1752268545581));
#10480=CARTESIAN_POINT('Ctrl Pts',(0.921333479816491,2.73114772923328,9.1177083039508));
#10481=CARTESIAN_POINT('Ctrl Pts',(0.973645502287538,2.77504272799487,9.0591769616798));
#10482=CARTESIAN_POINT('Ctrl Pts',(1.00857874220927,2.80435519672902,9.0198138405167));
#10483=CARTESIAN_POINT('Ctrl Pts',(1.02610513849352,2.819061589387,9.));
#10484=CARTESIAN_POINT('',(1.02610513849352,2.819061589387,9.));
#10485=CARTESIAN_POINT('Origin',(6.12323399573677E-16,-3.06161699786838E-15,
10.));
#10486=CARTESIAN_POINT('Origin',(6.12323399573677E-16,-3.06161699786838E-15,
10.));
#10487=CARTESIAN_POINT('Origin',(5.81707229594993E-16,-3.0310008278897E-15,
9.5));
#10488=CARTESIAN_POINT('Origin',(5.51091059616309E-16,-3.00038465791101E-15,
9.));
#10489=CARTESIAN_POINT('Origin',(5.51091059616309E-16,-3.00038465791101E-15,
9.));
#10490=CARTESIAN_POINT('Origin',(-1.04094977927525E-16,-2.34519862036718E-15,
-1.7));
#10491=CARTESIAN_POINT('',(7.96020419445776E-17,1.5,-1.7));
#10492=CARTESIAN_POINT('Origin',(-1.04094977927525E-16,-2.34519862036718E-15,
-1.7));
#10493=CARTESIAN_POINT('Origin',(3.36777869765522E-16,-2.78607146806023E-15,
5.5));
#10494=CARTESIAN_POINT('',(5.20474889637625E-16,1.5,5.5));
#10495=CARTESIAN_POINT('',(5.20474889637625E-16,1.5,5.5));
#10496=CARTESIAN_POINT('Origin',(3.36777869765522E-16,-2.78607146806023E-15,
5.5));
#10497=CARTESIAN_POINT('Origin',(3.36777869765522E-16,-2.78607146806023E-15,
5.5));
#10498=CARTESIAN_POINT('',(7.04171909509728E-16,3.,5.5));
#10499=CARTESIAN_POINT('Origin',(3.36777869765522E-16,-2.78607146806023E-15,
5.5));
#10500=CARTESIAN_POINT('Origin',(8.57252759403147E-16,-3.30654635769785E-15,
14.));
#10501=CARTESIAN_POINT('',(7.22541611496938E-16,3.,5.8));
#10502=CARTESIAN_POINT('',(1.22464679914735E-15,3.,14.));
#10503=CARTESIAN_POINT('Origin',(3.55147571752732E-16,-2.80444117004744E-15,
5.8));
#10504=CARTESIAN_POINT('Origin',(0.0113669319062843,0.0454677276251397,
5.8));
#10505=CARTESIAN_POINT('',(0.,0.,0.));
#10506=CARTESIAN_POINT('Origin',(-4.85,-6.,-2.8));
#10507=CARTESIAN_POINT('',(-4.85,-6.,-2.8));
#10508=CARTESIAN_POINT('',(4.85,-6.,-2.8));
#10509=CARTESIAN_POINT('',(-4.85,-6.,-2.8));
#10510=CARTESIAN_POINT('',(4.85,-6.,0.));
#10511=CARTESIAN_POINT('',(4.85,-6.,-2.8));
#10512=CARTESIAN_POINT('',(-4.85,-6.,0.));
#10513=CARTESIAN_POINT('',(-4.85,-6.,0.));
#10514=CARTESIAN_POINT('',(-4.85,-6.,-2.8));
#10515=CARTESIAN_POINT('',(1.25,-6.,-0.9));
#10516=CARTESIAN_POINT('',(-1.25,-6.,-0.9));
#10517=CARTESIAN_POINT('',(1.25,-6.,-0.9));
#10518=CARTESIAN_POINT('',(1.25,-6.,-2.1));
#10519=CARTESIAN_POINT('',(1.25,-6.,-2.1));
#10520=CARTESIAN_POINT('',(-1.25,-6.,-2.1));
#10521=CARTESIAN_POINT('',(-1.25,-6.,-2.1));
#10522=CARTESIAN_POINT('',(-1.25,-6.,-0.9));
#10523=CARTESIAN_POINT('Origin',(1.25,-6.,-2.1));
#10524=CARTESIAN_POINT('',(1.25,-6.3,-0.9));
#10525=CARTESIAN_POINT('',(1.25,-6.,-0.9));
#10526=CARTESIAN_POINT('',(1.25,-6.3,-2.1));
#10527=CARTESIAN_POINT('',(1.25,-6.3,-2.1));
#10528=CARTESIAN_POINT('',(1.25,-6.,-2.1));
#10529=CARTESIAN_POINT('Origin',(-1.25,-6.,-2.1));
#10530=CARTESIAN_POINT('',(-1.25,-6.3,-2.1));
#10531=CARTESIAN_POINT('',(-1.25,-6.3,-2.1));
#10532=CARTESIAN_POINT('',(-1.25,-6.,-2.1));
#10533=CARTESIAN_POINT('Origin',(-1.25,-6.,-0.9));
#10534=CARTESIAN_POINT('',(-1.25,-6.3,-0.9));
#10535=CARTESIAN_POINT('',(-1.25,-6.3,-0.9));
#10536=CARTESIAN_POINT('',(-1.25,-6.,-0.9));
#10537=CARTESIAN_POINT('Origin',(1.25,-6.,-0.9));
#10538=CARTESIAN_POINT('',(1.25,-6.3,-0.9));
#10539=CARTESIAN_POINT('Origin',(0.,0.,-2.8));
#10540=CARTESIAN_POINT('',(5.45,-2.15,-2.8));
#10541=CARTESIAN_POINT('',(3.85,-2.15,-2.8));
#10542=CARTESIAN_POINT('',(5.45,-2.15,-2.8));
#10543=CARTESIAN_POINT('',(2.75,-3.25,-2.8));
#10544=CARTESIAN_POINT('',(3.85,-2.15,-2.8));
#10545=CARTESIAN_POINT('',(2.75,-4.55,-2.8));
#10546=CARTESIAN_POINT('',(2.75,-3.25,-2.8));
#10547=CARTESIAN_POINT('',(5.85,-4.55,-2.8));
#10548=CARTESIAN_POINT('',(2.75,-4.55,-2.8));
#10549=CARTESIAN_POINT('',(5.85,-5.,-2.8));
#10550=CARTESIAN_POINT('',(5.85,-5.,-2.8));
#10551=CARTESIAN_POINT('Origin',(4.85,-5.,-2.8));
#10552=CARTESIAN_POINT('',(-5.85,-5.,-2.8));
#10553=CARTESIAN_POINT('Origin',(-4.85,-5.,-2.8));
#10554=CARTESIAN_POINT('',(-5.85,-4.55,-2.8));
#10555=CARTESIAN_POINT('',(-5.85,-4.55,-2.8));
#10556=CARTESIAN_POINT('',(-2.75,-4.55,-2.8));
#10557=CARTESIAN_POINT('',(-5.85,-4.55,-2.8));
#10558=CARTESIAN_POINT('',(-2.75,-3.25,-2.8));
#10559=CARTESIAN_POINT('',(-2.75,-4.55,-2.8));
#10560=CARTESIAN_POINT('',(-3.85,-2.15,-2.8));
#10561=CARTESIAN_POINT('',(-2.75,-3.25,-2.8));
#10562=CARTESIAN_POINT('',(-5.45,-2.15,-2.8));
#10563=CARTESIAN_POINT('',(-3.85,-2.15,-2.8));
#10564=CARTESIAN_POINT('',(-5.45,-1.5,-2.8));
#10565=CARTESIAN_POINT('',(-5.45,-1.5,-2.8));
#10566=CARTESIAN_POINT('',(-4.65,-1.5,-2.8));
#10567=CARTESIAN_POINT('',(-5.45,-1.5,-2.8));
#10568=CARTESIAN_POINT('',(-4.65,1.5,-2.8));
#10569=CARTESIAN_POINT('',(-4.65,-1.5,-2.8));
#10570=CARTESIAN_POINT('',(-5.45,1.5,-2.8));
#10571=CARTESIAN_POINT('',(-4.65,1.5,-2.8));
#10572=CARTESIAN_POINT('',(-5.45,2.15,-2.8));
#10573=CARTESIAN_POINT('',(-5.45,2.15,-2.8));
#10574=CARTESIAN_POINT('',(-3.85,2.15,-2.8));
#10575=CARTESIAN_POINT('',(-5.45,2.15,-2.8));
#10576=CARTESIAN_POINT('',(-2.75,3.25,-2.8));
#10577=CARTESIAN_POINT('',(-3.85,2.15,-2.8));
#10578=CARTESIAN_POINT('',(-2.75,4.55,-2.8));
#10579=CARTESIAN_POINT('',(-2.75,3.25,-2.8));
#10580=CARTESIAN_POINT('',(-5.85,4.55,-2.8));
#10581=CARTESIAN_POINT('',(-2.75,4.55,-2.8));
#10582=CARTESIAN_POINT('',(-5.85,5.,-2.8));
#10583=CARTESIAN_POINT('',(-5.85,5.,-2.8));
#10584=CARTESIAN_POINT('',(-4.85,6.,-2.8));
#10585=CARTESIAN_POINT('Origin',(-4.85,5.,-2.8));
#10586=CARTESIAN_POINT('',(4.85,6.,-2.8));
#10587=CARTESIAN_POINT('',(4.85,6.,-2.8));
#10588=CARTESIAN_POINT('',(5.85,5.,-2.8));
#10589=CARTESIAN_POINT('Origin',(4.85,5.,-2.8));
#10590=CARTESIAN_POINT('',(5.85,4.55,-2.8));
#10591=CARTESIAN_POINT('',(5.85,4.55,-2.8));
#10592=CARTESIAN_POINT('',(2.75,4.55,-2.8));
#10593=CARTESIAN_POINT('',(5.85,4.55,-2.8));
#10594=CARTESIAN_POINT('',(2.75,3.25,-2.8));
#10595=CARTESIAN_POINT('',(2.75,4.55,-2.8));
#10596=CARTESIAN_POINT('',(3.85,2.15,-2.8));
#10597=CARTESIAN_POINT('',(2.75,3.25,-2.8));
#10598=CARTESIAN_POINT('',(5.45,2.15,-2.8));
#10599=CARTESIAN_POINT('',(3.85,2.15,-2.8));
#10600=CARTESIAN_POINT('',(5.45,1.5,-2.8));
#10601=CARTESIAN_POINT('',(5.45,1.5,-2.8));
#10602=CARTESIAN_POINT('',(4.65,1.5,-2.8));
#10603=CARTESIAN_POINT('',(5.45,1.5,-2.8));
#10604=CARTESIAN_POINT('',(4.65,-1.5,-2.8));
#10605=CARTESIAN_POINT('',(4.65,1.5,-2.8));
#10606=CARTESIAN_POINT('',(5.45,-1.5,-2.8));
#10607=CARTESIAN_POINT('',(4.65,-1.5,-2.8));
#10608=CARTESIAN_POINT('',(5.45,-2.15,-2.8));
#10609=CARTESIAN_POINT('Origin',(4.85,-5.,-2.8));
#10610=CARTESIAN_POINT('',(5.85,-5.,0.));
#10611=CARTESIAN_POINT('',(5.85,-5.,-2.8));
#10612=CARTESIAN_POINT('Origin',(4.85,-5.,0.));
#10613=CARTESIAN_POINT('Origin',(0.,0.,0.));
#10614=CARTESIAN_POINT('',(5.85,-4.55,0.));
#10615=CARTESIAN_POINT('',(5.85,-5.,0.));
#10616=CARTESIAN_POINT('',(5.45,-4.55,0.));
#10617=CARTESIAN_POINT('',(5.85,-4.55,0.));
#10618=CARTESIAN_POINT('',(5.45,4.55,0.));
#10619=CARTESIAN_POINT('',(5.45,-4.55,0.));
#10620=CARTESIAN_POINT('',(5.85,4.55,0.));
#10621=CARTESIAN_POINT('',(5.45,4.55,0.));
#10622=CARTESIAN_POINT('',(5.85,5.,0.));
#10623=CARTESIAN_POINT('',(5.85,4.55,0.));
#10624=CARTESIAN_POINT('',(4.85,6.,0.));
#10625=CARTESIAN_POINT('Origin',(4.85,5.,0.));
#10626=CARTESIAN_POINT('',(-4.85,6.,0.));
#10627=CARTESIAN_POINT('',(4.85,6.,0.));
#10628=CARTESIAN_POINT('',(-5.85,5.,0.));
#10629=CARTESIAN_POINT('Origin',(-4.85,5.,0.));
#10630=CARTESIAN_POINT('',(-5.85,4.55,0.));
#10631=CARTESIAN_POINT('',(-5.85,5.,0.));
#10632=CARTESIAN_POINT('',(-5.45,4.55,0.));
#10633=CARTESIAN_POINT('',(-5.85,4.55,0.));
#10634=CARTESIAN_POINT('',(-5.45,-4.55,0.));
#10635=CARTESIAN_POINT('',(-5.45,4.55,0.));
#10636=CARTESIAN_POINT('',(-5.85,-4.55,0.));
#10637=CARTESIAN_POINT('',(-5.45,-4.55,0.));
#10638=CARTESIAN_POINT('',(-5.85,-5.,0.));
#10639=CARTESIAN_POINT('',(-5.85,-4.55,0.));
#10640=CARTESIAN_POINT('Origin',(-4.85,-5.,0.));
#10641=CARTESIAN_POINT('Origin',(-4.85,-5.,-2.8));
#10642=CARTESIAN_POINT('',(-5.85,-5.,-2.8));
#10643=CARTESIAN_POINT('Origin',(-5.76858148877401E-16,-6.3,0.));
#10644=CARTESIAN_POINT('Origin',(5.45,-2.15,-2.8));
#10645=CARTESIAN_POINT('',(5.45,-2.15,-2.4));
#10646=CARTESIAN_POINT('',(5.45,-2.15,-2.8));
#10647=CARTESIAN_POINT('',(3.85,-2.15,-2.4));
#10648=CARTESIAN_POINT('',(5.45,-2.15,-2.4));
#10649=CARTESIAN_POINT('',(3.85,-2.15,-2.8));
#10650=CARTESIAN_POINT('Origin',(3.85,-2.15,-2.8));
#10651=CARTESIAN_POINT('',(2.75,-3.25,-2.4));
#10652=CARTESIAN_POINT('',(3.85,-2.15,-2.4));
#10653=CARTESIAN_POINT('',(2.75,-3.25,-2.8));
#10654=CARTESIAN_POINT('Origin',(2.75,-3.25,-2.8));
#10655=CARTESIAN_POINT('',(2.75,-4.55,-2.4));
#10656=CARTESIAN_POINT('',(2.75,-3.25,-2.4));
#10657=CARTESIAN_POINT('',(2.75,-4.55,-2.8));
#10658=CARTESIAN_POINT('Origin',(5.85,-4.55,-2.8));
#10659=CARTESIAN_POINT('',(5.45,-4.55,-2.4));
#10660=CARTESIAN_POINT('',(2.75,-4.55,-2.4));
#10661=CARTESIAN_POINT('',(5.45,-4.55,-2.4));
#10662=CARTESIAN_POINT('',(5.85,-4.55,-2.8));
#10663=CARTESIAN_POINT('Origin',(5.85,-5.,-2.8));
#10664=CARTESIAN_POINT('Origin',(-5.85,-4.55,-2.8));
#10665=CARTESIAN_POINT('',(-5.85,-4.55,-2.8));
#10666=CARTESIAN_POINT('Origin',(-5.45,-4.55,-2.8));
#10667=CARTESIAN_POINT('',(-5.45,-4.55,-2.4));
#10668=CARTESIAN_POINT('',(-5.45,-4.55,-2.4));
#10669=CARTESIAN_POINT('',(-2.75,-4.55,-2.4));
#10670=CARTESIAN_POINT('',(-5.45,-4.55,-2.4));
#10671=CARTESIAN_POINT('',(-2.75,-4.55,-2.8));
#10672=CARTESIAN_POINT('Origin',(-2.75,-4.55,-2.8));
#10673=CARTESIAN_POINT('',(-2.75,-3.25,-2.4));
#10674=CARTESIAN_POINT('',(-2.75,-4.55,-2.4));
#10675=CARTESIAN_POINT('',(-2.75,-3.25,-2.8));
#10676=CARTESIAN_POINT('Origin',(-2.75,-3.25,-2.8));
#10677=CARTESIAN_POINT('',(-3.85,-2.15,-2.4));
#10678=CARTESIAN_POINT('',(-2.75,-3.25,-2.4));
#10679=CARTESIAN_POINT('',(-3.85,-2.15,-2.8));
#10680=CARTESIAN_POINT('Origin',(-3.85,-2.15,-2.8));
#10681=CARTESIAN_POINT('',(-5.45,-2.15,-2.4));
#10682=CARTESIAN_POINT('',(-5.45,-2.15,-2.4));
#10683=CARTESIAN_POINT('',(-3.85,-2.15,-2.4));
#10684=CARTESIAN_POINT('Origin',(-5.45,4.55,-2.8));
#10685=CARTESIAN_POINT('',(-5.45,-4.55,-2.4));
#10686=CARTESIAN_POINT('',(-5.45,4.55,-2.4));
#10687=CARTESIAN_POINT('',(-5.45,4.55,-2.4));
#10688=CARTESIAN_POINT('',(-5.45,2.15,-2.4));
#10689=CARTESIAN_POINT('',(-5.45,2.15,-2.4));
#10690=CARTESIAN_POINT('',(-5.45,2.15,-2.8));
#10691=CARTESIAN_POINT('',(-5.45,1.5,-2.4));
#10692=CARTESIAN_POINT('',(-5.45,1.5,-2.4));
#10693=CARTESIAN_POINT('',(-5.45,-1.5,-2.4));
#10694=CARTESIAN_POINT('',(-5.45,-1.5,-2.4));
#10695=CARTESIAN_POINT('',(-5.45,-1.5,-2.8));
#10696=CARTESIAN_POINT('Origin',(-5.45,-1.5,-2.8));
#10697=CARTESIAN_POINT('',(-4.65,-1.5,-2.4));
#10698=CARTESIAN_POINT('',(-5.45,-1.5,-2.4));
#10699=CARTESIAN_POINT('',(-4.65,-1.5,-2.8));
#10700=CARTESIAN_POINT('Origin',(-4.65,-1.5,-2.8));
#10701=CARTESIAN_POINT('',(-4.65,1.5,-2.4));
#10702=CARTESIAN_POINT('',(-4.65,-1.5,-2.4));
#10703=CARTESIAN_POINT('',(-4.65,1.5,-2.8));
#10704=CARTESIAN_POINT('Origin',(-4.65,1.5,-2.8));
#10705=CARTESIAN_POINT('',(-4.65,1.5,-2.4));
#10706=CARTESIAN_POINT('Origin',(-5.45,2.15,-2.8));
#10707=CARTESIAN_POINT('',(-3.85,2.15,-2.4));
#10708=CARTESIAN_POINT('',(-5.45,2.15,-2.4));
#10709=CARTESIAN_POINT('',(-3.85,2.15,-2.8));
#10710=CARTESIAN_POINT('Origin',(-3.85,2.15,-2.8));
#10711=CARTESIAN_POINT('',(-2.75,3.25,-2.4));
#10712=CARTESIAN_POINT('',(-3.85,2.15,-2.4));
#10713=CARTESIAN_POINT('',(-2.75,3.25,-2.8));
#10714=CARTESIAN_POINT('Origin',(-2.75,3.25,-2.8));
#10715=CARTESIAN_POINT('',(-2.75,4.55,-2.4));
#10716=CARTESIAN_POINT('',(-2.75,3.25,-2.4));
#10717=CARTESIAN_POINT('',(-2.75,4.55,-2.8));
#10718=CARTESIAN_POINT('Origin',(-5.85,4.55,-2.8));
#10719=CARTESIAN_POINT('',(-2.75,4.55,-2.4));
#10720=CARTESIAN_POINT('',(-5.85,4.55,-2.8));
#10721=CARTESIAN_POINT('Origin',(-5.85,5.,-2.8));
#10722=CARTESIAN_POINT('',(-5.85,5.,-2.8));
#10723=CARTESIAN_POINT('Origin',(-4.85,5.,-2.8));
#10724=CARTESIAN_POINT('',(-4.85,6.,-2.8));
#10725=CARTESIAN_POINT('Origin',(4.85,6.,-2.8));
#10726=CARTESIAN_POINT('',(4.85,6.,-2.8));
#10727=CARTESIAN_POINT('Origin',(4.85,5.,-2.8));
#10728=CARTESIAN_POINT('',(5.85,5.,-2.8));
#10729=CARTESIAN_POINT('Origin',(5.85,4.55,-2.8));
#10730=CARTESIAN_POINT('',(5.85,4.55,-2.8));
#10731=CARTESIAN_POINT('Origin',(5.45,4.55,-2.8));
#10732=CARTESIAN_POINT('',(5.45,4.55,-2.4));
#10733=CARTESIAN_POINT('',(5.45,4.55,-2.4));
#10734=CARTESIAN_POINT('',(2.75,4.55,-2.4));
#10735=CARTESIAN_POINT('',(5.45,4.55,-2.4));
#10736=CARTESIAN_POINT('',(2.75,4.55,-2.8));
#10737=CARTESIAN_POINT('Origin',(2.75,4.55,-2.8));
#10738=CARTESIAN_POINT('',(2.75,3.25,-2.4));
#10739=CARTESIAN_POINT('',(2.75,4.55,-2.4));
#10740=CARTESIAN_POINT('',(2.75,3.25,-2.8));
#10741=CARTESIAN_POINT('Origin',(2.75,3.25,-2.8));
#10742=CARTESIAN_POINT('',(3.85,2.15,-2.4));
#10743=CARTESIAN_POINT('',(2.75,3.25,-2.4));
#10744=CARTESIAN_POINT('',(3.85,2.15,-2.8));
#10745=CARTESIAN_POINT('Origin',(3.85,2.15,-2.8));
#10746=CARTESIAN_POINT('',(5.45,2.15,-2.4));
#10747=CARTESIAN_POINT('',(5.45,2.15,-2.4));
#10748=CARTESIAN_POINT('',(3.85,2.15,-2.4));
#10749=CARTESIAN_POINT('Origin',(5.45,-4.55,-2.8));
#10750=CARTESIAN_POINT('',(5.45,-1.5,-2.4));
#10751=CARTESIAN_POINT('',(5.45,-1.5,-2.4));
#10752=CARTESIAN_POINT('',(5.45,1.5,-2.4));
#10753=CARTESIAN_POINT('',(5.45,1.5,-2.4));
#10754=CARTESIAN_POINT('',(5.45,1.5,-2.8));
#10755=CARTESIAN_POINT('',(5.45,4.55,-2.4));
#10756=CARTESIAN_POINT('',(5.45,-2.15,-2.4));
#10757=CARTESIAN_POINT('Origin',(5.45,1.5,-2.8));
#10758=CARTESIAN_POINT('',(4.65,1.5,-2.4));
#10759=CARTESIAN_POINT('',(5.45,1.5,-2.4));
#10760=CARTESIAN_POINT('',(4.65,1.5,-2.8));
#10761=CARTESIAN_POINT('Origin',(4.65,1.5,-2.8));
#10762=CARTESIAN_POINT('',(4.65,-1.5,-2.4));
#10763=CARTESIAN_POINT('',(4.65,1.5,-2.4));
#10764=CARTESIAN_POINT('',(4.65,-1.5,-2.8));
#10765=CARTESIAN_POINT('Origin',(4.65,-1.5,-2.8));
#10766=CARTESIAN_POINT('',(4.65,-1.5,-2.4));
#10767=CARTESIAN_POINT('Origin',(-4.89858719658941E-17,0.,-2.4));
#10768=CARTESIAN_POINT('Origin',(-4.89858719658941E-17,0.,-2.4));
#10769=CARTESIAN_POINT('Origin',(-4.89858719658941E-17,0.,-2.4));
#10770=CARTESIAN_POINT('Origin',(-4.89858719658941E-17,0.,-2.4));
#10771=CARTESIAN_POINT('Origin',(-4.89858719658941E-17,0.,-2.4));
#10772=CARTESIAN_POINT('Origin',(-4.89858719658941E-17,0.,-2.4));
#10773=CARTESIAN_POINT('Origin',(-5.449,4.5,1.3));
#10774=CARTESIAN_POINT('',(-5.45,4.5,1.3));
#10775=CARTESIAN_POINT('',(-5.45,4.5,1.7));
#10776=CARTESIAN_POINT('',(-5.45,4.5,1.3));
#10777=CARTESIAN_POINT('',(-5.449,4.5,1.7));
#10778=CARTESIAN_POINT('Origin',(-5.449,4.5,1.299));
#10779=CARTESIAN_POINT('',(-5.449,4.5,1.3));
#10780=CARTESIAN_POINT('',(-5.449,4.5,1.3));
#10781=CARTESIAN_POINT('',(-5.449,4.5,1.3));
#10782=CARTESIAN_POINT('Origin',(5.449,-4.5,1.3));
#10783=CARTESIAN_POINT('',(5.45,-4.5,1.3));
#10784=CARTESIAN_POINT('',(5.45,-4.5,1.7));
#10785=CARTESIAN_POINT('',(5.45,-4.5,1.3));
#10786=CARTESIAN_POINT('',(5.449,-4.5,1.7));
#10787=CARTESIAN_POINT('Origin',(5.449,-4.5,1.299));
#10788=CARTESIAN_POINT('',(5.449,-4.5,1.3));
#10789=CARTESIAN_POINT('',(5.449,-4.5,1.3));
#10790=CARTESIAN_POINT('',(5.449,-4.5,1.3));
#10791=CARTESIAN_POINT('Origin',(-5.45,-4.5,1.3));
#10792=CARTESIAN_POINT('',(-5.45,-4.5,1.7));
#10793=CARTESIAN_POINT('',(-5.45,-4.5,1.3));
#10794=CARTESIAN_POINT('',(-5.45,-4.5,1.3));
#10795=CARTESIAN_POINT('',(-5.449,-4.5,1.3));
#10796=CARTESIAN_POINT('',(-5.45,-4.5,1.3));
#10797=CARTESIAN_POINT('',(-5.449,-4.5,1.7));
#10798=CARTESIAN_POINT('',(-5.449,-4.5,1.7));
#10799=CARTESIAN_POINT('Origin',(-5.449,-4.5,1.299));
#10800=CARTESIAN_POINT('Origin',(5.45,4.5,1.3));
#10801=CARTESIAN_POINT('',(5.45,4.5,1.7));
#10802=CARTESIAN_POINT('',(5.45,4.5,1.3));
#10803=CARTESIAN_POINT('',(5.45,4.5,1.3));
#10804=CARTESIAN_POINT('',(5.449,4.5,1.3));
#10805=CARTESIAN_POINT('',(5.45,4.5,1.3));
#10806=CARTESIAN_POINT('',(5.449,4.5,1.7));
#10807=CARTESIAN_POINT('',(5.449,4.5,1.7));
#10808=CARTESIAN_POINT('Origin',(5.449,4.5,1.299));
#10809=CARTESIAN_POINT('Origin',(-5.85,4.5,1.299));
#10810=CARTESIAN_POINT('',(-5.45,4.5,1.299));
#10811=CARTESIAN_POINT('Origin',(-5.449,4.5,1.299));
#10812=CARTESIAN_POINT('',(-5.85,4.5,1.299));
#10813=CARTESIAN_POINT('',(-5.45,4.5,1.299));
#10814=CARTESIAN_POINT('Origin',(-5.449,4.5,1.299));
#10815=CARTESIAN_POINT('Origin',(5.85,-4.5,1.299));
#10816=CARTESIAN_POINT('',(5.45,-4.5,1.299));
#10817=CARTESIAN_POINT('Origin',(5.449,-4.5,1.299));
#10818=CARTESIAN_POINT('',(5.85,-4.5,1.299));
#10819=CARTESIAN_POINT('',(5.45,-4.5,1.299));
#10820=CARTESIAN_POINT('Origin',(5.449,-4.5,1.299));
#10821=CARTESIAN_POINT('Origin',(5.57839495176632,4.5,-2.77954966270225));
#10822=CARTESIAN_POINT('',(5.449,4.5,-2.801));
#10823=CARTESIAN_POINT('',(5.57839495176631,4.5,-2.77954966270225));
#10824=CARTESIAN_POINT('Origin',(5.449,4.5,-2.4));
#10825=CARTESIAN_POINT('',(5.44899999999999,4.5,-2.401));
#10826=CARTESIAN_POINT('',(5.449,4.5,-2.401));
#10827=CARTESIAN_POINT('',(5.44932268067772,4.5,-2.40094650788704));
#10828=CARTESIAN_POINT('Origin',(5.449,4.5,-2.4));
#10829=CARTESIAN_POINT('',(5.57839495176632,4.5,-2.77954966270225));
#10830=CARTESIAN_POINT('Origin',(5.44932268067772,2.4,-2.40094650788704));
#10831=CARTESIAN_POINT('',(5.44899999999999,2.4,-2.401));
#10832=CARTESIAN_POINT('',(5.44932268067772,2.4,-2.40094650788704));
#10833=CARTESIAN_POINT('Origin',(5.449,2.4,-2.4));
#10834=CARTESIAN_POINT('',(5.449,2.4,-2.801));
#10835=CARTESIAN_POINT('',(5.44899999999999,2.4,-2.401));
#10836=CARTESIAN_POINT('',(5.5783949517663,2.4,-2.77954966270225));
#10837=CARTESIAN_POINT('Origin',(5.449,2.4,-2.4));
#10838=CARTESIAN_POINT('',(5.5783949517663,2.4,-2.77954966270225));
#10839=CARTESIAN_POINT('Origin',(15.1027964172279,0.,-2.40099999999996));
#10840=CARTESIAN_POINT('',(5.44899999999999,4.5,-2.401));
#10841=CARTESIAN_POINT('',(2.93189820861397,4.5,-2.40100000000001));
#10842=CARTESIAN_POINT('',(2.93189820861397,4.5,-2.40100000000001));
#10843=CARTESIAN_POINT('',(2.93189820861397,3.6,-2.40100000000001));
#10844=CARTESIAN_POINT('',(2.93189820861397,4.5,-2.40100000000001));
#10845=CARTESIAN_POINT('',(4.13189820861397,2.4,-2.40100000000001));
#10846=CARTESIAN_POINT('',(2.93189820861397,3.6,-2.40100000000001));
#10847=CARTESIAN_POINT('',(4.13189820861397,2.4,-2.40100000000001));
#10848=CARTESIAN_POINT('Origin',(0.,0.,1.3));
#10849=CARTESIAN_POINT('',(-5.449,-1.25,1.3));
#10850=CARTESIAN_POINT('',(-4.11430431543414,-1.25,1.3));
#10851=CARTESIAN_POINT('',(-5.449,-1.25,1.3));
#10852=CARTESIAN_POINT('',(4.11430431543414,-1.25,1.3));
#10853=CARTESIAN_POINT('Origin',(-4.44089209850063E-16,4.44089209850063E-16,
1.3));
#10854=CARTESIAN_POINT('',(5.449,-1.25,1.3));
#10855=CARTESIAN_POINT('',(4.11430431543414,-1.25,1.3));
#10856=CARTESIAN_POINT('',(5.449,-1.25,1.3));
#10857=CARTESIAN_POINT('',(5.449,-4.5,1.3));
#10858=CARTESIAN_POINT('',(5.45,-5.5,1.3));
#10859=CARTESIAN_POINT('',(5.45,-5.5,1.3));
#10860=CARTESIAN_POINT('',(4.95,-6.,1.3));
#10861=CARTESIAN_POINT('Origin',(4.95,-5.5,1.3));
#10862=CARTESIAN_POINT('',(-4.95,-6.,1.3));
#10863=CARTESIAN_POINT('',(-4.95,-6.,1.3));
#10864=CARTESIAN_POINT('',(-5.45,-5.5,1.3));
#10865=CARTESIAN_POINT('Origin',(-4.95,-5.5,1.3));
#10866=CARTESIAN_POINT('',(-5.45,-4.5,1.3));
#10867=CARTESIAN_POINT('',(-5.45,-4.5,1.3));
#10868=CARTESIAN_POINT('',(-5.449,-4.5,1.3));
#10869=CARTESIAN_POINT('Origin',(0.,0.,1.3));
#10870=CARTESIAN_POINT('',(4.11430431543414,1.25,1.3));
#10871=CARTESIAN_POINT('',(-4.11430431543414,1.25,1.3));
#10872=CARTESIAN_POINT('Origin',(0.,0.,1.3));
#10873=CARTESIAN_POINT('',(-5.449,1.25,1.3));
#10874=CARTESIAN_POINT('',(-4.11430431543414,1.25,1.3));
#10875=CARTESIAN_POINT('',(-5.449,1.25,1.3));
#10876=CARTESIAN_POINT('',(-5.449,4.5,1.3));
#10877=CARTESIAN_POINT('',(-5.45,5.5,1.3));
#10878=CARTESIAN_POINT('',(-5.45,5.5,1.3));
#10879=CARTESIAN_POINT('',(-4.95,6.,1.3));
#10880=CARTESIAN_POINT('Origin',(-4.95,5.5,1.3));
#10881=CARTESIAN_POINT('',(4.95,6.,1.3));
#10882=CARTESIAN_POINT('',(4.95,6.,1.3));
#10883=CARTESIAN_POINT('',(5.45,5.5,1.3));
#10884=CARTESIAN_POINT('Origin',(4.95,5.5,1.3));
#10885=CARTESIAN_POINT('',(5.45,4.5,1.3));
#10886=CARTESIAN_POINT('',(5.45,4.5,1.3));
#10887=CARTESIAN_POINT('',(5.449,1.25,1.3));
#10888=CARTESIAN_POINT('',(5.449,4.5,1.3));
#10889=CARTESIAN_POINT('',(5.449,1.25,1.3));
#10890=CARTESIAN_POINT('Origin',(0.,0.,1.3));
#10891=CARTESIAN_POINT('',(5.84999875311785,1.25,1.29999999930902));
#10892=CARTESIAN_POINT('',(5.84999875311785,-1.25,1.29999999930902));
#10893=CARTESIAN_POINT('',(5.84999875311527,1.25,1.3));
#10894=CARTESIAN_POINT('',(5.84999875311527,1.25,1.3));
#10895=CARTESIAN_POINT('',(5.449,-1.25,1.3));
#10896=CARTESIAN_POINT('',(5.449,-1.25,1.3));
#10897=CARTESIAN_POINT('Origin',(15.1027964172279,1.59517236814143E-14,
-2.40099999999995));
#10898=CARTESIAN_POINT('',(5.44899999999999,-2.4,-2.401));
#10899=CARTESIAN_POINT('',(5.449,-4.5,-2.401));
#10900=CARTESIAN_POINT('',(5.44899999999999,-2.4,-2.401));
#10901=CARTESIAN_POINT('',(4.13189820861397,-2.4,-2.401));
#10902=CARTESIAN_POINT('',(5.44899999999999,-2.4,-2.401));
#10903=CARTESIAN_POINT('',(2.93189820861397,-3.6,-2.40100000000001));
#10904=CARTESIAN_POINT('',(4.13189820861397,-2.4,-2.40100000000001));
#10905=CARTESIAN_POINT('',(2.93189820861398,-4.5,-2.40100000000001));
#10906=CARTESIAN_POINT('',(2.93189820861397,-3.6,-2.40100000000001));
#10907=CARTESIAN_POINT('',(5.449,-4.5,-2.401));
#10908=CARTESIAN_POINT('Origin',(-0.198101791386028,4.5,-2.40100000000002));
#10909=CARTESIAN_POINT('',(2.93189820861398,4.5,-2.80100000000001));
#10910=CARTESIAN_POINT('',(2.93189820861398,4.5,-2.80100000000001));
#10911=CARTESIAN_POINT('',(2.93189820861397,4.5,-2.40100000000001));
#10912=CARTESIAN_POINT('Origin',(5.50189820861397,2.4,-2.801));
#10913=CARTESIAN_POINT('',(4.13189820861397,2.4,-2.80100000000001));
#10914=CARTESIAN_POINT('',(4.13189820861397,2.4,-2.80100000000001));
#10915=CARTESIAN_POINT('',(4.13189820861398,2.4,-2.80100000000001));
#10916=CARTESIAN_POINT('Origin',(4.13189820861397,2.4,-2.80100000000001));
#10917=CARTESIAN_POINT('',(2.93189820861397,3.6,-2.80100000000002));
#10918=CARTESIAN_POINT('',(2.93189820861397,3.6,-2.80100000000002));
#10919=CARTESIAN_POINT('',(2.93189820861398,3.6,-2.80100000000001));
#10920=CARTESIAN_POINT('Origin',(2.93189820861397,3.6,-2.80100000000002));
#10921=CARTESIAN_POINT('',(2.93189820861398,4.5,-2.80100000000001));
#10922=CARTESIAN_POINT('Origin',(5.45,4.5,1.3));
#10923=CARTESIAN_POINT('',(5.45,4.5,1.3));
#10924=CARTESIAN_POINT('Origin',(5.449,4.5,1.299));
#10925=CARTESIAN_POINT('Origin',(-5.45,-4.5,1.3));
#10926=CARTESIAN_POINT('',(-5.45,-4.5,1.3));
#10927=CARTESIAN_POINT('Origin',(-5.449,-4.5,1.299));
#10928=CARTESIAN_POINT('Origin',(-5.45,-4.5,1.3));
#10929=CARTESIAN_POINT('',(-5.45,-5.5,1.7));
#10930=CARTESIAN_POINT('',(-5.45,-5.5,1.3));
#10931=CARTESIAN_POINT('',(-5.45,-4.5,1.7));
#10932=CARTESIAN_POINT('Origin',(-4.95,-5.5,1.3));
#10933=CARTESIAN_POINT('',(-4.95,-6.,1.7));
#10934=CARTESIAN_POINT('',(-4.95,-6.,1.3));
#10935=CARTESIAN_POINT('Origin',(-4.95,-5.5,1.7));
#10936=CARTESIAN_POINT('Origin',(-4.95,-6.,1.3));
#10937=CARTESIAN_POINT('',(4.95,-6.,1.7));
#10938=CARTESIAN_POINT('',(4.95,-6.,1.3));
#10939=CARTESIAN_POINT('',(-4.95,-6.,1.7));
#10940=CARTESIAN_POINT('Origin',(4.95,-5.5,1.3));
#10941=CARTESIAN_POINT('',(5.45,-5.5,1.7));
#10942=CARTESIAN_POINT('',(5.45,-5.5,1.3));
#10943=CARTESIAN_POINT('Origin',(4.95,-5.5,1.7));
#10944=CARTESIAN_POINT('Origin',(5.45,-5.5,1.3));
#10945=CARTESIAN_POINT('',(5.45,-4.5,1.3));
#10946=CARTESIAN_POINT('',(5.45,-5.5,1.7));
#10947=CARTESIAN_POINT('Origin',(5.449,-4.5,1.3));
#10948=CARTESIAN_POINT('Origin',(5.449,-4.5,1.299));
#10949=CARTESIAN_POINT('Origin',(4.11430431543414,-1.25,1.3));
#10950=CARTESIAN_POINT('',(5.449,-1.25,1.7));
#10951=CARTESIAN_POINT('',(5.449,-1.25,1.29999999689058));
#10952=CARTESIAN_POINT('',(4.11430431543414,-1.25,1.7));
#10953=CARTESIAN_POINT('',(4.11430431543414,-1.25,1.3));
#10954=CARTESIAN_POINT('',(4.11430431543414,-1.25,1.7));
#10955=CARTESIAN_POINT('Origin',(-4.44089209850063E-16,4.44089209850063E-16,
1.3));
#10956=CARTESIAN_POINT('',(-4.11430431543414,-1.25,1.7));
#10957=CARTESIAN_POINT('Origin',(-4.44089209850063E-16,4.44089209850063E-16,
1.7));
#10958=CARTESIAN_POINT('',(-4.11430431543414,-1.25,1.3));
#10959=CARTESIAN_POINT('Origin',(-5.85,-1.25,1.3));
#10960=CARTESIAN_POINT('',(-5.449,-1.25,1.7));
#10961=CARTESIAN_POINT('',(-5.449,-1.25,1.7));
#10962=CARTESIAN_POINT('',(-5.449,-1.25,1.7));
#10963=CARTESIAN_POINT('Origin',(5.85,1.25,1.3));
#10964=CARTESIAN_POINT('',(5.449,1.25,1.7));
#10965=CARTESIAN_POINT('',(5.449,1.25,1.7));
#10966=CARTESIAN_POINT('',(4.11430431543414,1.25,1.7));
#10967=CARTESIAN_POINT('',(5.449,1.25,1.7));
#10968=CARTESIAN_POINT('',(4.11430431543414,1.25,1.3));
#10969=CARTESIAN_POINT('Origin',(5.45,4.5,1.3));
#10970=CARTESIAN_POINT('',(5.45,5.5,1.7));
#10971=CARTESIAN_POINT('',(5.45,5.5,1.3));
#10972=CARTESIAN_POINT('',(5.45,4.5,1.7));
#10973=CARTESIAN_POINT('Origin',(4.95,5.5,1.3));
#10974=CARTESIAN_POINT('',(4.95,6.,1.7));
#10975=CARTESIAN_POINT('',(4.95,6.,1.3));
#10976=CARTESIAN_POINT('Origin',(4.95,5.5,1.7));
#10977=CARTESIAN_POINT('Origin',(4.95,6.,1.3));
#10978=CARTESIAN_POINT('',(-4.95,6.,1.7));
#10979=CARTESIAN_POINT('',(-4.95,6.,1.3));
#10980=CARTESIAN_POINT('',(4.95,6.,1.7));
#10981=CARTESIAN_POINT('Origin',(-4.95,5.5,1.3));
#10982=CARTESIAN_POINT('',(-5.45,5.5,1.7));
#10983=CARTESIAN_POINT('',(-5.45,5.5,1.3));
#10984=CARTESIAN_POINT('Origin',(-4.95,5.5,1.7));
#10985=CARTESIAN_POINT('Origin',(-5.45,5.5,1.3));
#10986=CARTESIAN_POINT('',(-5.45,4.5,1.3));
#10987=CARTESIAN_POINT('',(-5.45,5.5,1.7));
#10988=CARTESIAN_POINT('Origin',(-5.449,4.5,1.3));
#10989=CARTESIAN_POINT('Origin',(-5.449,4.5,1.299));
#10990=CARTESIAN_POINT('Origin',(-4.11430431543414,1.25,1.3));
#10991=CARTESIAN_POINT('',(-5.449,1.25,1.7));
#10992=CARTESIAN_POINT('',(-5.449,1.25,1.29999999689058));
#10993=CARTESIAN_POINT('',(-4.11430431543414,1.25,1.7));
#10994=CARTESIAN_POINT('',(-4.11430431543414,1.25,1.3));
#10995=CARTESIAN_POINT('',(-4.11430431543414,1.25,1.7));
#10996=CARTESIAN_POINT('Origin',(0.,0.,1.3));
#10997=CARTESIAN_POINT('Origin',(0.,0.,1.7));
#10998=CARTESIAN_POINT('Origin',(4.11430431543414,-1.25,1.3));
#10999=CARTESIAN_POINT('Origin',(5.449,-1.25,1.299));
#11000=CARTESIAN_POINT('Origin',(5.85,1.25,1.3));
#11001=CARTESIAN_POINT('Origin',(5.449,1.25,1.299));
#11002=CARTESIAN_POINT('Origin',(4.13189820861397,-2.4,-2.80100000000001));
#11003=CARTESIAN_POINT('',(5.449,-2.4,-2.801));
#11004=CARTESIAN_POINT('',(5.449,-2.4,-2.401));
#11005=CARTESIAN_POINT('',(4.13189820861397,-2.4,-2.80100000000001));
#11006=CARTESIAN_POINT('',(5.449,-2.4,-2.801));
#11007=CARTESIAN_POINT('',(4.13189820861397,-2.4,-2.80100000000001));
#11008=CARTESIAN_POINT('Origin',(9.40089820861398,-4.49999999999999,-2.40099999999999));
#11009=CARTESIAN_POINT('',(5.449,-4.5,-2.801));
#11010=CARTESIAN_POINT('',(5.449,-4.5,-2.401));
#11011=CARTESIAN_POINT('',(2.93189820861398,-4.5,-2.80100000000001));
#11012=CARTESIAN_POINT('',(2.93189820861398,-4.5,-2.80100000000001));
#11013=CARTESIAN_POINT('',(5.449,-4.5,-2.801));
#11014=CARTESIAN_POINT('Origin',(2.93189820861398,-4.5,-2.80100000000002));
#11015=CARTESIAN_POINT('',(2.93189820861398,-3.6,-2.80100000000002));
#11016=CARTESIAN_POINT('',(2.93189820861398,-3.6,-2.80100000000002));
#11017=CARTESIAN_POINT('',(2.93189820861398,-3.6,-2.80100000000001));
#11018=CARTESIAN_POINT('Origin',(2.93189820861398,-3.6,-2.80100000000002));
#11019=CARTESIAN_POINT('',(4.13189820861398,-2.4,-2.80100000000001));
#11020=CARTESIAN_POINT('Origin',(0.,0.,1.7));
#11021=CARTESIAN_POINT('',(5.449,1.25,1.7));
#11022=CARTESIAN_POINT('',(-5.449,4.5,1.7));
#11023=CARTESIAN_POINT('Origin',(0.,0.,1.7));
#11024=CARTESIAN_POINT('',(-5.449,-1.25,1.7));
#11025=CARTESIAN_POINT('',(5.449,-4.5,1.7));
#11026=CARTESIAN_POINT('Origin',(15.102796417228,0.,-2.80099999999996));
#11027=CARTESIAN_POINT('',(5.449,4.5,-2.801));
#11028=CARTESIAN_POINT('Origin',(15.1027964172279,1.68399021011145E-14,
-2.80099999999995));
#11029=CARTESIAN_POINT('',(5.449,-2.4,-2.801));
#11030=CARTESIAN_POINT('Origin',(0.,0.,1.3));
#11031=CARTESIAN_POINT('',(-5.84999875311785,-1.25,1.29999999930902));
#11032=CARTESIAN_POINT('',(-5.84999875311785,1.25,1.29999999930902));
#11033=CARTESIAN_POINT('',(-5.84999875311527,-1.25,1.3));
#11034=CARTESIAN_POINT('',(-5.84999875311527,-1.25,1.3));
#11035=CARTESIAN_POINT('',(-5.449,1.25,1.3));
#11036=CARTESIAN_POINT('',(-5.449,1.25,1.3));
#11037=CARTESIAN_POINT('Origin',(-5.85,-1.25,1.3));
#11038=CARTESIAN_POINT('Origin',(-5.449,-1.25,1.299));
#11039=CARTESIAN_POINT('Origin',(-4.11430431543414,1.25,1.3));
#11040=CARTESIAN_POINT('Origin',(-5.449,1.25,1.299));
#11041=CARTESIAN_POINT('Origin',(-5.57839495176631,-4.5,-2.77954966270226));
#11042=CARTESIAN_POINT('',(-5.449,-4.5,-2.801));
#11043=CARTESIAN_POINT('',(-5.57839495176631,-4.5,-2.77954966270226));
#11044=CARTESIAN_POINT('Origin',(-5.449,-4.5,-2.4));
#11045=CARTESIAN_POINT('',(-5.44899999999999,-4.5,-2.401));
#11046=CARTESIAN_POINT('',(-5.449,-4.5,-2.401));
#11047=CARTESIAN_POINT('',(-5.44932268067772,-4.5,-2.40094650788704));
#11048=CARTESIAN_POINT('Origin',(-5.44899999999999,-4.5,-2.4));
#11049=CARTESIAN_POINT('',(-5.44932268067772,-4.5,-2.40094650788704));
#11050=CARTESIAN_POINT('Origin',(-5.44932268067772,-2.4,-2.40094650788704));
#11051=CARTESIAN_POINT('',(-5.44899999999999,-2.4,-2.401));
#11052=CARTESIAN_POINT('',(-5.44932268067772,-2.4,-2.40094650788704));
#11053=CARTESIAN_POINT('Origin',(-5.449,-2.4,-2.4));
#11054=CARTESIAN_POINT('',(-5.449,-2.4,-2.801));
#11055=CARTESIAN_POINT('',(-5.449,-2.4,-2.401));
#11056=CARTESIAN_POINT('',(-5.57839495176631,-2.4,-2.77954966270225));
#11057=CARTESIAN_POINT('Origin',(-5.44899999999999,-2.4,-2.4));
#11058=CARTESIAN_POINT('',(-5.44932268067772,-2.4,-2.40094650788704));
#11059=CARTESIAN_POINT('Origin',(-15.1027964172279,1.50635452617142E-14,
-2.40099999999995));
#11060=CARTESIAN_POINT('',(-5.449,-4.5,-2.401));
#11061=CARTESIAN_POINT('',(-2.93189820861398,-4.50000000000001,-2.40100000000001));
#11062=CARTESIAN_POINT('',(-2.93189820861398,-4.50000000000001,-2.40100000000001));
#11063=CARTESIAN_POINT('',(-2.93189820861397,-3.60000000000001,-2.40100000000001));
#11064=CARTESIAN_POINT('',(-2.93189820861397,-4.50000000000001,-2.40100000000001));
#11065=CARTESIAN_POINT('',(-4.13189820861397,-2.4,-2.40100000000001));
#11066=CARTESIAN_POINT('',(-2.93189820861397,-3.6,-2.40100000000001));
#11067=CARTESIAN_POINT('',(-4.13189820861397,-2.4,-2.40100000000001));
#11068=CARTESIAN_POINT('Origin',(-5.5783949517663,2.4,-2.77954966270225));
#11069=CARTESIAN_POINT('',(-5.449,2.4,-2.801));
#11070=CARTESIAN_POINT('',(-5.5783949517663,2.4,-2.77954966270225));
#11071=CARTESIAN_POINT('Origin',(-5.449,2.4,-2.4));
#11072=CARTESIAN_POINT('',(-5.449,2.4,-2.401));
#11073=CARTESIAN_POINT('',(-5.449,2.4,-2.401));
#11074=CARTESIAN_POINT('',(-5.44932268067772,2.4,-2.40094650788704));
#11075=CARTESIAN_POINT('Origin',(-5.449,2.4,-2.4));
#11076=CARTESIAN_POINT('',(-5.44932268067772,2.4,-2.40094650788704));
#11077=CARTESIAN_POINT('Origin',(-5.44932268067772,4.5,-2.40094650788704));
#11078=CARTESIAN_POINT('',(-5.44932268067772,4.5,-2.40094650788704));
#11079=CARTESIAN_POINT('',(-5.449,4.5,-2.401));
#11080=CARTESIAN_POINT('Origin',(-5.449,4.5,-2.4));
#11081=CARTESIAN_POINT('',(-5.449,4.5,-2.801));
#11082=CARTESIAN_POINT('',(-5.449,4.5,-2.401));
#11083=CARTESIAN_POINT('',(-5.57839495176632,4.5,-2.77954966270225));
#11084=CARTESIAN_POINT('Origin',(-5.449,4.5,-2.4));
#11085=CARTESIAN_POINT('',(-5.44932268067772,4.5,-2.40094650788704));
#11086=CARTESIAN_POINT('Origin',(-15.1027964172279,0.,-2.40099999999996));
#11087=CARTESIAN_POINT('',(-5.44899999999999,2.4,-2.401));
#11088=CARTESIAN_POINT('',(-4.13189820861397,2.4,-2.40100000000001));
#11089=CARTESIAN_POINT('',(-5.44899999999999,2.4,-2.401));
#11090=CARTESIAN_POINT('',(-2.93189820861397,3.6,-2.40100000000001));
#11091=CARTESIAN_POINT('',(-4.13189820861397,2.4,-2.40100000000001));
#11092=CARTESIAN_POINT('',(-2.93189820861397,4.5,-2.40100000000001));
#11093=CARTESIAN_POINT('',(-2.93189820861397,3.6,-2.40100000000001));
#11094=CARTESIAN_POINT('',(-5.449,4.5,-2.401));
#11095=CARTESIAN_POINT('Origin',(0.198101791386025,-4.50000000000001,-2.40100000000003));
#11096=CARTESIAN_POINT('',(-2.93189820861398,-4.5,-2.80100000000001));
#11097=CARTESIAN_POINT('',(-2.93189820861398,-4.5,-2.80100000000001));
#11098=CARTESIAN_POINT('',(-2.93189820861398,-4.50000000000001,-2.40100000000001));
#11099=CARTESIAN_POINT('Origin',(-4.13189820861391,-2.40000000000003,8.89899999999999));
#11100=CARTESIAN_POINT('',(-4.13189820861397,-2.4,-2.80100000000001));
#11101=CARTESIAN_POINT('',(-4.13189820861397,-2.4,-2.40100000000001));
#11102=CARTESIAN_POINT('',(-4.13189820861398,-2.4,-2.80100000000001));
#11103=CARTESIAN_POINT('Origin',(-2.93189820861391,-3.60000000000003,8.89899999999998));
#11104=CARTESIAN_POINT('',(-2.93189820861398,-3.6,-2.80100000000002));
#11105=CARTESIAN_POINT('',(-2.93189820861397,-3.60000000000001,-2.40100000000001));
#11106=CARTESIAN_POINT('',(-2.93189820861398,-3.6,-2.80100000000001));
#11107=CARTESIAN_POINT('Origin',(-2.93189820861391,-4.50000000000003,8.89899999999998));
#11108=CARTESIAN_POINT('',(-2.93189820861398,-4.5,-2.80100000000002));
#11109=CARTESIAN_POINT('Origin',(-5.50189820861391,2.4,8.899));
#11110=CARTESIAN_POINT('',(-4.13189820861397,2.4,-2.80100000000001));
#11111=CARTESIAN_POINT('',(-5.449,2.4,-2.801));
#11112=CARTESIAN_POINT('',(-4.13189820861397,2.4,-2.40100000000001));
#11113=CARTESIAN_POINT('Origin',(-9.40089820861397,4.5,-2.40099999999998));
#11114=CARTESIAN_POINT('',(-2.93189820861398,4.5,-2.80100000000001));
#11115=CARTESIAN_POINT('',(-2.93189820861398,4.5,-2.80100000000001));
#11116=CARTESIAN_POINT('',(-5.449,4.5,-2.801));
#11117=CARTESIAN_POINT('Origin',(-2.93189820861391,3.6,8.89899999999998));
#11118=CARTESIAN_POINT('',(-2.93189820861398,3.6,-2.80100000000002));
#11119=CARTESIAN_POINT('',(-2.93189820861397,3.6,-2.40100000000001));
#11120=CARTESIAN_POINT('',(-2.93189820861398,3.6,-2.80100000000001));
#11121=CARTESIAN_POINT('Origin',(-4.13189820861391,2.4,8.89899999999999));
#11122=CARTESIAN_POINT('',(-4.13189820861398,2.4,-2.80100000000001));
#11123=CARTESIAN_POINT('Origin',(-15.1027964172279,1.59517236814143E-14,
-2.80099999999995));
#11124=CARTESIAN_POINT('',(-5.449,-4.5,-2.801));
#11125=CARTESIAN_POINT('Origin',(-15.102796417228,0.,-2.80099999999996));
#11126=CARTESIAN_POINT('',(-5.449,2.4,-2.801));
#11127=CARTESIAN_POINT('Origin',(5.44932268067772,-4.5,-2.40094650788704));
#11128=CARTESIAN_POINT('',(5.44932268067772,-4.5,-2.40094650788704));
#11129=CARTESIAN_POINT('Origin',(5.44900000000049,-4.5,-2.39999999999983));
#11130=CARTESIAN_POINT('',(5.57839495176631,-4.5,-2.77954966270226));
#11131=CARTESIAN_POINT('Origin',(5.44900000000469,-4.5,-2.3999999999984));
#11132=CARTESIAN_POINT('',(5.57839495176631,-4.5,-2.77954966270225));
#11133=CARTESIAN_POINT('Origin',(5.57839495176631,-2.4,-2.77954966270225));
#11134=CARTESIAN_POINT('',(5.57839495176631,-2.4,-2.77954966270225));
#11135=CARTESIAN_POINT('Origin',(5.449,-2.4,-2.4));
#11136=CARTESIAN_POINT('',(5.44932268067772,-2.4,-2.40094650788704));
#11137=CARTESIAN_POINT('Origin',(5.449,-2.4,-2.4));
#11138=CARTESIAN_POINT('',(5.57839495176631,-2.4,-2.77954966270225));
#11139=CARTESIAN_POINT('Origin',(-5.85,0.,7.00089820861398));
#11140=CARTESIAN_POINT('',(-5.85,1.25,-3.6787785549551));
#11141=CARTESIAN_POINT('',(-5.85,-1.25,-3.6787785549551));
#11142=CARTESIAN_POINT('',(-5.85,1.25,-3.6787785549551));
#11143=CARTESIAN_POINT('',(-5.85,-1.25,-1.9));
#11144=CARTESIAN_POINT('',(-5.85,-1.25,-1.9));
#11145=CARTESIAN_POINT('',(-5.85,-2.4,-1.9));
#11146=CARTESIAN_POINT('',(-5.85,-2.4,-1.9));
#11147=CARTESIAN_POINT('',(-5.85,-2.4,-2.2));
#11148=CARTESIAN_POINT('',(-5.85,-2.4,-2.2));
#11149=CARTESIAN_POINT('',(-5.85,-2.6,-2.4));
#11150=CARTESIAN_POINT('Origin',(-5.85,-2.4,-2.4));
#11151=CARTESIAN_POINT('',(-5.85,-4.3,-2.4));
#11152=CARTESIAN_POINT('',(-5.85,-4.3,-2.4));
#11153=CARTESIAN_POINT('',(-5.85,-4.5,-2.2));
#11154=CARTESIAN_POINT('Origin',(-5.85,-4.5,-2.4));
#11155=CARTESIAN_POINT('',(-5.85,-4.5,1.299));
#11156=CARTESIAN_POINT('',(-5.85,-4.5,-2.2));
#11157=CARTESIAN_POINT('',(-5.85,-4.5,1.299));
#11158=CARTESIAN_POINT('',(-5.85,4.5,-2.2));
#11159=CARTESIAN_POINT('',(-5.85,4.5,1.299));
#11160=CARTESIAN_POINT('',(-5.85,4.3,-2.4));
#11161=CARTESIAN_POINT('Origin',(-5.85,4.5,-2.4));
#11162=CARTESIAN_POINT('',(-5.85,2.6,-2.4));
#11163=CARTESIAN_POINT('',(-5.85,2.6,-2.4));
#11164=CARTESIAN_POINT('',(-5.85,2.4,-2.2));
#11165=CARTESIAN_POINT('Origin',(-5.85,2.4,-2.4));
#11166=CARTESIAN_POINT('',(-5.85,2.4,-1.9));
#11167=CARTESIAN_POINT('',(-5.85,2.4,-1.9));
#11168=CARTESIAN_POINT('',(-5.85,1.25,-1.9));
#11169=CARTESIAN_POINT('',(-5.85,1.25,-1.9));
#11170=CARTESIAN_POINT('',(-5.85,1.25,-3.6787785549551));
#11171=CARTESIAN_POINT('',(-5.85,1.25,-1.12374368670765));
#11172=CARTESIAN_POINT('',(-5.85,-1.25,-1.12374368670765));
#11173=CARTESIAN_POINT('',(-5.85,1.25,-1.12374368670765));
#11174=CARTESIAN_POINT('',(-5.85,1.25,0.323743686707643));
#11175=CARTESIAN_POINT('Origin',(-5.85,1.25,-0.400000000000005));
#11176=CARTESIAN_POINT('',(-5.85,-1.25,0.323743686707642));
#11177=CARTESIAN_POINT('',(-5.85,-1.25,0.323743686707641));
#11178=CARTESIAN_POINT('Origin',(-5.85,-1.25,-0.400000000000005));
#11179=CARTESIAN_POINT('Origin',(-5.45,0.,7.00089820861398));
#11180=CARTESIAN_POINT('',(-5.44999999999999,-1.25,-3.6787785549551));
#11181=CARTESIAN_POINT('',(-5.44999999999999,1.25,-3.6787785549551));
#11182=CARTESIAN_POINT('',(-5.44999999999999,-1.25,-3.67877855495509));
#11183=CARTESIAN_POINT('',(-5.45,1.25,-1.9));
#11184=CARTESIAN_POINT('',(-5.44999999999999,1.25,-3.67877855495509));
#11185=CARTESIAN_POINT('',(-5.45,2.4,-1.9));
#11186=CARTESIAN_POINT('',(-5.45,1.25,-1.9));
#11187=CARTESIAN_POINT('',(-5.44999999999999,2.4,-2.2));
#11188=CARTESIAN_POINT('',(-5.45,2.4,-1.9));
#11189=CARTESIAN_POINT('',(-5.45,2.6,-2.4));
#11190=CARTESIAN_POINT('Origin',(-5.45,2.4,-2.4));
#11191=CARTESIAN_POINT('',(-5.45,4.3,-2.4));
#11192=CARTESIAN_POINT('',(-5.45,2.6,-2.4));
#11193=CARTESIAN_POINT('',(-5.45,4.5,-2.19999999999999));
#11194=CARTESIAN_POINT('Origin',(-5.45,4.5,-2.4));
#11195=CARTESIAN_POINT('',(-5.45,4.5,1.299));
#11196=CARTESIAN_POINT('',(-5.45,-4.5,1.299));
#11197=CARTESIAN_POINT('',(-5.45,-4.5,1.299));
#11198=CARTESIAN_POINT('',(-5.45,-4.5,-2.2));
#11199=CARTESIAN_POINT('',(-5.45,-4.5,-2.2));
#11200=CARTESIAN_POINT('',(-5.45,-4.3,-2.4));
#11201=CARTESIAN_POINT('Origin',(-5.45,-4.5,-2.4));
#11202=CARTESIAN_POINT('',(-5.45,-2.6,-2.4));
#11203=CARTESIAN_POINT('',(-5.45,-4.3,-2.4));
#11204=CARTESIAN_POINT('',(-5.45,-2.4,-2.2));
#11205=CARTESIAN_POINT('Origin',(-5.45,-2.4,-2.4));
#11206=CARTESIAN_POINT('',(-5.44999999999999,-2.4,-1.9));
#11207=CARTESIAN_POINT('',(-5.45,-2.4,-2.2));
#11208=CARTESIAN_POINT('',(-5.45,-1.25,-1.9));
#11209=CARTESIAN_POINT('',(-5.45,-2.4,-1.9));
#11210=CARTESIAN_POINT('',(-5.45,-1.25,-1.9));
#11211=CARTESIAN_POINT('',(-5.45,-1.25,-0.890900974233031));
#11212=CARTESIAN_POINT('',(-5.45,-1.25,0.0909009742330221));
#11213=CARTESIAN_POINT('Origin',(-5.45,-1.25,-0.400000000000005));
#11214=CARTESIAN_POINT('',(-5.45,1.25,0.0909009742330222));
#11215=CARTESIAN_POINT('',(-5.45,-1.25,0.0909009742330221));
#11216=CARTESIAN_POINT('',(-5.45,1.25,-0.890900974233031));
#11217=CARTESIAN_POINT('Origin',(-5.45,1.25,-0.400000000000005));
#11218=CARTESIAN_POINT('',(-5.45,1.25,-0.890900974233031));
#11219=CARTESIAN_POINT('Origin',(5.85,-1.25,-1.9));
#11220=CARTESIAN_POINT('',(-5.84999999999999,-1.25,-3.6787785549551));
#11221=CARTESIAN_POINT('',(-5.45,-1.25,-1.9));
#11222=CARTESIAN_POINT('Origin',(5.85,1.25,-3.7));
#11223=CARTESIAN_POINT('',(-5.44999999999999,1.25,-3.6787785549551));
#11224=CARTESIAN_POINT('',(-5.45,1.25,-1.9));
#11225=CARTESIAN_POINT('Origin',(5.85,-2.4,-1.9));
#11226=CARTESIAN_POINT('',(-5.44999999999999,-2.4,-1.9));
#11227=CARTESIAN_POINT('Origin',(5.85,-2.4,-2.2));
#11228=CARTESIAN_POINT('',(-5.45,-2.4,-2.2));
#11229=CARTESIAN_POINT('Origin',(5.85,-2.4,-2.4));
#11230=CARTESIAN_POINT('',(-5.45,-2.6,-2.4));
#11231=CARTESIAN_POINT('Origin',(-5.449,-4.3,-2.4));
#11232=CARTESIAN_POINT('Ctrl Pts',(-5.85,-4.3,-2.4));
#11233=CARTESIAN_POINT('Ctrl Pts',(-5.85,-4.3,-2.41766610494224));
#11234=CARTESIAN_POINT('Ctrl Pts',(-5.84882828780976,-4.30037654440379,
-2.43528793708451));
#11235=CARTESIAN_POINT('Ctrl Pts',(-5.84652795590911,-4.30112653085896,
-2.45265476493848));
#11236=CARTESIAN_POINT('Ctrl Pts',(-5.84553850466273,-4.30144912562567,
-2.46012483021947));
#11237=CARTESIAN_POINT('Ctrl Pts',(-5.84434088726221,-4.3018408129096,-2.46754785069462));
#11238=CARTESIAN_POINT('Ctrl Pts',(-5.84294137056698,-4.30230134582112,
-2.47490792051451));
#11239=CARTESIAN_POINT('Ctrl Pts',(-5.83998362467433,-4.30327463848147,
-2.49046273050974));
#11240=CARTESIAN_POINT('Ctrl Pts',(-5.83612043995619,-4.30455542887312,
-2.50573645663072));
#11241=CARTESIAN_POINT('Ctrl Pts',(-5.83144909243254,-4.30613711860881,
-2.52055576177655));
#11242=CARTESIAN_POINT('Ctrl Pts',(-5.82969271177644,-4.30673181836978,
-2.52612767454118));
#11243=CARTESIAN_POINT('Ctrl Pts',(-5.82782255288323,-4.30736905584762,
-2.53163559412464));
#11244=CARTESIAN_POINT('Ctrl Pts',(-5.82584539840062,-4.30804848031694,
-2.53707131612514));
#11245=CARTESIAN_POINT('Ctrl Pts',(-5.82033613444751,-4.30994167013627,
-2.55221774375123));
#11246=CARTESIAN_POINT('Ctrl Pts',(-5.813993355859,-4.31216241516314,-2.56680180354345));
#11247=CARTESIAN_POINT('Ctrl Pts',(-5.80698384467799,-4.31469905408934,
-2.58068914452608));
#11248=CARTESIAN_POINT('Ctrl Pts',(-5.80571938782502,-4.31515664241339,
-2.58319430401888));
#11249=CARTESIAN_POINT('Ctrl Pts',(-5.8044333201893,-4.31562451028031,-2.58567689857188));
#11250=CARTESIAN_POINT('Ctrl Pts',(-5.80312672671749,-4.31610258923653,
-2.58813628417814));
#11251=CARTESIAN_POINT('Ctrl Pts',(-5.79575816834597,-4.31879872446993,
-2.60200603539669));
#11252=CARTESIAN_POINT('Ctrl Pts',(-5.78773445455797,-4.32181961493989,
-2.61513483423131));
#11253=CARTESIAN_POINT('Ctrl Pts',(-5.77926429761241,-4.32514898427486,
-2.6274345921855));
#11254=CARTESIAN_POINT('Ctrl Pts',(-5.77749480772049,-4.32584451865782,
-2.63000411923356));
#11255=CARTESIAN_POINT('Ctrl Pts',(-5.77570590273451,-4.32655351594238,
-2.63253763297259));
#11256=CARTESIAN_POINT('Ctrl Pts',(-5.77389958124582,-4.32727582773072,
-2.63503459767934));
#11257=CARTESIAN_POINT('Ctrl Pts',(-5.76488808131443,-4.33087934608105,
-2.64749162563614));
#11258=CARTESIAN_POINT('Ctrl Pts',(-5.75544197104132,-4.33481424653925,
-2.65903583746672));
#11259=CARTESIAN_POINT('Ctrl Pts',(-5.74580861074252,-4.33905754319392,
-2.66963984977947));
#11260=CARTESIAN_POINT('Ctrl Pts',(-5.7436479920041,-4.34000925121483,-2.67201817125761));
#11261=CARTESIAN_POINT('Ctrl Pts',(-5.74147796306473,-4.3409764727319,-2.67434940579871));
#11262=CARTESIAN_POINT('Ctrl Pts',(-5.73930131299729,-4.34195894840916,
-2.67663359823429));
#11263=CARTESIAN_POINT('Ctrl Pts',(-5.72906262818884,-4.34658038891626,
-2.68737814865127));
#11264=CARTESIAN_POINT('Ctrl Pts',(-5.71867838587282,-4.35153934935249,
-2.69707813186239));
#11265=CARTESIAN_POINT('Ctrl Pts',(-5.70842377264933,-4.35680376931754,
-2.70577819769302));
#11266=CARTESIAN_POINT('Ctrl Pts',(-5.70648515041022,-4.35779900155087,
-2.70742293462589));
#11267=CARTESIAN_POINT('Ctrl Pts',(-5.70455110925854,-4.35880515073842,
-2.70903207616127));
#11268=CARTESIAN_POINT('Ctrl Pts',(-5.70262342859507,-4.35982200026413,
-2.71060611144612));
#11269=CARTESIAN_POINT('Ctrl Pts',(-5.69175091225245,-4.36555724121757,
-2.71948399494762));
#11270=CARTESIAN_POINT('Ctrl Pts',(-5.68108384959428,-4.37163288053112,
-2.72724200245525));
#11271=CARTESIAN_POINT('Ctrl Pts',(-5.67090848611899,-4.37800443398215,
-2.73400243081208));
#11272=CARTESIAN_POINT('Ctrl Pts',(-5.66925626052892,-4.37903901556599,
-2.73510015599488));
#11273=CARTESIAN_POINT('Ctrl Pts',(-5.66761691488088,-4.38008139912455,
-2.73617165272741));
#11274=CARTESIAN_POINT('Ctrl Pts',(-5.66599157508313,-4.3811313942152,-2.73721752081252));
#11275=CARTESIAN_POINT('Ctrl Pts',(-5.65552483168591,-4.38789307518636,
-2.74395262499774));
#11276=CARTESIAN_POINT('Ctrl Pts',(-5.64564405922899,-4.39497040695945,
-2.74962373939892));
#11277=CARTESIAN_POINT('Ctrl Pts',(-5.636602972124,-4.4023068542044,-2.75440954396043));
#11278=CARTESIAN_POINT('Ctrl Pts',(-5.63526408625142,-4.40339330160361,
-2.7551182691438));
#11279=CARTESIAN_POINT('Ctrl Pts',(-5.63394352199274,-4.40448543149905,
-2.75580758446193));
#11280=CARTESIAN_POINT('Ctrl Pts',(-5.63264200770003,-4.40558306028398,
-2.75647806806016));
#11281=CARTESIAN_POINT('Ctrl Pts',(-5.62399319907833,-4.41287701114702,
-2.76093355837446));
#11282=CARTESIAN_POINT('Ctrl Pts',(-5.61619079734085,-4.42041378493307,
-2.76455874434118));
#11283=CARTESIAN_POINT('Ctrl Pts',(-5.60940361315326,-4.42813509289426,
-2.76752099380495));
#11284=CARTESIAN_POINT('Ctrl Pts',(-5.6081624937432,-4.42954702822956,-2.76806267724912));
#11285=CARTESIAN_POINT('Ctrl Pts',(-5.60695520408428,-4.4309651341262,-2.76858211643236));
#11286=CARTESIAN_POINT('Ctrl Pts',(-5.60578262406254,-4.43238905416871,
-2.76908021999569));
#11287=CARTESIAN_POINT('Ctrl Pts',(-5.59964767688217,-4.43983901416113,
-2.77168630145254));
#11288=CARTESIAN_POINT('Ctrl Pts',(-5.59446679044396,-4.44744813000087,
-2.77371105817039));
#11289=CARTESIAN_POINT('Ctrl Pts',(-5.59032980240961,-4.45516262244598,
-2.77526908605807));
#11290=CARTESIAN_POINT('Ctrl Pts',(-5.58946333880263,-4.45677836967428,
-2.77559540425192));
#11291=CARTESIAN_POINT('Ctrl Pts',(-5.58864256638798,-4.45839873939627,
-2.77590109747591));
#11292=CARTESIAN_POINT('Ctrl Pts',(-5.58786815751044,-4.46002323751422,
-2.77618696791576));
#11293=CARTESIAN_POINT('Ctrl Pts',(-5.58429560138768,-4.4675174835979,-2.77750576502646));
#11294=CARTESIAN_POINT('Ctrl Pts',(-5.58171229811847,-4.47509959122306,
-2.77840607216251));
#11295=CARTESIAN_POINT('Ctrl Pts',(-5.58015677140322,-4.48271952227665,
-2.77894445676785));
#11296=CARTESIAN_POINT('Ctrl Pts',(-5.57898384288041,-4.48846525096585,
-2.77935042000439));
#11297=CARTESIAN_POINT('Ctrl Pts',(-5.57839495176631,-4.49423248513,-2.77954966270225));
#11298=CARTESIAN_POINT('Ctrl Pts',(-5.57839495176631,-4.5,-2.77954966270225));
#11299=CARTESIAN_POINT('Ctrl Pts',(-5.57839495176631,-2.4,-2.77954966270225));
#11300=CARTESIAN_POINT('Ctrl Pts',(-5.57839495176631,-2.40763731865849,
-2.77954966270225));
#11301=CARTESIAN_POINT('Ctrl Pts',(-5.57942992271508,-2.41527266820564,
-2.77920147223709));
#11302=CARTESIAN_POINT('Ctrl Pts',(-5.58148076788981,-2.42285773510449,
-2.7784836140962));
#11303=CARTESIAN_POINT('Ctrl Pts',(-5.58263455736507,-2.42712503449153,
-2.77807975271364));
#11304=CARTESIAN_POINT('Ctrl Pts',(-5.58410957690367,-2.43137641891904,
-2.77755798254054));
#11305=CARTESIAN_POINT('Ctrl Pts',(-5.58589985861862,-2.43560328538693,
-2.77690771909076));
#11306=CARTESIAN_POINT('Ctrl Pts',(-5.58918724143097,-2.44336481702778,
-2.77571368081709));
#11307=CARTESIAN_POINT('Ctrl Pts',(-5.59353810647115,-2.45104367977345,
-2.77408936041954));
#11308=CARTESIAN_POINT('Ctrl Pts',(-5.59887552680539,-2.45858589003289,
-2.77193860577359));
#11309=CARTESIAN_POINT('Ctrl Pts',(-5.60058523377182,-2.46100184542245,
-2.771249666179));
#11310=CARTESIAN_POINT('Ctrl Pts',(-5.60239596589735,-2.4634037791954,-2.77050636064637));
#11311=CARTESIAN_POINT('Ctrl Pts',(-5.60430457928047,-2.46578991702907,
-2.76970459512226));
#11312=CARTESIAN_POINT('Ctrl Pts',(-5.61053274625422,-2.47357633673137,
-2.76708828235713));
#11313=CARTESIAN_POINT('Ctrl Pts',(-5.61780520932281,-2.48119455487325,
-2.76385235872348));
#11314=CARTESIAN_POINT('Ctrl Pts',(-5.62596754395657,-2.48858679454711,
-2.7598381419277));
#11315=CARTESIAN_POINT('Ctrl Pts',(-5.62704635309331,-2.4895638208587,-2.7593075861553));
#11316=CARTESIAN_POINT('Ctrl Pts',(-5.62814064635977,-2.49053689962154,
-2.7587633915773));
#11317=CARTESIAN_POINT('Ctrl Pts',(-5.62925000991907,-2.491505897439,-2.75820515619429));
#11318=CARTESIAN_POINT('Ctrl Pts',(-5.63781580681092,-2.49898787971918,
-2.75389481909271));
#11319=CARTESIAN_POINT('Ctrl Pts',(-5.64728257078869,-2.5062265583983,-2.74874867172373));
#11320=CARTESIAN_POINT('Ctrl Pts',(-5.65741325804002,-2.51316455241837,
-2.74258562998634));
#11321=CARTESIAN_POINT('Ctrl Pts',(-5.65882369659202,-2.51413049026608,
-2.7417275843821));
#11322=CARTESIAN_POINT('Ctrl Pts',(-5.66024692142582,-2.51509059981519,
-2.74084982699752));
#11323=CARTESIAN_POINT('Ctrl Pts',(-5.6616822114187,-2.51604472621457,-2.73995187445585));
#11324=CARTESIAN_POINT('Ctrl Pts',(-5.67159886068749,-2.52263693887375,
-2.7337477760089));
#11325=CARTESIAN_POINT('Ctrl Pts',(-5.68209354385952,-2.52894353689323,
-2.72657821873967));
#11326=CARTESIAN_POINT('Ctrl Pts',(-5.69288821959495,-2.5349185834401,-2.71830729860121));
#11327=CARTESIAN_POINT('Ctrl Pts',(-5.69506135463632,-2.53612145264553,
-2.71664223456244));
#11328=CARTESIAN_POINT('Ctrl Pts',(-5.6972465134978,-2.53731088476212,-2.71493263656025));
#11329=CARTESIAN_POINT('Ctrl Pts',(-5.69944122934044,-2.53848650499606,
-2.71317757047153));
#11330=CARTESIAN_POINT('Ctrl Pts',(-5.7096427660872,-2.54395105433945,-2.70501962544317));
#11331=CARTESIAN_POINT('Ctrl Pts',(-5.72005254242304,-2.54911718399013,
-2.69587560915472));
#11332=CARTESIAN_POINT('Ctrl Pts',(-5.73039772101707,-2.5539520654858,-2.68568570598893));
#11333=CARTESIAN_POINT('Ctrl Pts',(-5.73261483778397,-2.55498824835424,
-2.68350186692259));
#11334=CARTESIAN_POINT('Ctrl Pts',(-5.7348289145403,-2.55600921683018,-2.68127016493143));
#11335=CARTESIAN_POINT('Ctrl Pts',(-5.73703715919346,-2.55701464776505,
-2.67899031331528));
#11336=CARTESIAN_POINT('Ctrl Pts',(-5.74678551997918,-2.56145315211472,
-2.66892584149136));
#11337=CARTESIAN_POINT('Ctrl Pts',(-5.75642081395132,-2.56558885978886,
-2.65791850409235));
#11338=CARTESIAN_POINT('Ctrl Pts',(-5.76569358627923,-2.56939833477244,
-2.64598002441173));
#11339=CARTESIAN_POINT('Ctrl Pts',(-5.76778640803128,-2.57025811562627,
-2.64328556486087));
#11340=CARTESIAN_POINT('Ctrl Pts',(-5.76986076427574,-2.57110127870927,
-2.64054388388665));
#11341=CARTESIAN_POINT('Ctrl Pts',(-5.77191380739514,-2.57192755458787,
-2.63775548993362));
#11342=CARTESIAN_POINT('Ctrl Pts',(-5.78065125870464,-2.57544406390486,
-2.625888493003));
#11343=CARTESIAN_POINT('Ctrl Pts',(-5.78900206237913,-2.57865470725568,
-2.6131706839258));
#11344=CARTESIAN_POINT('Ctrl Pts',(-5.79675056170914,-2.58154280698341,
-2.5996761048072));
#11345=CARTESIAN_POINT('Ctrl Pts',(-5.79851956021422,-2.58220216615521,
-2.5965952643411));
#11346=CARTESIAN_POINT('Ctrl Pts',(-5.80025723878403,-2.58284471376014,
-2.59347413863604));
#11347=CARTESIAN_POINT('Ctrl Pts',(-5.80196118055319,-2.58347025134203,
-2.5903139643392));
#11348=CARTESIAN_POINT('Ctrl Pts',(-5.80922275068191,-2.58613606134871,
-2.57684646932798));
#11349=CARTESIAN_POINT('Ctrl Pts',(-5.81586978907166,-2.58849294392235,
-2.56266538757718));
#11350=CARTESIAN_POINT('Ctrl Pts',(-5.82173006475378,-2.59052933420872,
-2.54789624345684));
#11351=CARTESIAN_POINT('Ctrl Pts',(-5.82301492479631,-2.59097581090229,
-2.54465812221956));
#11352=CARTESIAN_POINT('Ctrl Pts',(-5.82426208864903,-2.59140688148085,
-2.54139188842788));
#11353=CARTESIAN_POINT('Ctrl Pts',(-5.82546996331413,-2.5918224240585,-2.53809911919437));
#11354=CARTESIAN_POINT('Ctrl Pts',(-5.83088457181025,-2.59368520041802,
-2.52333843517416));
#11355=CARTESIAN_POINT('Ctrl Pts',(-5.83550678902675,-2.59523593989919,
-2.50804084683972));
#11356=CARTESIAN_POINT('Ctrl Pts',(-5.83921623150397,-2.59646759757706,
-2.4923704101476));
#11357=CARTESIAN_POINT('Ctrl Pts',(-5.84031960445056,-2.59683395391485,
-2.48770924178783));
#11358=CARTESIAN_POINT('Ctrl Pts',(-5.84134250810798,-2.59717207904743,
-2.48301528207087));
#11359=CARTESIAN_POINT('Ctrl Pts',(-5.84228254256309,-2.59748178757151,
-2.47829330568518));
#11360=CARTESIAN_POINT('Ctrl Pts',(-5.84531434235076,-2.59848065972181,
-2.46306398411542));
#11361=CARTESIAN_POINT('Ctrl Pts',(-5.84748110839802,-2.59918394459544,
-2.4475402881666));
#11362=CARTESIAN_POINT('Ctrl Pts',(-5.84872939049368,-2.59958869331442,
-2.43189693363868));
#11363=CARTESIAN_POINT('Ctrl Pts',(-5.849574800007,-2.59986281277726,-2.42130234065043));
#11364=CARTESIAN_POINT('Ctrl Pts',(-5.85,-2.6,-2.41065298923537));
#11365=CARTESIAN_POINT('Ctrl Pts',(-5.85,-2.6,-2.4));
#11366=CARTESIAN_POINT('Origin',(5.85,-4.5,-2.4));
#11367=CARTESIAN_POINT('',(-5.45,-4.3,-2.4));
#11368=CARTESIAN_POINT('',(-5.45,-4.5,-2.2));
#11369=CARTESIAN_POINT('Origin',(-5.44999999999999,-4.5,-8.3));
#11370=CARTESIAN_POINT('',(-5.45,-4.5,1.299));
#11371=CARTESIAN_POINT('Origin',(-5.449,-4.5,1.299));
#11372=CARTESIAN_POINT('Origin',(-5.449,-4.5,1.299));
#11373=CARTESIAN_POINT('Origin',(-5.45,4.5,1.299));
#11374=CARTESIAN_POINT('',(-5.45,4.5,-2.2));
#11375=CARTESIAN_POINT('Origin',(5.85,4.5,-2.4));
#11376=CARTESIAN_POINT('',(-5.45,4.3,-2.4));
#11377=CARTESIAN_POINT('Origin',(-5.449,2.6,-2.4));
#11378=CARTESIAN_POINT('Ctrl Pts',(-5.85,2.6,-2.4));
#11379=CARTESIAN_POINT('Ctrl Pts',(-5.85,2.6,-2.41766610494237));
#11380=CARTESIAN_POINT('Ctrl Pts',(-5.84882828780974,2.5996234555962,-2.43528793708478));
#11381=CARTESIAN_POINT('Ctrl Pts',(-5.84652795590906,2.59887346914102,-2.45265476493888));
#11382=CARTESIAN_POINT('Ctrl Pts',(-5.84553850466272,2.59855087437433,-2.46012483021949));
#11383=CARTESIAN_POINT('Ctrl Pts',(-5.84434088726226,2.59815918709043,-2.46754785069426));
#11384=CARTESIAN_POINT('Ctrl Pts',(-5.84294137056712,2.59769865417893,-2.47490792051378));
#11385=CARTESIAN_POINT('Ctrl Pts',(-5.83998362467451,2.59672536151859,-2.49046273050897));
#11386=CARTESIAN_POINT('Ctrl Pts',(-5.83612043995641,2.59544457112696,-2.50573645662991));
#11387=CARTESIAN_POINT('Ctrl Pts',(-5.83144909243281,2.59386288139129,-2.5205557617757));
#11388=CARTESIAN_POINT('Ctrl Pts',(-5.82969271177675,2.59326818163033,-2.52612767454024));
#11389=CARTESIAN_POINT('Ctrl Pts',(-5.82782255288358,2.59263094415251,-2.53163559412362));
#11390=CARTESIAN_POINT('Ctrl Pts',(-5.82584539840102,2.5919515196832,-2.53707131612404));
#11391=CARTESIAN_POINT('Ctrl Pts',(-5.82033613444792,2.59005832986388,-2.55221774375024));
#11392=CARTESIAN_POINT('Ctrl Pts',(-5.81399335585941,2.58783758483701,-2.56680180354257));
#11393=CARTESIAN_POINT('Ctrl Pts',(-5.80698384467838,2.5853009459108,-2.5806891445253));
#11394=CARTESIAN_POINT('Ctrl Pts',(-5.80571938782547,2.58484335758678,-2.58319430401799));
#11395=CARTESIAN_POINT('Ctrl Pts',(-5.80443332018981,2.58437548971988,-2.5856768985709));
#11396=CARTESIAN_POINT('Ctrl Pts',(-5.80312672671806,2.58389741076368,-2.58813628417706));
#11397=CARTESIAN_POINT('Ctrl Pts',(-5.79575816834662,2.58120127553032,-2.60200603539556));
#11398=CARTESIAN_POINT('Ctrl Pts',(-5.78773445455871,2.57818038506039,-2.61513483423013));
#11399=CARTESIAN_POINT('Ctrl Pts',(-5.77926429761324,2.57485101572546,-2.62743459218429));
#11400=CARTESIAN_POINT('Ctrl Pts',(-5.77749480772127,2.57415548134248,-2.63000411923245));
#11401=CARTESIAN_POINT('Ctrl Pts',(-5.77570590273524,2.57344648405791,-2.63253763297157));
#11402=CARTESIAN_POINT('Ctrl Pts',(-5.7738995812465,2.57272417226955,-2.63503459767841));
#11403=CARTESIAN_POINT('Ctrl Pts',(-5.76488808131509,2.56912065391922,-2.6474916256353));
#11404=CARTESIAN_POINT('Ctrl Pts',(-5.75544197104196,2.56518575346103,-2.65903583746597));
#11405=CARTESIAN_POINT('Ctrl Pts',(-5.74580861074312,2.56094245680635,-2.66963984977881));
#11406=CARTESIAN_POINT('Ctrl Pts',(-5.74364799200476,2.55999074878546,-2.6720181712569));
#11407=CARTESIAN_POINT('Ctrl Pts',(-5.74147796306543,2.55902352726842,-2.67434940579796));
#11408=CARTESIAN_POINT('Ctrl Pts',(-5.73930131299803,2.55804105159118,-2.67663359823351));
#11409=CARTESIAN_POINT('Ctrl Pts',(-5.72906262818963,2.55341961108412,-2.68737814865049));
#11410=CARTESIAN_POINT('Ctrl Pts',(-5.71867838587366,2.54846065064793,-2.69707813186163));
#11411=CARTESIAN_POINT('Ctrl Pts',(-5.7084237726502,2.54319623068291,-2.70577819769228));
#11412=CARTESIAN_POINT('Ctrl Pts',(-5.70648515041104,2.54220099844956,-2.7074229346252));
#11413=CARTESIAN_POINT('Ctrl Pts',(-5.70455110925931,2.54119484926199,-2.70903207616064));
#11414=CARTESIAN_POINT('Ctrl Pts',(-5.70262342859579,2.54017799973625,-2.71060611144554));
#11415=CARTESIAN_POINT('Ctrl Pts',(-5.69175091225316,2.53444275878283,-2.71948399494708));
#11416=CARTESIAN_POINT('Ctrl Pts',(-5.68108384959499,2.5283671194693,-2.72724200245475));
#11417=CARTESIAN_POINT('Ctrl Pts',(-5.67090848611969,2.52199556601829,-2.73400243081161));
#11418=CARTESIAN_POINT('Ctrl Pts',(-5.66925626052961,2.52096098443446,-2.73510015599443));
#11419=CARTESIAN_POINT('Ctrl Pts',(-5.66761691488155,2.51991860087588,-2.73617165272697));
#11420=CARTESIAN_POINT('Ctrl Pts',(-5.66599157508379,2.51886860578524,-2.73721752081209));
#11421=CARTESIAN_POINT('Ctrl Pts',(-5.65552483168655,2.51210692481408,-2.74395262499735));
#11422=CARTESIAN_POINT('Ctrl Pts',(-5.6456440592296,2.50502959304101,-2.74962373939858));
#11423=CARTESIAN_POINT('Ctrl Pts',(-5.63660297212458,2.49769314579608,-2.75440954396012));
#11424=CARTESIAN_POINT('Ctrl Pts',(-5.63526408625198,2.49660669839686,-2.75511826914351));
#11425=CARTESIAN_POINT('Ctrl Pts',(-5.63394352199329,2.49551456850141,-2.75580758446164));
#11426=CARTESIAN_POINT('Ctrl Pts',(-5.63264200770056,2.49441693971646,-2.75647806805988));
#11427=CARTESIAN_POINT('Ctrl Pts',(-5.62399319907883,2.48712298885344,-2.76093355837422));
#11428=CARTESIAN_POINT('Ctrl Pts',(-5.61619079734131,2.4795862150674,-2.76455874434096));
#11429=CARTESIAN_POINT('Ctrl Pts',(-5.60940361315369,2.47186490710623,-2.76752099380477));
#11430=CARTESIAN_POINT('Ctrl Pts',(-5.60816249374362,2.47045297177093,-2.76806267724894));
#11431=CARTESIAN_POINT('Ctrl Pts',(-5.6069552040847,2.4690348658743,-2.76858211643218));
#11432=CARTESIAN_POINT('Ctrl Pts',(-5.60578262406296,2.46761094583179,-2.76908021999551));
#11433=CARTESIAN_POINT('Ctrl Pts',(-5.59964767688254,2.46016098583938,-2.7716863014524));
#11434=CARTESIAN_POINT('Ctrl Pts',(-5.59446679044427,2.45255186999963,-2.77371105817027));
#11435=CARTESIAN_POINT('Ctrl Pts',(-5.59032980240987,2.4448373775545,-2.77526908605798));
#11436=CARTESIAN_POINT('Ctrl Pts',(-5.58946333880289,2.44322163032622,-2.77559540425183));
#11437=CARTESIAN_POINT('Ctrl Pts',(-5.58864256638823,2.44160126060424,-2.77590109747582));
#11438=CARTESIAN_POINT('Ctrl Pts',(-5.58786815751068,2.43997676248631,-2.77618696791567));
#11439=CARTESIAN_POINT('Ctrl Pts',(-5.58429560138785,2.43248251640257,-2.7775057650264));
#11440=CARTESIAN_POINT('Ctrl Pts',(-5.58171229811858,2.42490040877736,-2.77840607216247));
#11441=CARTESIAN_POINT('Ctrl Pts',(-5.58015677140329,2.4172804777237,-2.77894445676783));
#11442=CARTESIAN_POINT('Ctrl Pts',(-5.57898384288043,2.41153474903438,-2.77935042000439));
#11443=CARTESIAN_POINT('Ctrl Pts',(-5.5783949517663,2.40576751487011,-2.77954966270226));
#11444=CARTESIAN_POINT('Ctrl Pts',(-5.5783949517663,2.4,-2.77954966270226));
#11445=CARTESIAN_POINT('Ctrl Pts',(-5.57839495176631,4.5,-2.77954966270225));
#11446=CARTESIAN_POINT('Ctrl Pts',(-5.57839495176631,4.49236268134151,-2.77954966270225));
#11447=CARTESIAN_POINT('Ctrl Pts',(-5.57942992271508,4.48472733179435,-2.77920147223709));
#11448=CARTESIAN_POINT('Ctrl Pts',(-5.58148076788982,4.4771422648955,-2.7784836140962));
#11449=CARTESIAN_POINT('Ctrl Pts',(-5.58263455736512,4.47287496550831,-2.77807975271363));
#11450=CARTESIAN_POINT('Ctrl Pts',(-5.58410957690378,4.46862358108066,-2.7775579825405));
#11451=CARTESIAN_POINT('Ctrl Pts',(-5.58589985861882,4.46439671461262,-2.77690771909069));
#11452=CARTESIAN_POINT('Ctrl Pts',(-5.58918724143121,4.45663518297177,-2.77571368081701));
#11453=CARTESIAN_POINT('Ctrl Pts',(-5.59353810647144,4.44895632022609,-2.77408936041944));
#11454=CARTESIAN_POINT('Ctrl Pts',(-5.59887552680572,4.44141410996665,-2.77193860577346));
#11455=CARTESIAN_POINT('Ctrl Pts',(-5.60058523377221,4.43899815457703,-2.77124966617884));
#11456=CARTESIAN_POINT('Ctrl Pts',(-5.60239596589779,4.43659622080403,-2.77050636064619));
#11457=CARTESIAN_POINT('Ctrl Pts',(-5.60430457928098,4.43421008297031,-2.76970459512205));
#11458=CARTESIAN_POINT('Ctrl Pts',(-5.61053274625481,4.42642366326798,-2.76708828235687));
#11459=CARTESIAN_POINT('Ctrl Pts',(-5.61780520932349,4.41880544512607,-2.76385235872317));
#11460=CARTESIAN_POINT('Ctrl Pts',(-5.62596754395733,4.4114132054522,-2.75983814192732));
#11461=CARTESIAN_POINT('Ctrl Pts',(-5.62704635309406,4.41043617914064,-2.75930758615494));
#11462=CARTESIAN_POINT('Ctrl Pts',(-5.6281406463605,4.40946310037781,-2.75876339157694));
#11463=CARTESIAN_POINT('Ctrl Pts',(-5.62925000991978,4.40849410256038,-2.75820515619393));
#11464=CARTESIAN_POINT('Ctrl Pts',(-5.63781580681165,4.40101212028023,-2.75389481909232));
#11465=CARTESIAN_POINT('Ctrl Pts',(-5.64728257078943,4.39377344160115,-2.74874867172332));
#11466=CARTESIAN_POINT('Ctrl Pts',(-5.65741325804076,4.38683544758113,-2.7425856299859));
#11467=CARTESIAN_POINT('Ctrl Pts',(-5.6588236965928,4.38586950973339,-2.74172758438163));
#11468=CARTESIAN_POINT('Ctrl Pts',(-5.66024692142663,4.38490940018426,-2.74084982699702));
#11469=CARTESIAN_POINT('Ctrl Pts',(-5.66168221141956,4.38395527378486,-2.73995187445532));
#11470=CARTESIAN_POINT('Ctrl Pts',(-5.67159886068835,4.37736306112571,-2.73374777600833));
#11471=CARTESIAN_POINT('Ctrl Pts',(-5.68209354386039,4.37105646310627,-2.72657821873906));
#11472=CARTESIAN_POINT('Ctrl Pts',(-5.69288821959582,4.36508141655943,-2.71830729860055));
#11473=CARTESIAN_POINT('Ctrl Pts',(-5.69506135463723,4.36387854735397,-2.71664223456174));
#11474=CARTESIAN_POINT('Ctrl Pts',(-5.69724651349875,4.36268911523737,-2.7149326365595));
#11475=CARTESIAN_POINT('Ctrl Pts',(-5.69944122934143,4.36151349500341,-2.71317757047074));
#11476=CARTESIAN_POINT('Ctrl Pts',(-5.70964276608819,4.35604894566005,-2.70501962544233));
#11477=CARTESIAN_POINT('Ctrl Pts',(-5.72005254242402,4.3508828160094,-2.69587560915382));
#11478=CARTESIAN_POINT('Ctrl Pts',(-5.73039772101804,4.34604793451375,-2.68568570598799));
#11479=CARTESIAN_POINT('Ctrl Pts',(-5.73261483778494,4.34501175164531,-2.68350186692162));
#11480=CARTESIAN_POINT('Ctrl Pts',(-5.73482891454128,4.34399078316937,-2.68127016493044));
#11481=CARTESIAN_POINT('Ctrl Pts',(-5.73703715919446,4.3429853522345,-2.67899031331426));
#11482=CARTESIAN_POINT('Ctrl Pts',(-5.74678551998016,4.33854684788484,-2.66892584149027));
#11483=CARTESIAN_POINT('Ctrl Pts',(-5.75642081395229,4.33441114021072,-2.6579185040912));
#11484=CARTESIAN_POINT('Ctrl Pts',(-5.76569358628019,4.33060166522717,-2.64598002441051));
#11485=CARTESIAN_POINT('Ctrl Pts',(-5.76778640803223,4.32974188437334,-2.64328556485963));
#11486=CARTESIAN_POINT('Ctrl Pts',(-5.76986076427668,4.32889872129035,-2.6405438838854));
#11487=CARTESIAN_POINT('Ctrl Pts',(-5.77191380739607,4.32807244541175,-2.63775548993236));
#11488=CARTESIAN_POINT('Ctrl Pts',(-5.78065125870551,4.32455593609479,-2.62588849300172));
#11489=CARTESIAN_POINT('Ctrl Pts',(-5.78900206237994,4.32134529274401,-2.61317068392451));
#11490=CARTESIAN_POINT('Ctrl Pts',(-5.79675056170989,4.3184571930163,-2.5996761048059));
#11491=CARTESIAN_POINT('Ctrl Pts',(-5.79851956021498,4.31779783384451,-2.59659526433974));
#11492=CARTESIAN_POINT('Ctrl Pts',(-5.80025723878481,4.31715528623957,-2.59347413863462));
#11493=CARTESIAN_POINT('Ctrl Pts',(-5.80196118055399,4.31652974865768,-2.59031396433772));
#11494=CARTESIAN_POINT('Ctrl Pts',(-5.80922275068266,4.31386393865102,-2.57684646932646));
#11495=CARTESIAN_POINT('Ctrl Pts',(-5.81586978907235,4.3115070560774,-2.56266538757562));
#11496=CARTESIAN_POINT('Ctrl Pts',(-5.82173006475441,4.30947066579105,-2.54789624345525));
#11497=CARTESIAN_POINT('Ctrl Pts',(-5.82301492479693,4.30902418909749,-2.54465812221795));
#11498=CARTESIAN_POINT('Ctrl Pts',(-5.82426208864964,4.30859311851893,-2.54139188842625));
#11499=CARTESIAN_POINT('Ctrl Pts',(-5.82546996331473,4.30817757594129,-2.53809911919272));
#11500=CARTESIAN_POINT('Ctrl Pts',(-5.83088457181078,4.3063147995818,-2.52333843517253));
#11501=CARTESIAN_POINT('Ctrl Pts',(-5.8355067890272,4.30476406010066,-2.50804084683811));
#11502=CARTESIAN_POINT('Ctrl Pts',(-5.83921623150435,4.30353240242282,-2.49237041014604));
#11503=CARTESIAN_POINT('Ctrl Pts',(-5.84031960445091,4.30316604608503,-2.48770924178626));
#11504=CARTESIAN_POINT('Ctrl Pts',(-5.84134250810831,4.30282792095246,-2.48301528206929));
#11505=CARTESIAN_POINT('Ctrl Pts',(-5.8422825425634,4.30251821242839,-2.4782933056836));
#11506=CARTESIAN_POINT('Ctrl Pts',(-5.84531434235098,4.30151934027811,-2.46306398411402));
#11507=CARTESIAN_POINT('Ctrl Pts',(-5.84748110839816,4.30081605540451,-2.44754028816539));
#11508=CARTESIAN_POINT('Ctrl Pts',(-5.84872939049376,4.30041130668555,-2.43189693363767));
#11509=CARTESIAN_POINT('Ctrl Pts',(-5.84957480000702,4.30013718722273,-2.42130234064975));
#11510=CARTESIAN_POINT('Ctrl Pts',(-5.85,4.3,-2.41065298923503));
#11511=CARTESIAN_POINT('Ctrl Pts',(-5.85,4.3,-2.4));
#11512=CARTESIAN_POINT('Origin',(5.85,2.4,-2.4));
#11513=CARTESIAN_POINT('',(-5.45,2.6,-2.4));
#11514=CARTESIAN_POINT('',(-5.44999999999999,2.4,-2.2));
#11515=CARTESIAN_POINT('Origin',(5.85,2.4,-1.9));
#11516=CARTESIAN_POINT('',(-5.45,2.4,-1.9));
#11517=CARTESIAN_POINT('Origin',(5.85,1.25,-1.9));
#11518=CARTESIAN_POINT('Origin',(-5.449,4.3,-2.4));
#11519=CARTESIAN_POINT('Ctrl Pts',(-5.44932268067772,4.5,-2.40094650788704));
#11520=CARTESIAN_POINT('Ctrl Pts',(-5.44932268067772,4.48802951653077,-2.40094650788704));
#11521=CARTESIAN_POINT('Ctrl Pts',(-5.44932904432835,4.47610766959725,-2.40094446208008));
#11522=CARTESIAN_POINT('Ctrl Pts',(-5.4493414270707,4.46439671114468,-2.40094000460036));
#11523=CARTESIAN_POINT('Ctrl Pts',(-5.44935227414387,4.45413810931768,-2.40093609992341));
#11524=CARTESIAN_POINT('Ctrl Pts',(-5.4493677426915,4.44404095795605,-2.40093034431752));
#11525=CARTESIAN_POINT('Ctrl Pts',(-5.44938735137025,4.43421007817961,-2.4009220950085));
#11526=CARTESIAN_POINT('Ctrl Pts',(-5.44939559694662,4.43007612958077,-2.40091862612064));
#11527=CARTESIAN_POINT('Ctrl Pts',(-5.44940457527137,4.42598928525349,-2.40091471604491));
#11528=CARTESIAN_POINT('Ctrl Pts',(-5.44941422897997,4.42195704949599,-2.40091030019695));
#11529=CARTESIAN_POINT('Ctrl Pts',(-5.44942514951031,4.41739567782775,-2.40090530487302));
#11530=CARTESIAN_POINT('Ctrl Pts',(-5.44943694485029,4.41290353465586,-2.40089968055679));
#11531=CARTESIAN_POINT('Ctrl Pts',(-5.44944952934223,4.40849409809237,-2.40089333544334));
#11532=CARTESIAN_POINT('Ctrl Pts',(-5.44947320478733,4.40019854085438,-2.4008813982602));
#11533=CARTESIAN_POINT('Ctrl Pts',(-5.44949967452048,4.39219577571265,-2.40086690924206));
#11534=CARTESIAN_POINT('Ctrl Pts',(-5.44952810524277,4.38456931386096,-2.40084922765067));
#11535=CARTESIAN_POINT('Ctrl Pts',(-5.4495554136966,4.37724389738804,-2.40083224401877));
#11536=CARTESIAN_POINT('Ctrl Pts',(-5.44958453089522,4.37026570117013,-2.40081231441183));
#11537=CARTESIAN_POINT('Ctrl Pts',(-5.44961447757241,4.36370093593462,-2.40078897216575));
#11538=CARTESIAN_POINT('Ctrl Pts',(-5.44964854311294,4.35623325346936,-2.40076241942921));
#11539=CARTESIAN_POINT('Ctrl Pts',(-5.44968372747493,4.34930224357952,-2.40073148673544));
#11540=CARTESIAN_POINT('Ctrl Pts',(-5.44971834011174,4.34298535077303,-2.4006957780336));
#11541=CARTESIAN_POINT('Ctrl Pts',(-5.44975092375007,4.33703875526396,-2.40066216258174));
#11542=CARTESIAN_POINT('Ctrl Pts',(-5.44978299985163,4.33163640975088,-2.40062431223818));
#11543=CARTESIAN_POINT('Ctrl Pts',(-5.44981303733289,4.32683294056876,-2.400582310289));
#11544=CARTESIAN_POINT('Ctrl Pts',(-5.44983692997474,4.32301212857038,-2.40054890077906));
#11545=CARTESIAN_POINT('Ctrl Pts',(-5.44985956555888,4.3195700513189,-2.40051291041697));
#11546=CARTESIAN_POINT('Ctrl Pts',(-5.44988021745596,4.31652975028416,-2.4004746065349));
#11547=CARTESIAN_POINT('Ctrl Pts',(-5.44990229551675,4.31327949434764,-2.40043365749115));
#11548=CARTESIAN_POINT('Ctrl Pts',(-5.44992210647286,4.31048842502019,-2.40039006439772));
#11549=CARTESIAN_POINT('Ctrl Pts',(-5.44993888788982,4.3081775778033,-2.40034440890099));
#11550=CARTESIAN_POINT('Ctrl Pts',(-5.4499415359242,4.30781293619428,-2.40033720466279));
#11551=CARTESIAN_POINT('Ctrl Pts',(-5.44994410852423,4.30746025150071,-2.4003299490683));
#11552=CARTESIAN_POINT('Ctrl Pts',(-5.44994660355331,4.30711957738527,-2.40032264523545));
#11553=CARTESIAN_POINT('Ctrl Pts',(-5.44995998519219,4.30529243315889,-2.40028347244413));
#11554=CARTESIAN_POINT('Ctrl Pts',(-5.44997099523378,4.30382303905465,-2.40024321375753));
#11555=CARTESIAN_POINT('Ctrl Pts',(-5.4499794750388,4.30269909804396,-2.40020201519116));
#11556=CARTESIAN_POINT('Ctrl Pts',(-5.44998770396392,4.30160840947354,-2.40016203550803));
#11557=CARTESIAN_POINT('Ctrl Pts',(-5.4499935521696,4.30084308152813,-2.40012116473926));
#11558=CARTESIAN_POINT('Ctrl Pts',(-5.44999685363865,4.30041130754412,-2.40007954533344));
#11559=CARTESIAN_POINT('Ctrl Pts',(-5.44999893446602,4.30013917198549,-2.40005331373849));
#11560=CARTESIAN_POINT('Ctrl Pts',(-5.45,4.3,-2.40002678374832));
#11561=CARTESIAN_POINT('Ctrl Pts',(-5.45,4.3,-2.4));
#11562=CARTESIAN_POINT('Ctrl Pts',(-5.45,2.6,-2.4));
#11563=CARTESIAN_POINT('Ctrl Pts',(-5.45,2.6,-2.40002683352698));
#11564=CARTESIAN_POINT('Ctrl Pts',(-5.44999893069646,2.59986031781914,-2.40005336289647));
#11565=CARTESIAN_POINT('Ctrl Pts',(-5.44999685481487,2.59958869245587,-2.40007954542729));
#11566=CARTESIAN_POINT('Ctrl Pts',(-5.44999354509601,2.59915562171163,-2.40012129001245));
#11567=CARTESIAN_POINT('Ctrl Pts',(-5.44998768650228,2.59838836158659,-2.40016215462847));
#11568=CARTESIAN_POINT('Ctrl Pts',(-5.44997949061657,2.59730090195593,-2.40020201840405));
#11569=CARTESIAN_POINT('Ctrl Pts',(-5.44996940878824,2.59596320866823,-2.4002510551715));
#11570=CARTESIAN_POINT('Ctrl Pts',(-5.44995579585361,2.59414235356895,-2.40029859253669));
#11571=CARTESIAN_POINT('Ctrl Pts',(-5.4499389531057,2.5918224221965,-2.40034443282391));
#11572=CARTESIAN_POINT('Ctrl Pts',(-5.44993535229578,2.59132644422686,-2.40035423301578));
#11573=CARTESIAN_POINT('Ctrl Pts',(-5.44993160266843,2.59080746553727,-2.40036395479394));
#11574=CARTESIAN_POINT('Ctrl Pts',(-5.4499277075807,2.59026509663778,-2.4003735967416));
#11575=CARTESIAN_POINT('Ctrl Pts',(-5.44991352463051,2.58829020117099,-2.40040870538948));
#11576=CARTESIAN_POINT('Ctrl Pts',(-5.44989757660093,2.58602187777712,-2.40044247296924));
#11577=CARTESIAN_POINT('Ctrl Pts',(-5.4498802325478,2.58347024971555,-2.40047461467231));
#11578=CARTESIAN_POINT('Ctrl Pts',(-5.44985735766518,2.58010493527846,-2.40051700601414));
#11579=CARTESIAN_POINT('Ctrl Pts',(-5.44983205442081,2.57624679470797,-2.40055656904754));
#11580=CARTESIAN_POINT('Ctrl Pts',(-5.44980531190652,2.57192755404373,-2.40059293633403));
#11581=CARTESIAN_POINT('Ctrl Pts',(-5.44979414538739,2.57012402566366,-2.40060812174239));
#11582=CARTESIAN_POINT('Ctrl Pts',(-5.44978272795824,2.5682401128699,-2.400622749987));
#11583=CARTESIAN_POINT('Ctrl Pts',(-5.4497711343728,2.56627871246172,-2.40063681595905));
#11584=CARTESIAN_POINT('Ctrl Pts',(-5.4497538804369,2.56335969512536,-2.4006577493779));
#11585=CARTESIAN_POINT('Ctrl Pts',(-5.44973620853485,2.56026858469587,-2.40067741968452));
#11586=CARTESIAN_POINT('Ctrl Pts',(-5.44971837781307,2.55701464922648,-2.40069581455079));
#11587=CARTESIAN_POINT('Ctrl Pts',(-5.44968584209583,2.55107719331746,-2.40072937966248));
#11588=CARTESIAN_POINT('Ctrl Pts',(-5.44965277949257,2.54459758708734,-2.40075869657176));
#11589=CARTESIAN_POINT('Ctrl Pts',(-5.44962063738889,2.53764317933948,-2.40078411162944));
#11590=CARTESIAN_POINT('Ctrl Pts',(-5.4496131087945,2.53601425935051,-2.40079006455842));
#11591=CARTESIAN_POINT('Ctrl Pts',(-5.44960563056616,2.53435929182264,-2.40079580354588));
#11592=CARTESIAN_POINT('Ctrl Pts',(-5.44959821813857,2.53267927244115,-2.40080133679287));
#11593=CARTESIAN_POINT('Ctrl Pts',(-5.44957398326801,2.52718646300223,-2.40081942769804));
#11594=CARTESIAN_POINT('Ctrl Pts',(-5.44955043065164,2.52142542992931,-2.40083529505224));
#11595=CARTESIAN_POINT('Ctrl Pts',(-5.44952808414194,2.51543068613833,-2.40084919371917));
#11596=CARTESIAN_POINT('Ctrl Pts',(-5.44949966734182,2.50780750746678,-2.40086686787256));
#11597=CARTESIAN_POINT('Ctrl Pts',(-5.44947320094183,2.49980639941655,-2.40088135850329));
#11598=CARTESIAN_POINT('Ctrl Pts',(-5.44944950638975,2.49150590190687,-2.4008932898306));
#11599=CARTESIAN_POINT('Ctrl Pts',(-5.44944511043174,2.48996594291319,-2.40089550340332));
#11600=CARTESIAN_POINT('Ctrl Pts',(-5.44944080987845,2.48841567913127,-2.40089762888656));
#11601=CARTESIAN_POINT('Ctrl Pts',(-5.44943660839065,2.48685564923323,-2.40089967004491));
#11602=CARTESIAN_POINT('Ctrl Pts',(-5.44941816430596,2.48000728385186,-2.40090863051303));
#11603=CARTESIAN_POINT('Ctrl Pts',(-5.44940162322637,2.47296991540606,-2.40091595792959));
#11604=CARTESIAN_POINT('Ctrl Pts',(-5.44938729997299,2.46578992181959,-2.40092197265666));
#11605=CARTESIAN_POINT('Ctrl Pts',(-5.44937051233225,2.45737457443842,-2.40092902224759));
#11606=CARTESIAN_POINT('Ctrl Pts',(-5.449356771495,2.4487633107468,-2.40093426863595));
#11607=CARTESIAN_POINT('Ctrl Pts',(-5.44934637606644,2.44003487307233,-2.40093810030397));
#11608=CARTESIAN_POINT('Ctrl Pts',(-5.44934462061367,2.43856092132295,-2.40093874734917));
#11609=CARTESIAN_POINT('Ctrl Pts',(-5.44934296049549,2.43708361147781,-2.40093935399006));
#11610=CARTESIAN_POINT('Ctrl Pts',(-5.44934139709409,2.43560328885478,-2.40093992206986));
#11611=CARTESIAN_POINT('Ctrl Pts',(-5.44932900095151,2.42386587436691,-2.4009444263502));
#11612=CARTESIAN_POINT('Ctrl Pts',(-5.44932268067772,2.41193906432205,-2.40094650788704));
#11613=CARTESIAN_POINT('Ctrl Pts',(-5.44932268067772,2.4,-2.40094650788704));
#11614=CARTESIAN_POINT('Origin',(-5.449,4.5,1.299));
#11615=CARTESIAN_POINT('Origin',(-5.449,-4.5,1.299));
#11616=CARTESIAN_POINT('Origin',(-5.449,-2.6,-2.4));
#11617=CARTESIAN_POINT('Ctrl Pts',(-5.44932268067772,-2.4,-2.40094650788704));
#11618=CARTESIAN_POINT('Ctrl Pts',(-5.44932268067772,-2.41197048346914,
-2.40094650788704));
#11619=CARTESIAN_POINT('Ctrl Pts',(-5.44932904432835,-2.42389233040257,
-2.40094446208007));
#11620=CARTESIAN_POINT('Ctrl Pts',(-5.4493414270707,-2.43560328885506,-2.40094000460036));
#11621=CARTESIAN_POINT('Ctrl Pts',(-5.44935227414387,-2.44586189068202,
-2.40093609992341));
#11622=CARTESIAN_POINT('Ctrl Pts',(-5.44936774269151,-2.45595904204361,
-2.40093034431752));
#11623=CARTESIAN_POINT('Ctrl Pts',(-5.44938735137025,-2.46578992182001,
-2.4009220950085));
#11624=CARTESIAN_POINT('Ctrl Pts',(-5.44939559694662,-2.46992387041891,
-2.40091862612064));
#11625=CARTESIAN_POINT('Ctrl Pts',(-5.44940457527138,-2.47401071474623,
-2.40091471604491));
#11626=CARTESIAN_POINT('Ctrl Pts',(-5.44941422897998,-2.47804295050378,
-2.40091030019695));
#11627=CARTESIAN_POINT('Ctrl Pts',(-5.44942514951031,-2.48260432217199,
-2.40090530487302));
#11628=CARTESIAN_POINT('Ctrl Pts',(-5.44943694485029,-2.48709646534384,
-2.40089968055679));
#11629=CARTESIAN_POINT('Ctrl Pts',(-5.44944952934224,-2.49150590190729,
-2.40089333544334));
#11630=CARTESIAN_POINT('Ctrl Pts',(-5.44947320478733,-2.4998014591453,-2.4008813982602));
#11631=CARTESIAN_POINT('Ctrl Pts',(-5.44949967452048,-2.50780422428704,
-2.40086690924206));
#11632=CARTESIAN_POINT('Ctrl Pts',(-5.44952810524277,-2.51543068613874,
-2.40084922765067));
#11633=CARTESIAN_POINT('Ctrl Pts',(-5.4495554136966,-2.52275610261167,-2.40083224401878));
#11634=CARTESIAN_POINT('Ctrl Pts',(-5.44958453089523,-2.5297342988296,-2.40081231441183));
#11635=CARTESIAN_POINT('Ctrl Pts',(-5.44961447757242,-2.53629906406512,
-2.40078897216575));
#11636=CARTESIAN_POINT('Ctrl Pts',(-5.44964854311294,-2.54376674653038,
-2.40076241942921));
#11637=CARTESIAN_POINT('Ctrl Pts',(-5.44968372747493,-2.55069775642023,
-2.40073148673545));
#11638=CARTESIAN_POINT('Ctrl Pts',(-5.44971834011174,-2.55701464922673,
-2.4006957780336));
#11639=CARTESIAN_POINT('Ctrl Pts',(-5.44975092375007,-2.56296124473582,
-2.40066216258175));
#11640=CARTESIAN_POINT('Ctrl Pts',(-5.44978299985163,-2.56836359024892,
-2.40062431223818));
#11641=CARTESIAN_POINT('Ctrl Pts',(-5.44981303733289,-2.57316705943106,
-2.400582310289));
#11642=CARTESIAN_POINT('Ctrl Pts',(-5.44983692997474,-2.57698787142946,
-2.40054890077906));
#11643=CARTESIAN_POINT('Ctrl Pts',(-5.44985956555888,-2.58042994868095,
-2.40051291041697));
#11644=CARTESIAN_POINT('Ctrl Pts',(-5.44988021745596,-2.5834702497157,-2.40047460653491));
#11645=CARTESIAN_POINT('Ctrl Pts',(-5.44990229551675,-2.58672050565224,
-2.40043365749116));
#11646=CARTESIAN_POINT('Ctrl Pts',(-5.44992210647286,-2.5895115749797,-2.40039006439773));
#11647=CARTESIAN_POINT('Ctrl Pts',(-5.44993888788982,-2.5918224221966,-2.400344408901));
#11648=CARTESIAN_POINT('Ctrl Pts',(-5.4499415359242,-2.59218706380563,-2.4003372046628));
#11649=CARTESIAN_POINT('Ctrl Pts',(-5.44994410852423,-2.59253974849922,
-2.40032994906831));
#11650=CARTESIAN_POINT('Ctrl Pts',(-5.44994660355331,-2.59288042261468,
-2.40032264523545));
#11651=CARTESIAN_POINT('Ctrl Pts',(-5.44995998519219,-2.5947075668409,-2.40028347244414));
#11652=CARTESIAN_POINT('Ctrl Pts',(-5.44997099523378,-2.59617696094526,
-2.40024321375754));
#11653=CARTESIAN_POINT('Ctrl Pts',(-5.4499794750388,-2.59730090195598,-2.40020201519116));
#11654=CARTESIAN_POINT('Ctrl Pts',(-5.44998770396392,-2.59839159052648,
-2.40016203550803));
#11655=CARTESIAN_POINT('Ctrl Pts',(-5.4499935521696,-2.59915691847188,-2.40012116473926));
#11656=CARTESIAN_POINT('Ctrl Pts',(-5.44999685363865,-2.59958869245585,
-2.40007954533344));
#11657=CARTESIAN_POINT('Ctrl Pts',(-5.44999893446602,-2.59986082801453,
-2.4000533137385));
#11658=CARTESIAN_POINT('Ctrl Pts',(-5.45,-2.6,-2.40002678374833));
#11659=CARTESIAN_POINT('Ctrl Pts',(-5.45,-2.6,-2.4));
#11660=CARTESIAN_POINT('Ctrl Pts',(-5.45,-4.3,-2.4));
#11661=CARTESIAN_POINT('Ctrl Pts',(-5.45,-4.3,-2.40002683352699));
#11662=CARTESIAN_POINT('Ctrl Pts',(-5.44999893069646,-4.30013968218083,
-2.40005336289648));
#11663=CARTESIAN_POINT('Ctrl Pts',(-5.44999685481487,-4.30041130754414,
-2.4000795454273));
#11664=CARTESIAN_POINT('Ctrl Pts',(-5.44999354509602,-4.30084437828832,
-2.40012129001246));
#11665=CARTESIAN_POINT('Ctrl Pts',(-5.44998768650229,-4.30161163841331,
-2.40016215462848));
#11666=CARTESIAN_POINT('Ctrl Pts',(-5.44997949061657,-4.30269909804402,
-2.40020201840406));
#11667=CARTESIAN_POINT('Ctrl Pts',(-5.44996940878824,-4.3040367913317,-2.4002510551715));
#11668=CARTESIAN_POINT('Ctrl Pts',(-5.44995579585361,-4.30585764643108,
-2.40029859253669));
#11669=CARTESIAN_POINT('Ctrl Pts',(-5.44993895310571,-4.30817757780341,
-2.40034443282391));
#11670=CARTESIAN_POINT('Ctrl Pts',(-5.44993535229579,-4.30867355577307,
-2.40035423301579));
#11671=CARTESIAN_POINT('Ctrl Pts',(-5.44993160266844,-4.30919253446269,
-2.40036395479395));
#11672=CARTESIAN_POINT('Ctrl Pts',(-5.44992770758071,-4.30973490336219,
-2.4003735967416));
#11673=CARTESIAN_POINT('Ctrl Pts',(-5.44991352463052,-4.31170979882895,
-2.40040870538948));
#11674=CARTESIAN_POINT('Ctrl Pts',(-5.44989757660093,-4.31397812222279,
-2.40044247296925));
#11675=CARTESIAN_POINT('Ctrl Pts',(-5.4498802325478,-4.31652975028432,-2.40047461467232));
#11676=CARTESIAN_POINT('Ctrl Pts',(-5.44985735766518,-4.31989506472139,
-2.40051700601415));
#11677=CARTESIAN_POINT('Ctrl Pts',(-5.44983205442082,-4.32375320529186,
-2.40055656904754));
#11678=CARTESIAN_POINT('Ctrl Pts',(-5.44980531190652,-4.32807244595609,
-2.40059293633403));
#11679=CARTESIAN_POINT('Ctrl Pts',(-5.44979414538739,-4.32987597433618,
-2.40060812174239));
#11680=CARTESIAN_POINT('Ctrl Pts',(-5.44978272795825,-4.33175988712996,
-2.400622749987));
#11681=CARTESIAN_POINT('Ctrl Pts',(-5.4497711343728,-4.33372128753817,-2.40063681595905));
#11682=CARTESIAN_POINT('Ctrl Pts',(-5.4497538804369,-4.3366403048745,-2.4006577493779));
#11683=CARTESIAN_POINT('Ctrl Pts',(-5.44973620853485,-4.33973141530395,
-2.40067741968452));
#11684=CARTESIAN_POINT('Ctrl Pts',(-5.44971837781308,-4.3429853507733,-2.40069581455079));
#11685=CARTESIAN_POINT('Ctrl Pts',(-5.44968584209584,-4.3489228066823,-2.40072937966248));
#11686=CARTESIAN_POINT('Ctrl Pts',(-5.44965277949257,-4.3554024129124,-2.40075869657177));
#11687=CARTESIAN_POINT('Ctrl Pts',(-5.4496206373889,-4.36235682066024,-2.40078411162944));
#11688=CARTESIAN_POINT('Ctrl Pts',(-5.4496131087945,-4.36398574064923,-2.40079006455843));
#11689=CARTESIAN_POINT('Ctrl Pts',(-5.44960563056616,-4.36564070817711,
-2.40079580354588));
#11690=CARTESIAN_POINT('Ctrl Pts',(-5.44959821813857,-4.36732072755863,
-2.40080133679287));
#11691=CARTESIAN_POINT('Ctrl Pts',(-5.44957398326802,-4.37281353699751,
-2.40081942769805));
#11692=CARTESIAN_POINT('Ctrl Pts',(-5.44955043065164,-4.3785745700704,-2.40083529505225));
#11693=CARTESIAN_POINT('Ctrl Pts',(-5.44952808414194,-4.38456931386134,
-2.40084919371918));
#11694=CARTESIAN_POINT('Ctrl Pts',(-5.44949966734181,-4.39219249253288,
-2.40086686787257));
#11695=CARTESIAN_POINT('Ctrl Pts',(-5.44947320094183,-4.4001936005831,-2.40088135850329));
#11696=CARTESIAN_POINT('Ctrl Pts',(-5.44944950638975,-4.40849409809278,
-2.40089328983061));
#11697=CARTESIAN_POINT('Ctrl Pts',(-5.44944511043174,-4.4100340570864,-2.40089550340332));
#11698=CARTESIAN_POINT('Ctrl Pts',(-5.44944080987845,-4.41158432086825,
-2.40089762888657));
#11699=CARTESIAN_POINT('Ctrl Pts',(-5.44943660839066,-4.41314435076624,
-2.40089967004491));
#11700=CARTESIAN_POINT('Ctrl Pts',(-5.44941816430596,-4.41999271614765,
-2.40090863051303));
#11701=CARTESIAN_POINT('Ctrl Pts',(-5.44940162322637,-4.42703008459351,
-2.40091595792959));
#11702=CARTESIAN_POINT('Ctrl Pts',(-5.44938729997299,-4.43421007818004,
-2.40092197265667));
#11703=CARTESIAN_POINT('Ctrl Pts',(-5.44937051233225,-4.44262542556116,
-2.4009290222476));
#11704=CARTESIAN_POINT('Ctrl Pts',(-5.44935677149501,-4.45123668925274,
-2.40093426863596));
#11705=CARTESIAN_POINT('Ctrl Pts',(-5.44934637606644,-4.45996512692716,
-2.40093810030397));
#11706=CARTESIAN_POINT('Ctrl Pts',(-5.44934462061367,-4.46143907867663,
-2.40093874734918));
#11707=CARTESIAN_POINT('Ctrl Pts',(-5.4493429604955,-4.46291638852186,-2.40093935399007));
#11708=CARTESIAN_POINT('Ctrl Pts',(-5.44934139709409,-4.46439671114498,
-2.40093992206987));
#11709=CARTESIAN_POINT('Ctrl Pts',(-5.44932900095151,-4.47613412563292,
-2.4009444263502));
#11710=CARTESIAN_POINT('Ctrl Pts',(-5.44932268067772,-4.48806093567787,
-2.40094650788704));
#11711=CARTESIAN_POINT('Ctrl Pts',(-5.44932268067772,-4.5,-2.40094650788704));
#11712=CARTESIAN_POINT('Ctrl Pts',(-5.57839495176631,-2.4,-2.77954966270225));
#11713=CARTESIAN_POINT('Ctrl Pts',(-5.53537086140344,-2.4,-2.65334861109718));
#11714=CARTESIAN_POINT('Ctrl Pts',(-5.49234677104058,-2.4,-2.52714755949211));
#11715=CARTESIAN_POINT('Ctrl Pts',(-5.44932268067772,-2.4,-2.40094650788704));
#11716=CARTESIAN_POINT('Ctrl Pts',(-5.57839495176631,-2.4119313553273,-2.77954966270225));
#11717=CARTESIAN_POINT('Ctrl Pts',(-5.53537086140344,-2.4119313553273,-2.65334861109718));
#11718=CARTESIAN_POINT('Ctrl Pts',(-5.49234677104058,-2.41193135532731,
-2.52714755949211));
#11719=CARTESIAN_POINT('Ctrl Pts',(-5.44932268067772,-2.4119313553273,-2.40094650788704));
#11720=CARTESIAN_POINT('Ctrl Pts',(-5.58313904519155,-2.43427713947322,
-2.77798731879464));
#11721=CARTESIAN_POINT('Ctrl Pts',(-5.53853753390591,-2.43427713947322,
-2.65230574978562));
#11722=CARTESIAN_POINT('Ctrl Pts',(-5.49393602262028,-2.43427713947322,
-2.52662418077659));
#11723=CARTESIAN_POINT('Ctrl Pts',(-5.44933451133464,-2.43427713947322,
-2.40094261176757));
#11724=CARTESIAN_POINT('Ctrl Pts',(-5.60199331032746,-2.46501050834501,
-2.77093076553632));
#11725=CARTESIAN_POINT('Ctrl Pts',(-5.55112271670237,-2.46501050834501,
-2.64759551515018));
#11726=CARTESIAN_POINT('Ctrl Pts',(-5.50025212307727,-2.46501050834501,
-2.52426026476404));
#11727=CARTESIAN_POINT('Ctrl Pts',(-5.44938152945219,-2.46501050834501,
-2.4009250143779));
#11728=CARTESIAN_POINT('Ctrl Pts',(-5.62813912572837,-2.49180539803959,
-2.75923273425099));
#11729=CARTESIAN_POINT('Ctrl Pts',(-5.56857499414786,-2.4918053980396,-2.63978710357735));
#11730=CARTESIAN_POINT('Ctrl Pts',(-5.50901086256736,-2.49180539803959,
-2.5203414729037));
#11731=CARTESIAN_POINT('Ctrl Pts',(-5.44944673098685,-2.4918053980396,-2.40089584223005));
#11732=CARTESIAN_POINT('Ctrl Pts',(-5.66026493388903,-2.51602363328125,
-2.74164732363981));
#11733=CARTESIAN_POINT('Ctrl Pts',(-5.59001890433324,-2.51602363328125,
-2.62804887853929));
#11734=CARTESIAN_POINT('Ctrl Pts',(-5.51977287477745,-2.51602363328125,
-2.51445043343877));
#11735=CARTESIAN_POINT('Ctrl Pts',(-5.44952684522166,-2.51602363328125,
-2.40085198833825));
#11736=CARTESIAN_POINT('Ctrl Pts',(-5.69751540787268,-2.53811826051222,
-2.71599960815179));
#11737=CARTESIAN_POINT('Ctrl Pts',(-5.6148835183057,-2.53811826051222,-2.61092908175053));
#11738=CARTESIAN_POINT('Ctrl Pts',(-5.53225162873873,-2.53811826051222,
-2.50585855534927));
#11739=CARTESIAN_POINT('Ctrl Pts',(-5.44961973917175,-2.53811826051222,
-2.40078802894801));
#11740=CARTESIAN_POINT('Ctrl Pts',(-5.73612912366196,-2.55701393553384,
-2.6816668993467));
#11741=CARTESIAN_POINT('Ctrl Pts',(-5.64065809335042,-2.55701393553384,
-2.58801206997124));
#11742=CARTESIAN_POINT('Ctrl Pts',(-5.54518706303887,-2.55701393553384,
-2.49435724059578));
#11743=CARTESIAN_POINT('Ctrl Pts',(-5.44971603272733,-2.55701393553384,
-2.40070241122032));
#11744=CARTESIAN_POINT('Ctrl Pts',(-5.77210301650459,-2.57223899034402,
-2.6396583972722));
#11745=CARTESIAN_POINT('Ctrl Pts',(-5.66467059206416,-2.57223899034402,
-2.55997148213597));
#11746=CARTESIAN_POINT('Ctrl Pts',(-5.55723816762373,-2.57223899034402,
-2.48028456699974));
#11747=CARTESIAN_POINT('Ctrl Pts',(-5.4498057431833,-2.57223899034402,-2.40059765186352));
#11748=CARTESIAN_POINT('Ctrl Pts',(-5.80259459073367,-2.5838305764255,-2.59199661105051));
#11749=CARTESIAN_POINT('Ctrl Pts',(-5.68502365449636,-2.58383057642549,
-2.52815733888076));
#11750=CARTESIAN_POINT('Ctrl Pts',(-5.56745271825908,-2.5838305764255,-2.46431806671102));
#11751=CARTESIAN_POINT('Ctrl Pts',(-5.44988178202177,-2.5838305764255,-2.40047879454127));
#11752=CARTESIAN_POINT('Ctrl Pts',(-5.82669206265579,-2.59230258329482,
-2.53892729149695));
#11753=CARTESIAN_POINT('Ctrl Pts',(-5.70110866692652,-2.59230258329482,
-2.49273367836413));
#11754=CARTESIAN_POINT('Ctrl Pts',(-5.57552527119724,-2.59230258329482,
-2.44654006523131));
#11755=CARTESIAN_POINT('Ctrl Pts',(-5.44994187546797,-2.59230258329482,
-2.4003464520985));
#11756=CARTESIAN_POINT('Ctrl Pts',(-5.84218212131491,-2.59746370608149,
-2.48496912536043));
#11757=CARTESIAN_POINT('Ctrl Pts',(-5.71144824889099,-2.59746370608149,
-2.45671671460052));
#11758=CARTESIAN_POINT('Ctrl Pts',(-5.58071437646709,-2.59746370608149,
-2.42846430384061));
#11759=CARTESIAN_POINT('Ctrl Pts',(-5.44998050404318,-2.59746370608149,
-2.4002118930807));
#11760=CARTESIAN_POINT('Ctrl Pts',(-5.84891059842656,-2.5996482518942,-2.43796119391615));
#11761=CARTESIAN_POINT('Ctrl Pts',(-5.71593949338032,-2.5996482518942,-2.42533901805043));
#11762=CARTESIAN_POINT('Ctrl Pts',(-5.58296838833409,-2.59964825189421,
-2.41271684218471));
#11763=CARTESIAN_POINT('Ctrl Pts',(-5.44999728328784,-2.5996482518942,-2.40009466631899));
#11764=CARTESIAN_POINT('Ctrl Pts',(-5.85,-2.6,-2.41065086872391));
#11765=CARTESIAN_POINT('Ctrl Pts',(-5.71666666666666,-2.6,-2.40710943273923));
#11766=CARTESIAN_POINT('Ctrl Pts',(-5.58333333333333,-2.6,-2.40356799675456));
#11767=CARTESIAN_POINT('Ctrl Pts',(-5.45,-2.6,-2.40002656076989));
#11768=CARTESIAN_POINT('Ctrl Pts',(-5.85,-2.6,-2.4));
#11769=CARTESIAN_POINT('Ctrl Pts',(-5.71666666666666,-2.6,-2.4));
#11770=CARTESIAN_POINT('Ctrl Pts',(-5.58333333333333,-2.6,-2.4));
#11771=CARTESIAN_POINT('Ctrl Pts',(-5.45,-2.6,-2.4));
#11772=CARTESIAN_POINT('Ctrl Pts',(-5.44932268067772,-4.5,-2.40094650788704));
#11773=CARTESIAN_POINT('Ctrl Pts',(-5.49234677104058,-4.5,-2.52714755949211));
#11774=CARTESIAN_POINT('Ctrl Pts',(-5.53537086140345,-4.5,-2.65334861109718));
#11775=CARTESIAN_POINT('Ctrl Pts',(-5.57839495176631,-4.5,-2.77954966270226));
#11776=CARTESIAN_POINT('Ctrl Pts',(-5.44932268067772,-4.48806864467271,
-2.40094650788704));
#11777=CARTESIAN_POINT('Ctrl Pts',(-5.49234677104058,-4.48806864467271,
-2.52714755949211));
#11778=CARTESIAN_POINT('Ctrl Pts',(-5.53537086140345,-4.48806864467271,
-2.65334861109718));
#11779=CARTESIAN_POINT('Ctrl Pts',(-5.57839495176631,-4.48806864467271,
-2.77954966270226));
#11780=CARTESIAN_POINT('Ctrl Pts',(-5.44933451133464,-4.46572286052681,
-2.40094261176757));
#11781=CARTESIAN_POINT('Ctrl Pts',(-5.49393602262028,-4.46572286052681,
-2.5266241807766));
#11782=CARTESIAN_POINT('Ctrl Pts',(-5.53853753390591,-4.46572286052681,
-2.65230574978563));
#11783=CARTESIAN_POINT('Ctrl Pts',(-5.58313904519155,-4.46572286052681,
-2.77798731879465));
#11784=CARTESIAN_POINT('Ctrl Pts',(-5.44938152945218,-4.43498949165504,
-2.4009250143779));
#11785=CARTESIAN_POINT('Ctrl Pts',(-5.50025212307726,-4.43498949165504,
-2.52426026476404));
#11786=CARTESIAN_POINT('Ctrl Pts',(-5.55112271670234,-4.43498949165504,
-2.64759551515019));
#11787=CARTESIAN_POINT('Ctrl Pts',(-5.60199331032742,-4.43498949165504,
-2.77093076553634));
#11788=CARTESIAN_POINT('Ctrl Pts',(-5.44944673098685,-4.40819460196047,
-2.40089584223005));
#11789=CARTESIAN_POINT('Ctrl Pts',(-5.50901086256734,-4.40819460196046,
-2.52034147290371));
#11790=CARTESIAN_POINT('Ctrl Pts',(-5.56857499414782,-4.40819460196046,
-2.63978710357737));
#11791=CARTESIAN_POINT('Ctrl Pts',(-5.62813912572831,-4.40819460196046,
-2.75923273425103));
#11792=CARTESIAN_POINT('Ctrl Pts',(-5.44952684522166,-4.38397636671882,
-2.40085198833826));
#11793=CARTESIAN_POINT('Ctrl Pts',(-5.51977287477742,-4.38397636671882,
-2.51445043343879));
#11794=CARTESIAN_POINT('Ctrl Pts',(-5.59001890433317,-4.38397636671882,
-2.62804887853934));
#11795=CARTESIAN_POINT('Ctrl Pts',(-5.66026493388893,-4.38397636671882,
-2.74164732363987));
#11796=CARTESIAN_POINT('Ctrl Pts',(-5.44961973917175,-4.36188173948784,
-2.40078802894801));
#11797=CARTESIAN_POINT('Ctrl Pts',(-5.53225162873869,-4.36188173948784,
-2.5058585553493));
#11798=CARTESIAN_POINT('Ctrl Pts',(-5.61488351830563,-4.36188173948784,
-2.61092908175059));
#11799=CARTESIAN_POINT('Ctrl Pts',(-5.69751540787258,-4.36188173948784,
-2.71599960815188));
#11800=CARTESIAN_POINT('Ctrl Pts',(-5.44971603272733,-4.3429860644662,-2.40070241122032));
#11801=CARTESIAN_POINT('Ctrl Pts',(-5.54518706303884,-4.3429860644662,-2.49435724059581));
#11802=CARTESIAN_POINT('Ctrl Pts',(-5.64065809335035,-4.3429860644662,-2.58801206997131));
#11803=CARTESIAN_POINT('Ctrl Pts',(-5.73612912366186,-4.3429860644662,-2.6816668993468));
#11804=CARTESIAN_POINT('Ctrl Pts',(-5.4498057431833,-4.32776100965601,-2.40059765186352));
#11805=CARTESIAN_POINT('Ctrl Pts',(-5.55723816762371,-4.32776100965601,
-2.48028456699978));
#11806=CARTESIAN_POINT('Ctrl Pts',(-5.66467059206412,-4.32776100965601,
-2.55997148213603));
#11807=CARTESIAN_POINT('Ctrl Pts',(-5.77210301650453,-4.32776100965601,
-2.63965839727229));
#11808=CARTESIAN_POINT('Ctrl Pts',(-5.44988178202178,-4.31616942357452,
-2.40047879454128));
#11809=CARTESIAN_POINT('Ctrl Pts',(-5.56745271825906,-4.31616942357452,
-2.46431806671105));
#11810=CARTESIAN_POINT('Ctrl Pts',(-5.68502365449634,-4.31616942357452,
-2.52815733888083));
#11811=CARTESIAN_POINT('Ctrl Pts',(-5.80259459073362,-4.31616942357452,
-2.59199661105061));
#11812=CARTESIAN_POINT('Ctrl Pts',(-5.44994187546797,-4.30769741670519,
-2.4003464520985));
#11813=CARTESIAN_POINT('Ctrl Pts',(-5.57552527119723,-4.30769741670519,
-2.44654006523134));
#11814=CARTESIAN_POINT('Ctrl Pts',(-5.7011086669265,-4.30769741670519,-2.49273367836419));
#11815=CARTESIAN_POINT('Ctrl Pts',(-5.82669206265576,-4.30769741670519,
-2.53892729149704));
#11816=CARTESIAN_POINT('Ctrl Pts',(-5.44998050404317,-4.3025362939185,-2.4002118930807));
#11817=CARTESIAN_POINT('Ctrl Pts',(-5.5807143764671,-4.3025362939185,-2.4284643038406));
#11818=CARTESIAN_POINT('Ctrl Pts',(-5.71144824889101,-4.3025362939185,-2.45671671460049));
#11819=CARTESIAN_POINT('Ctrl Pts',(-5.84218212131493,-4.3025362939185,-2.48496912536038));
#11820=CARTESIAN_POINT('Ctrl Pts',(-5.44999728328785,-4.30035174810579,
-2.400094666319));
#11821=CARTESIAN_POINT('Ctrl Pts',(-5.58296838833408,-4.3003517481058,-2.41271684218469));
#11822=CARTESIAN_POINT('Ctrl Pts',(-5.71593949338033,-4.30035174810579,
-2.42533901805038));
#11823=CARTESIAN_POINT('Ctrl Pts',(-5.84891059842657,-4.30035174810579,
-2.43796119391607));
#11824=CARTESIAN_POINT('Ctrl Pts',(-5.45,-4.3,-2.40002656076989));
#11825=CARTESIAN_POINT('Ctrl Pts',(-5.58333333333333,-4.3,-2.40356799675452));
#11826=CARTESIAN_POINT('Ctrl Pts',(-5.71666666666666,-4.3,-2.40710943273916));
#11827=CARTESIAN_POINT('Ctrl Pts',(-5.85,-4.3,-2.4106508687238));
#11828=CARTESIAN_POINT('Ctrl Pts',(-5.45,-4.3,-2.4));
#11829=CARTESIAN_POINT('Ctrl Pts',(-5.58333333333333,-4.3,-2.4));
#11830=CARTESIAN_POINT('Ctrl Pts',(-5.71666666666666,-4.3,-2.4));
#11831=CARTESIAN_POINT('Ctrl Pts',(-5.85,-4.3,-2.4));
#11832=CARTESIAN_POINT('Origin',(-5.449,-4.5,1.7));
#11833=CARTESIAN_POINT('Ctrl Pts',(-5.57839495176631,4.5,-2.77954966270225));
#11834=CARTESIAN_POINT('Ctrl Pts',(-5.53537086140345,4.5,-2.65334861109718));
#11835=CARTESIAN_POINT('Ctrl Pts',(-5.49234677104058,4.5,-2.52714755949211));
#11836=CARTESIAN_POINT('Ctrl Pts',(-5.44932268067772,4.5,-2.40094650788704));
#11837=CARTESIAN_POINT('Ctrl Pts',(-5.57839495176631,4.48806864467261,-2.77954966270225));
#11838=CARTESIAN_POINT('Ctrl Pts',(-5.53537086140345,4.48806864467261,-2.65334861109718));
#11839=CARTESIAN_POINT('Ctrl Pts',(-5.49234677104058,4.48806864467261,-2.52714755949211));
#11840=CARTESIAN_POINT('Ctrl Pts',(-5.44932268067772,4.48806864467261,-2.40094650788704));
#11841=CARTESIAN_POINT('Ctrl Pts',(-5.58313904519162,4.46572286052656,-2.77798731879463));
#11842=CARTESIAN_POINT('Ctrl Pts',(-5.53853753390596,4.46572286052655,-2.65230574978561));
#11843=CARTESIAN_POINT('Ctrl Pts',(-5.4939360226203,4.46572286052656,-2.52662418077659));
#11844=CARTESIAN_POINT('Ctrl Pts',(-5.44933451133464,4.46572286052656,-2.40094261176757));
#11845=CARTESIAN_POINT('Ctrl Pts',(-5.60199331032771,4.43498949165466,-2.77093076553622));
#11846=CARTESIAN_POINT('Ctrl Pts',(-5.55112271670254,4.43498949165466,-2.64759551515011));
#11847=CARTESIAN_POINT('Ctrl Pts',(-5.50025212307736,4.43498949165466,-2.524260264764));
#11848=CARTESIAN_POINT('Ctrl Pts',(-5.44938152945218,4.43498949165466,-2.40092501437789));
#11849=CARTESIAN_POINT('Ctrl Pts',(-5.62813912572877,4.40819460196006,-2.7592327342508));
#11850=CARTESIAN_POINT('Ctrl Pts',(-5.56857499414813,4.40819460196006,-2.63978710357721));
#11851=CARTESIAN_POINT('Ctrl Pts',(-5.50901086256749,4.40819460196006,-2.52034147290363));
#11852=CARTESIAN_POINT('Ctrl Pts',(-5.44944673098685,4.40819460196006,-2.40089584223005));
#11853=CARTESIAN_POINT('Ctrl Pts',(-5.66026493388949,4.38397636671844,-2.74164732363952));
#11854=CARTESIAN_POINT('Ctrl Pts',(-5.59001890433355,4.38397636671844,-2.6280488785391));
#11855=CARTESIAN_POINT('Ctrl Pts',(-5.51977287477761,4.38397636671844,-2.51445043343868));
#11856=CARTESIAN_POINT('Ctrl Pts',(-5.44952684522166,4.38397636671844,-2.40085198833825));
#11857=CARTESIAN_POINT('Ctrl Pts',(-5.6975154078732,4.36188173948751,-2.71599960815139));
#11858=CARTESIAN_POINT('Ctrl Pts',(-5.61488351830605,4.36188173948751,-2.61092908175026));
#11859=CARTESIAN_POINT('Ctrl Pts',(-5.5322516287389,4.36188173948751,-2.50585855534913));
#11860=CARTESIAN_POINT('Ctrl Pts',(-5.44961973917175,4.36188173948751,-2.40078802894801));
#11861=CARTESIAN_POINT('Ctrl Pts',(-5.73612912366248,4.34298606446593,-2.68166689934617));
#11862=CARTESIAN_POINT('Ctrl Pts',(-5.64065809335076,4.34298606446593,-2.58801206997089));
#11863=CARTESIAN_POINT('Ctrl Pts',(-5.54518706303904,4.34298606446592,-2.4943572405956));
#11864=CARTESIAN_POINT('Ctrl Pts',(-5.44971603272733,4.34298606446593,-2.40070241122031));
#11865=CARTESIAN_POINT('Ctrl Pts',(-5.77210301650506,4.3277610096558,-2.63965839727157));
#11866=CARTESIAN_POINT('Ctrl Pts',(-5.66467059206447,4.32776100965579,-2.55997148213556));
#11867=CARTESIAN_POINT('Ctrl Pts',(-5.55723816762389,4.3277610096558,-2.48028456699953));
#11868=CARTESIAN_POINT('Ctrl Pts',(-5.4498057431833,4.3277610096558,-2.40059765186352));
#11869=CARTESIAN_POINT('Ctrl Pts',(-5.80259459073405,4.31616942357436,-2.59199661104981));
#11870=CARTESIAN_POINT('Ctrl Pts',(-5.68502365449662,4.31616942357436,-2.5281573388803));
#11871=CARTESIAN_POINT('Ctrl Pts',(-5.5674527182592,4.31616942357436,-2.46431806671078));
#11872=CARTESIAN_POINT('Ctrl Pts',(-5.44988178202177,4.31616942357436,-2.40047879454127));
#11873=CARTESIAN_POINT('Ctrl Pts',(-5.82669206265609,4.30769741670508,-2.53892729149616));
#11874=CARTESIAN_POINT('Ctrl Pts',(-5.70110866692671,4.30769741670508,-2.4927336783636));
#11875=CARTESIAN_POINT('Ctrl Pts',(-5.57552527119734,4.30769741670508,-2.44654006523105));
#11876=CARTESIAN_POINT('Ctrl Pts',(-5.44994187546797,4.30769741670508,-2.40034645209849));
#11877=CARTESIAN_POINT('Ctrl Pts',(-5.84218212131513,4.30253629391844,-2.48496912535945));
#11878=CARTESIAN_POINT('Ctrl Pts',(-5.71144824889114,4.30253629391843,-2.45671671459987));
#11879=CARTESIAN_POINT('Ctrl Pts',(-5.58071437646717,4.30253629391844,-2.42846430384028));
#11880=CARTESIAN_POINT('Ctrl Pts',(-5.44998050404318,4.30253629391844,-2.4002118930807));
#11881=CARTESIAN_POINT('Ctrl Pts',(-5.84891059842661,4.30035174810578,-2.43796119391543));
#11882=CARTESIAN_POINT('Ctrl Pts',(-5.71593949338036,4.30035174810578,-2.42533901804995));
#11883=CARTESIAN_POINT('Ctrl Pts',(-5.58296838833409,4.30035174810578,-2.41271684218447));
#11884=CARTESIAN_POINT('Ctrl Pts',(-5.44999728328784,4.30035174810578,-2.40009466631899));
#11885=CARTESIAN_POINT('Ctrl Pts',(-5.85,4.3,-2.41065086872349));
#11886=CARTESIAN_POINT('Ctrl Pts',(-5.71666666666666,4.3,-2.40710943273895));
#11887=CARTESIAN_POINT('Ctrl Pts',(-5.58333333333333,4.3,-2.40356799675442));
#11888=CARTESIAN_POINT('Ctrl Pts',(-5.45,4.3,-2.40002656076988));
#11889=CARTESIAN_POINT('Ctrl Pts',(-5.85,4.3,-2.4));
#11890=CARTESIAN_POINT('Ctrl Pts',(-5.71666666666666,4.3,-2.4));
#11891=CARTESIAN_POINT('Ctrl Pts',(-5.58333333333333,4.3,-2.4));
#11892=CARTESIAN_POINT('Ctrl Pts',(-5.45,4.3,-2.4));
#11893=CARTESIAN_POINT('Ctrl Pts',(-5.44932268067772,2.4,-2.40094650788704));
#11894=CARTESIAN_POINT('Ctrl Pts',(-5.49234677104058,2.4,-2.52714755949211));
#11895=CARTESIAN_POINT('Ctrl Pts',(-5.53537086140344,2.4,-2.65334861109718));
#11896=CARTESIAN_POINT('Ctrl Pts',(-5.5783949517663,2.4,-2.77954966270225));
#11897=CARTESIAN_POINT('Ctrl Pts',(-5.44932268067772,2.41193135532721,-2.40094650788704));
#11898=CARTESIAN_POINT('Ctrl Pts',(-5.49234677104058,2.41193135532721,-2.52714755949211));
#11899=CARTESIAN_POINT('Ctrl Pts',(-5.53537086140344,2.41193135532721,-2.65334861109718));
#11900=CARTESIAN_POINT('Ctrl Pts',(-5.5783949517663,2.41193135532721,-2.77954966270225));
#11901=CARTESIAN_POINT('Ctrl Pts',(-5.44933451133464,2.43427713947298,-2.40094261176757));
#11902=CARTESIAN_POINT('Ctrl Pts',(-5.49393602262025,2.43427713947297,-2.5266241807766));
#11903=CARTESIAN_POINT('Ctrl Pts',(-5.53853753390586,2.43427713947298,-2.65230574978564));
#11904=CARTESIAN_POINT('Ctrl Pts',(-5.58313904519148,2.43427713947298,-2.77798731879467));
#11905=CARTESIAN_POINT('Ctrl Pts',(-5.44938152945218,2.46501050834462,-2.4009250143779));
#11906=CARTESIAN_POINT('Ctrl Pts',(-5.50025212307717,2.46501050834462,-2.52426026476407));
#11907=CARTESIAN_POINT('Ctrl Pts',(-5.55112271670217,2.46501050834462,-2.64759551515026));
#11908=CARTESIAN_POINT('Ctrl Pts',(-5.60199331032716,2.46501050834462,-2.77093076553644));
#11909=CARTESIAN_POINT('Ctrl Pts',(-5.44944673098685,2.49180539803918,-2.40089584223005));
#11910=CARTESIAN_POINT('Ctrl Pts',(-5.50901086256719,2.49180539803918,-2.52034147290378));
#11911=CARTESIAN_POINT('Ctrl Pts',(-5.56857499414754,2.49180539803918,-2.6397871035775));
#11912=CARTESIAN_POINT('Ctrl Pts',(-5.62813912572789,2.49180539803918,-2.75923273425123));
#11913=CARTESIAN_POINT('Ctrl Pts',(-5.44952684522166,2.51602363328085,-2.40085198833825));
#11914=CARTESIAN_POINT('Ctrl Pts',(-5.51977287477725,2.51602363328085,-2.5144504334389));
#11915=CARTESIAN_POINT('Ctrl Pts',(-5.59001890433283,2.51602363328085,-2.62804887853953));
#11916=CARTESIAN_POINT('Ctrl Pts',(-5.66026493388842,2.51602363328085,-2.74164732364017));
#11917=CARTESIAN_POINT('Ctrl Pts',(-5.44961973917175,2.53811826051188,-2.40078802894801));
#11918=CARTESIAN_POINT('Ctrl Pts',(-5.53225162873851,2.53811826051188,-2.50585855534943));
#11919=CARTESIAN_POINT('Ctrl Pts',(-5.61488351830528,2.53811826051188,-2.61092908175086));
#11920=CARTESIAN_POINT('Ctrl Pts',(-5.69751540787204,2.53811826051188,-2.71599960815229));
#11921=CARTESIAN_POINT('Ctrl Pts',(-5.44971603272733,2.55701393553357,-2.40070241122032));
#11922=CARTESIAN_POINT('Ctrl Pts',(-5.54518706303867,2.55701393553357,-2.49435724059598));
#11923=CARTESIAN_POINT('Ctrl Pts',(-5.64065809335001,2.55701393553357,-2.58801206997166));
#11924=CARTESIAN_POINT('Ctrl Pts',(-5.73612912366135,2.55701393553357,-2.68166689934732));
#11925=CARTESIAN_POINT('Ctrl Pts',(-5.4498057431833,2.57223899034381,-2.40059765186352));
#11926=CARTESIAN_POINT('Ctrl Pts',(-5.55723816762355,2.5722389903438,-2.48028456699999));
#11927=CARTESIAN_POINT('Ctrl Pts',(-5.66467059206381,2.57223899034381,-2.55997148213645));
#11928=CARTESIAN_POINT('Ctrl Pts',(-5.77210301650406,2.57223899034381,-2.63965839727291));
#11929=CARTESIAN_POINT('Ctrl Pts',(-5.44988178202177,2.58383057642534,-2.40047879454127));
#11930=CARTESIAN_POINT('Ctrl Pts',(-5.56745271825893,2.58383057642534,-2.46431806671129));
#11931=CARTESIAN_POINT('Ctrl Pts',(-5.68502365449607,2.58383057642534,-2.52815733888131));
#11932=CARTESIAN_POINT('Ctrl Pts',(-5.80259459073323,2.58383057642534,-2.59199661105132));
#11933=CARTESIAN_POINT('Ctrl Pts',(-5.44994187546796,2.59230258329472,-2.4003464520985));
#11934=CARTESIAN_POINT('Ctrl Pts',(-5.57552527119714,2.59230258329472,-2.4465400652316));
#11935=CARTESIAN_POINT('Ctrl Pts',(-5.70110866692631,2.59230258329472,-2.4927336783647));
#11936=CARTESIAN_POINT('Ctrl Pts',(-5.82669206265548,2.59230258329472,-2.5389272914978));
#11937=CARTESIAN_POINT('Ctrl Pts',(-5.44998050404317,2.59746370608147,-2.4002118930807));
#11938=CARTESIAN_POINT('Ctrl Pts',(-5.58071437646706,2.59746370608147,-2.42846430384076));
#11939=CARTESIAN_POINT('Ctrl Pts',(-5.71144824889095,2.59746370608147,-2.45671671460082));
#11940=CARTESIAN_POINT('Ctrl Pts',(-5.84218212131483,2.59746370608147,-2.48496912536089));
#11941=CARTESIAN_POINT('Ctrl Pts',(-5.44999728328784,2.59964825189421,-2.40009466631899));
#11942=CARTESIAN_POINT('Ctrl Pts',(-5.58296838833408,2.59964825189421,-2.41271684218476));
#11943=CARTESIAN_POINT('Ctrl Pts',(-5.71593949338032,2.59964825189421,-2.42533901805053));
#11944=CARTESIAN_POINT('Ctrl Pts',(-5.84891059842657,2.59964825189421,-2.4379611939163));
#11945=CARTESIAN_POINT('Ctrl Pts',(-5.45,2.6,-2.40002656076988));
#11946=CARTESIAN_POINT('Ctrl Pts',(-5.58333333333333,2.6,-2.40356799675451));
#11947=CARTESIAN_POINT('Ctrl Pts',(-5.71666666666666,2.6,-2.40710943273913));
#11948=CARTESIAN_POINT('Ctrl Pts',(-5.85,2.6,-2.41065086872376));
#11949=CARTESIAN_POINT('Ctrl Pts',(-5.45,2.6,-2.4));
#11950=CARTESIAN_POINT('Ctrl Pts',(-5.58333333333333,2.6,-2.4));
#11951=CARTESIAN_POINT('Ctrl Pts',(-5.71666666666666,2.6,-2.4));
#11952=CARTESIAN_POINT('Ctrl Pts',(-5.85,2.6,-2.4));
#11953=CARTESIAN_POINT('Origin',(-5.95,1.25,-3.6787785549551));
#11954=CARTESIAN_POINT('',(-5.85861884513797,1.25,-3.71939240156044));
#11955=CARTESIAN_POINT('Origin',(-5.95,1.25,-3.6787785549551));
#11956=CARTESIAN_POINT('',(-5.85861884513797,-1.25,-3.71939240156044));
#11957=CARTESIAN_POINT('',(-5.85861884513797,1.25,-3.71939240156044));
#11958=CARTESIAN_POINT('Origin',(-5.95,-1.25,-3.6787785549551));
#11959=CARTESIAN_POINT('Origin',(-5.85861884513797,1.25,-3.71939240156044));
#11960=CARTESIAN_POINT('',(-6.15710563385801,1.25,-4.39098767618053));
#11961=CARTESIAN_POINT('',(-5.85861884513797,1.25,-3.71939240156044));
#11962=CARTESIAN_POINT('',(-6.15710563385801,-1.25,-4.39098767618053));
#11963=CARTESIAN_POINT('',(-6.15710563385801,1.25,-4.39098767618053));
#11964=CARTESIAN_POINT('',(-5.85861884513797,-1.25,-3.71939240156044));
#11965=CARTESIAN_POINT('Origin',(-5.70019985954788,1.25,-4.59405690920725));
#11966=CARTESIAN_POINT('',(-6.15260921064838,1.25,-4.80695542737219));
#11967=CARTESIAN_POINT('Origin',(-5.70019985954788,1.25,-4.59405690920725));
#11968=CARTESIAN_POINT('',(-6.15260921064838,-1.25,-4.80695542737219));
#11969=CARTESIAN_POINT('',(-6.15260921064838,1.25,-4.80695542737219));
#11970=CARTESIAN_POINT('Origin',(-5.70019985954788,-1.25,-4.59405690920725));
#11971=CARTESIAN_POINT('Origin',(-6.15260921064838,1.25,-4.80695542737219));
#11972=CARTESIAN_POINT('',(-5.98224629541235,-1.25,-5.16897662224876));
#11973=CARTESIAN_POINT('',(-6.15260921064838,-1.25,-4.80695542737219));
#11974=CARTESIAN_POINT('',(-5.98224629541235,1.25,-5.16897662224876));
#11975=CARTESIAN_POINT('',(-6.15260921064838,1.25,-4.80695542737219));
#11976=CARTESIAN_POINT('Origin',(-5.98224629541235,6.66133814775094E-16,
-5.16897662224875));
#11977=CARTESIAN_POINT('Origin',(-5.0880725191196,1.25,-6.12968118546805));
#11978=CARTESIAN_POINT('',(-5.62031881453195,1.25,-4.99865780771681));
#11979=CARTESIAN_POINT('',(-5.62031881453195,-1.25,-4.99865780771681));
#11980=CARTESIAN_POINT('Origin',(-5.62031881453195,6.66133814775094E-16,
-4.9986578077168));
#11981=CARTESIAN_POINT('',(-5.79068172976798,1.25,-4.63663661284024));
#11982=CARTESIAN_POINT('',(-5.62031881453195,1.25,-4.99865780771681));
#11983=CARTESIAN_POINT('',(-5.79068172976798,-1.25,-4.63663661284024));
#11984=CARTESIAN_POINT('',(-5.79068172976798,1.25,-4.63663661284024));
#11985=CARTESIAN_POINT('',(-5.62031881453195,-1.25,-4.99865780771681));
#11986=CARTESIAN_POINT('Origin',(-5.70019985954788,1.25,-4.59405690920725));
#11987=CARTESIAN_POINT('',(-5.79158101440991,1.25,-4.55344306260191));
#11988=CARTESIAN_POINT('Origin',(-5.70019985954788,1.25,-4.59405690920725));
#11989=CARTESIAN_POINT('',(-5.79158101440991,-1.25,-4.55344306260191));
#11990=CARTESIAN_POINT('',(-5.79158101440991,1.25,-4.55344306260191));
#11991=CARTESIAN_POINT('Origin',(-5.70019985954788,-1.25,-4.59405690920725));
#11992=CARTESIAN_POINT('Origin',(-5.79158101440991,1.25,-4.55344306260191));
#11993=CARTESIAN_POINT('',(-5.49309422568987,1.25,-3.88184778798182));
#11994=CARTESIAN_POINT('',(-5.79158101440991,1.25,-4.55344306260191));
#11995=CARTESIAN_POINT('',(-5.49309422568987,-1.25,-3.88184778798182));
#11996=CARTESIAN_POINT('',(-5.49309422568987,1.25,-3.88184778798182));
#11997=CARTESIAN_POINT('',(-5.79158101440991,-1.25,-4.55344306260191));
#11998=CARTESIAN_POINT('Origin',(-5.95,1.25,-3.6787785549551));
#11999=CARTESIAN_POINT('Origin',(-5.95,1.25,-3.6787785549551));
#12000=CARTESIAN_POINT('Origin',(-5.95,-1.25,-3.6787785549551));
#12001=CARTESIAN_POINT('Origin',(-5.85,-1.25,-3.7));
#12002=CARTESIAN_POINT('',(-5.98224629541235,-1.25,-5.16897662224876));
#12003=CARTESIAN_POINT('',(-5.79068172976798,-1.25,-4.63663661284024));
#12004=CARTESIAN_POINT('Origin',(-5.85,1.25,-3.7));
#12005=CARTESIAN_POINT('',(-5.79068172976798,1.25,-4.63663661284024));
#12006=CARTESIAN_POINT('',(-6.15710563385801,1.25,-4.39098767618053));
#12007=CARTESIAN_POINT('Origin',(-5.85,1.25,-3.7));
#12008=CARTESIAN_POINT('',(-5.98224629541235,1.25,-5.16897662224876));
#12009=CARTESIAN_POINT('Origin',(-5.85,1.25,-3.7));
#12010=CARTESIAN_POINT('',(-5.49309422568987,1.25,-3.88184778798182));
#12011=CARTESIAN_POINT('Origin',(-5.85,1.25,-3.7));
#12012=CARTESIAN_POINT('Origin',(-5.85,-1.25,-3.7));
#12013=CARTESIAN_POINT('',(-6.15710563385801,-1.25,-4.39098767618053));
#12014=CARTESIAN_POINT('Origin',(-5.85,-1.25,-3.7));
#12015=CARTESIAN_POINT('',(-5.49309422568987,-1.25,-3.88184778798182));
#12016=CARTESIAN_POINT('Origin',(-5.85,-1.25,-3.7));
#12017=CARTESIAN_POINT('Origin',(5.85,0.,7.00089820861398));
#12018=CARTESIAN_POINT('',(5.85,-1.25,-3.6787785549551));
#12019=CARTESIAN_POINT('',(5.85,1.25,-3.6787785549551));
#12020=CARTESIAN_POINT('',(5.85,-1.25,-3.6787785549551));
#12021=CARTESIAN_POINT('',(5.85,1.25,-1.9));
#12022=CARTESIAN_POINT('',(5.85,1.25,-1.9));
#12023=CARTESIAN_POINT('',(5.85,2.4,-1.9));
#12024=CARTESIAN_POINT('',(5.85,2.4,-1.9));
#12025=CARTESIAN_POINT('',(5.85,2.4,-2.2));
#12026=CARTESIAN_POINT('',(5.85,2.4,-2.2));
#12027=CARTESIAN_POINT('',(5.85,2.6,-2.4));
#12028=CARTESIAN_POINT('Origin',(5.85,2.4,-2.4));
#12029=CARTESIAN_POINT('',(5.85,4.3,-2.4));
#12030=CARTESIAN_POINT('',(5.85,4.3,-2.4));
#12031=CARTESIAN_POINT('',(5.85,4.5,-2.20000000000001));
#12032=CARTESIAN_POINT('Origin',(5.85,4.5,-2.4));
#12033=CARTESIAN_POINT('',(5.85,4.5,1.299));
#12034=CARTESIAN_POINT('',(5.85,4.5,-2.20000000000001));
#12035=CARTESIAN_POINT('',(5.85,4.5,1.299));
#12036=CARTESIAN_POINT('',(5.85,-4.5,-2.2));
#12037=CARTESIAN_POINT('',(5.85,-4.5,1.299));
#12038=CARTESIAN_POINT('',(5.85,-4.3,-2.4));
#12039=CARTESIAN_POINT('Origin',(5.85,-4.5,-2.4));
#12040=CARTESIAN_POINT('',(5.85,-2.6,-2.4));
#12041=CARTESIAN_POINT('',(5.85,-2.6,-2.4));
#12042=CARTESIAN_POINT('',(5.85,-2.4,-2.2));
#12043=CARTESIAN_POINT('Origin',(5.85,-2.4,-2.4));
#12044=CARTESIAN_POINT('',(5.85,-2.4,-1.9));
#12045=CARTESIAN_POINT('',(5.85,-2.4,-1.9));
#12046=CARTESIAN_POINT('',(5.85,-1.25,-1.9));
#12047=CARTESIAN_POINT('',(5.85,-1.25,-1.9));
#12048=CARTESIAN_POINT('',(5.85,-1.25,-3.6787785549551));
#12049=CARTESIAN_POINT('',(5.85,-1.25,-1.12374368670765));
#12050=CARTESIAN_POINT('',(5.85,1.25,-1.12374368670765));
#12051=CARTESIAN_POINT('',(5.85,-1.25,-1.12374368670765));
#12052=CARTESIAN_POINT('',(5.85,-1.25,0.323743686707641));
#12053=CARTESIAN_POINT('Origin',(5.85,-1.25,-0.400000000000005));
#12054=CARTESIAN_POINT('',(5.85,1.25,0.323743686707642));
#12055=CARTESIAN_POINT('',(5.85,1.25,0.323743686707641));
#12056=CARTESIAN_POINT('Origin',(5.85,1.25,-0.400000000000005));
#12057=CARTESIAN_POINT('Origin',(5.45,0.,7.00089820861398));
#12058=CARTESIAN_POINT('',(5.44999999999999,1.25,-3.6787785549551));
#12059=CARTESIAN_POINT('',(5.44999999999999,-1.25,-3.6787785549551));
#12060=CARTESIAN_POINT('',(5.44999999999999,1.25,-3.6787785549551));
#12061=CARTESIAN_POINT('',(5.45,-1.25,-1.9));
#12062=CARTESIAN_POINT('',(5.44999999999999,-1.25,-3.6787785549551));
#12063=CARTESIAN_POINT('',(5.45,-2.4,-1.9));
#12064=CARTESIAN_POINT('',(5.45,-1.25,-1.9));
#12065=CARTESIAN_POINT('',(5.45,-2.4,-2.2));
#12066=CARTESIAN_POINT('',(5.45,-2.4,-1.9));
#12067=CARTESIAN_POINT('',(5.45,-2.6,-2.4));
#12068=CARTESIAN_POINT('Origin',(5.45,-2.4,-2.4));
#12069=CARTESIAN_POINT('',(5.45,-4.3,-2.4));
#12070=CARTESIAN_POINT('',(5.45,-2.6,-2.4));
#12071=CARTESIAN_POINT('',(5.45,-4.5,-2.2));
#12072=CARTESIAN_POINT('Origin',(5.45,-4.5,-2.4));
#12073=CARTESIAN_POINT('',(5.45,-4.5,1.299));
#12074=CARTESIAN_POINT('',(5.45,4.5,1.299));
#12075=CARTESIAN_POINT('',(5.45,4.5,1.299));
#12076=CARTESIAN_POINT('',(5.45,4.5,-2.2));
#12077=CARTESIAN_POINT('',(5.45,4.5,-2.2));
#12078=CARTESIAN_POINT('',(5.45,4.3,-2.4));
#12079=CARTESIAN_POINT('Origin',(5.45,4.5,-2.4));
#12080=CARTESIAN_POINT('',(5.45,2.6,-2.4));
#12081=CARTESIAN_POINT('',(5.45,4.3,-2.4));
#12082=CARTESIAN_POINT('',(5.45,2.4,-2.2));
#12083=CARTESIAN_POINT('Origin',(5.45,2.4,-2.4));
#12084=CARTESIAN_POINT('',(5.45,2.4,-1.9));
#12085=CARTESIAN_POINT('',(5.45,2.4,-2.2));
#12086=CARTESIAN_POINT('',(5.45,1.25,-1.9));
#12087=CARTESIAN_POINT('',(5.45,2.4,-1.9));
#12088=CARTESIAN_POINT('',(5.45,1.25,-1.9));
#12089=CARTESIAN_POINT('',(5.45,1.25,-0.890900974233031));
#12090=CARTESIAN_POINT('',(5.45,1.25,0.0909009742330222));
#12091=CARTESIAN_POINT('Origin',(5.45,1.25,-0.400000000000005));
#12092=CARTESIAN_POINT('',(5.45,-1.25,0.0909009742330221));
#12093=CARTESIAN_POINT('',(5.45,1.25,0.0909009742330222));
#12094=CARTESIAN_POINT('',(5.45,-1.25,-0.890900974233031));
#12095=CARTESIAN_POINT('Origin',(5.45,-1.25,-0.400000000000005));
#12096=CARTESIAN_POINT('',(5.45,-1.25,-0.890900974233031));
#12097=CARTESIAN_POINT('Origin',(5.85,1.25,-3.7));
#12098=CARTESIAN_POINT('',(5.85,1.25,-3.6787785549551));
#12099=CARTESIAN_POINT('',(5.85,1.25,-1.9));
#12100=CARTESIAN_POINT('Origin',(5.85,-1.25,-1.9));
#12101=CARTESIAN_POINT('',(5.44999999999999,-1.25,-3.6787785549551));
#12102=CARTESIAN_POINT('',(5.85,-1.25,-1.9));
#12103=CARTESIAN_POINT('Origin',(5.85,1.25,-1.9));
#12104=CARTESIAN_POINT('',(5.85,2.4,-1.9));
#12105=CARTESIAN_POINT('Origin',(5.85,2.4,-1.9));
#12106=CARTESIAN_POINT('',(5.85,2.4,-2.2));
#12107=CARTESIAN_POINT('Origin',(5.85,2.4,-2.4));
#12108=CARTESIAN_POINT('',(5.45,2.6,-2.4));
#12109=CARTESIAN_POINT('Origin',(5.449,4.3,-2.4));
#12110=CARTESIAN_POINT('Ctrl Pts',(5.57839495176631,4.5,-2.77954966270225));
#12111=CARTESIAN_POINT('Ctrl Pts',(5.57839495176631,4.49236268134151,-2.77954966270225));
#12112=CARTESIAN_POINT('Ctrl Pts',(5.57942992271508,4.48472733179435,-2.77920147223709));
#12113=CARTESIAN_POINT('Ctrl Pts',(5.58148076788981,4.4771422648955,-2.77848361409621));
#12114=CARTESIAN_POINT('Ctrl Pts',(5.58263455736508,4.47287496550845,-2.77807975271364));
#12115=CARTESIAN_POINT('Ctrl Pts',(5.58410957690368,4.46862358108093,-2.77755798254054));
#12116=CARTESIAN_POINT('Ctrl Pts',(5.58589985861864,4.46439671461303,-2.77690771909076));
#12117=CARTESIAN_POINT('Ctrl Pts',(5.58918724143098,4.4566351829722,-2.77571368081709));
#12118=CARTESIAN_POINT('Ctrl Pts',(5.59353810647116,4.44895632022653,-2.77408936041954));
#12119=CARTESIAN_POINT('Ctrl Pts',(5.59887552680539,4.44141410996711,-2.7719386057736));
#12120=CARTESIAN_POINT('Ctrl Pts',(5.60058523377183,4.43899815457753,-2.771249666179));
#12121=CARTESIAN_POINT('Ctrl Pts',(5.60239596589736,4.43659622080458,-2.77050636064637));
#12122=CARTESIAN_POINT('Ctrl Pts',(5.60430457928049,4.43421008297091,-2.76970459512225));
#12123=CARTESIAN_POINT('Ctrl Pts',(5.61053274625427,4.42642366326856,-2.76708828235711));
#12124=CARTESIAN_POINT('Ctrl Pts',(5.61780520932291,4.41880544512664,-2.76385235872344));
#12125=CARTESIAN_POINT('Ctrl Pts',(5.62596754395672,4.41141320545275,-2.75983814192763));
#12126=CARTESIAN_POINT('Ctrl Pts',(5.62704635309344,4.41043617914118,-2.75930758615524));
#12127=CARTESIAN_POINT('Ctrl Pts',(5.62814064635988,4.40946310037836,-2.75876339157726));
#12128=CARTESIAN_POINT('Ctrl Pts',(5.62925000991915,4.40849410256093,-2.75820515619425));
#12129=CARTESIAN_POINT('Ctrl Pts',(5.63781580681099,4.40101212028076,-2.75389481909268));
#12130=CARTESIAN_POINT('Ctrl Pts',(5.64728257078874,4.39377344160165,-2.7487486717237));
#12131=CARTESIAN_POINT('Ctrl Pts',(5.65741325804006,4.3868354475816,-2.74258562998633));
#12132=CARTESIAN_POINT('Ctrl Pts',(5.65882369659208,4.38586950973387,-2.74172758438207));
#12133=CARTESIAN_POINT('Ctrl Pts',(5.66024692142589,4.38490940018476,-2.74084982699748));
#12134=CARTESIAN_POINT('Ctrl Pts',(5.6616822114188,4.38395527378537,-2.7399518744558));
#12135=CARTESIAN_POINT('Ctrl Pts',(5.67159886068757,4.37736306112619,-2.73374777600885));
#12136=CARTESIAN_POINT('Ctrl Pts',(5.6820935438596,4.37105646310672,-2.72657821873962));
#12137=CARTESIAN_POINT('Ctrl Pts',(5.69288821959503,4.36508141655985,-2.71830729860116));
#12138=CARTESIAN_POINT('Ctrl Pts',(5.69506135463645,4.3638785473544,-2.71664223456235));
#12139=CARTESIAN_POINT('Ctrl Pts',(5.69724651349797,4.36268911523779,-2.71493263656012));
#12140=CARTESIAN_POINT('Ctrl Pts',(5.69944122934066,4.36151349500382,-2.71317757047135));
#12141=CARTESIAN_POINT('Ctrl Pts',(5.70964276608745,4.35604894566042,-2.70501962544297));
#12142=CARTESIAN_POINT('Ctrl Pts',(5.72005254242331,4.35088281600973,-2.69587560915447));
#12143=CARTESIAN_POINT('Ctrl Pts',(5.73039772101737,4.34604793451405,-2.68568570598864));
#12144=CARTESIAN_POINT('Ctrl Pts',(5.73261483778424,4.34501175164564,-2.68350186692233));
#12145=CARTESIAN_POINT('Ctrl Pts',(5.73482891454053,4.34399078316971,-2.68127016493119));
#12146=CARTESIAN_POINT('Ctrl Pts',(5.73703715919367,4.34298535223485,-2.67899031331507));
#12147=CARTESIAN_POINT('Ctrl Pts',(5.74678551997936,4.33854684788519,-2.66892584149115));
#12148=CARTESIAN_POINT('Ctrl Pts',(5.75642081395148,4.33441114021106,-2.65791850409216));
#12149=CARTESIAN_POINT('Ctrl Pts',(5.76569358627938,4.3306016652275,-2.64598002441155));
#12150=CARTESIAN_POINT('Ctrl Pts',(5.76778640803148,4.32974188437365,-2.64328556486061));
#12151=CARTESIAN_POINT('Ctrl Pts',(5.76986076427599,4.32889872129063,-2.64054388388632));
#12152=CARTESIAN_POINT('Ctrl Pts',(5.77191380739543,4.328072445412,-2.63775548993322));
#12153=CARTESIAN_POINT('Ctrl Pts',(5.78065125870488,4.32455593609504,-2.62588849300264));
#12154=CARTESIAN_POINT('Ctrl Pts',(5.78900206237933,4.32134529274424,-2.61317068392548));
#12155=CARTESIAN_POINT('Ctrl Pts',(5.7967505617093,4.31845719301653,-2.59967610480693));
#12156=CARTESIAN_POINT('Ctrl Pts',(5.79851956021441,4.31779783384472,-2.59659526434076));
#12157=CARTESIAN_POINT('Ctrl Pts',(5.80025723878426,4.31715528623978,-2.59347413863563));
#12158=CARTESIAN_POINT('Ctrl Pts',(5.80196118055345,4.31652974865788,-2.59031396433871));
#12159=CARTESIAN_POINT('Ctrl Pts',(5.80922275068216,4.3138639386512,-2.57684646932746));
#12160=CARTESIAN_POINT('Ctrl Pts',(5.8158697890719,4.31150705607756,-2.56266538757664));
#12161=CARTESIAN_POINT('Ctrl Pts',(5.821730064754,4.3094706657912,-2.54789624345628));
#12162=CARTESIAN_POINT('Ctrl Pts',(5.82301492479653,4.30902418909763,-2.54465812221899));
#12163=CARTESIAN_POINT('Ctrl Pts',(5.82426208864924,4.30859311851907,-2.54139188842732));
#12164=CARTESIAN_POINT('Ctrl Pts',(5.82546996331433,4.30817757594143,-2.53809911919381));
#12165=CARTESIAN_POINT('Ctrl Pts',(5.83088457181044,4.30631479958192,-2.52333843517359));
#12166=CARTESIAN_POINT('Ctrl Pts',(5.83550678902692,4.30476406010075,-2.50804084683914));
#12167=CARTESIAN_POINT('Ctrl Pts',(5.83921623150411,4.30353240242289,-2.49237041014701));
#12168=CARTESIAN_POINT('Ctrl Pts',(5.84031960445066,4.30316604608511,-2.48770924178738));
#12169=CARTESIAN_POINT('Ctrl Pts',(5.84134250810804,4.30282792095254,-2.48301528207056));
#12170=CARTESIAN_POINT('Ctrl Pts',(5.84228254256312,4.30251821242847,-2.47829330568501));
#12171=CARTESIAN_POINT('Ctrl Pts',(5.84531434235078,4.30151934027817,-2.46306398411531));
#12172=CARTESIAN_POINT('Ctrl Pts',(5.84748110839802,4.30081605540455,-2.44754028816655));
#12173=CARTESIAN_POINT('Ctrl Pts',(5.84872939049368,4.30041130668557,-2.4318969336387));
#12174=CARTESIAN_POINT('Ctrl Pts',(5.849574800007,4.30013718722274,-2.42130234065044));
#12175=CARTESIAN_POINT('Ctrl Pts',(5.85,4.3,-2.41065298923537));
#12176=CARTESIAN_POINT('Ctrl Pts',(5.85,4.3,-2.4));
#12177=CARTESIAN_POINT('Ctrl Pts',(5.85,2.6,-2.4));
#12178=CARTESIAN_POINT('Ctrl Pts',(5.85,2.6,-2.41766610494215));
#12179=CARTESIAN_POINT('Ctrl Pts',(5.84882828780977,2.59962345559621,-2.43528793708434));
#12180=CARTESIAN_POINT('Ctrl Pts',(5.84652795590914,2.59887346914105,-2.45265476493822));
#12181=CARTESIAN_POINT('Ctrl Pts',(5.84553850466281,2.59855087437436,-2.46012483021892));
#12182=CARTESIAN_POINT('Ctrl Pts',(5.84434088726235,2.59815918709045,-2.46754785069379));
#12183=CARTESIAN_POINT('Ctrl Pts',(5.8429413705672,2.59769865417895,-2.47490792051339));
#12184=CARTESIAN_POINT('Ctrl Pts',(5.83998362467458,2.59672536151861,-2.49046273050868));
#12185=CARTESIAN_POINT('Ctrl Pts',(5.83612043995646,2.59544457112698,-2.50573645662972));
#12186=CARTESIAN_POINT('Ctrl Pts',(5.83144909243284,2.5938628813913,-2.5205557617756));
#12187=CARTESIAN_POINT('Ctrl Pts',(5.82969271177683,2.59326818163036,-2.52612767454));
#12188=CARTESIAN_POINT('Ctrl Pts',(5.82782255288371,2.59263094415255,-2.53163559412324));
#12189=CARTESIAN_POINT('Ctrl Pts',(5.82584539840121,2.59195151968326,-2.53707131612353));
#12190=CARTESIAN_POINT('Ctrl Pts',(5.82033613444815,2.59005832986396,-2.55221774374968));
#12191=CARTESIAN_POINT('Ctrl Pts',(5.81399335585968,2.5878375848371,-2.56680180354197));
#12192=CARTESIAN_POINT('Ctrl Pts',(5.8069838446787,2.58530094591092,-2.58068914452467));
#12193=CARTESIAN_POINT('Ctrl Pts',(5.80571938782576,2.58484335758688,-2.58319430401744));
#12194=CARTESIAN_POINT('Ctrl Pts',(5.80443332019007,2.58437548971997,-2.58567689857041));
#12195=CARTESIAN_POINT('Ctrl Pts',(5.80312672671828,2.58389741076377,-2.58813628417664));
#12196=CARTESIAN_POINT('Ctrl Pts',(5.79575816834686,2.58120127553041,-2.60200603539515));
#12197=CARTESIAN_POINT('Ctrl Pts',(5.78773445455896,2.57818038506049,-2.61513483422974));
#12198=CARTESIAN_POINT('Ctrl Pts',(5.77926429761349,2.57485101572556,-2.62743459218393));
#12199=CARTESIAN_POINT('Ctrl Pts',(5.77749480772153,2.57415548134259,-2.63000411923208));
#12200=CARTESIAN_POINT('Ctrl Pts',(5.77570590273551,2.57344648405802,-2.63253763297119));
#12201=CARTESIAN_POINT('Ctrl Pts',(5.77389958124677,2.57272417226966,-2.63503459767803));
#12202=CARTESIAN_POINT('Ctrl Pts',(5.76488808131541,2.56912065391936,-2.64749162563489));
#12203=CARTESIAN_POINT('Ctrl Pts',(5.75544197104232,2.56518575346118,-2.65903583746554));
#12204=CARTESIAN_POINT('Ctrl Pts',(5.74580861074353,2.56094245680653,-2.66963984977836));
#12205=CARTESIAN_POINT('Ctrl Pts',(5.74364799200512,2.55999074878562,-2.67201817125651));
#12206=CARTESIAN_POINT('Ctrl Pts',(5.74147796306575,2.55902352726856,-2.67434940579763));
#12207=CARTESIAN_POINT('Ctrl Pts',(5.7393013129983,2.5580410515913,-2.67663359823323));
#12208=CARTESIAN_POINT('Ctrl Pts',(5.72906262818989,2.55341961108424,-2.68737814865025));
#12209=CARTESIAN_POINT('Ctrl Pts',(5.7186783858739,2.54846065064804,-2.69707813186142));
#12210=CARTESIAN_POINT('Ctrl Pts',(5.70842377265042,2.54319623068302,-2.70577819769209));
#12211=CARTESIAN_POINT('Ctrl Pts',(5.70648515041128,2.54220099844968,-2.707422934625));
#12212=CARTESIAN_POINT('Ctrl Pts',(5.70455110925958,2.54119484926213,-2.70903207616041));
#12213=CARTESIAN_POINT('Ctrl Pts',(5.70262342859609,2.54017799973641,-2.71060611144529));
#12214=CARTESIAN_POINT('Ctrl Pts',(5.69175091225346,2.53444275878299,-2.71948399494685));
#12215=CARTESIAN_POINT('Ctrl Pts',(5.68108384959528,2.52836711946947,-2.72724200245454));
#12216=CARTESIAN_POINT('Ctrl Pts',(5.67090848611998,2.52199556601847,-2.73400243081142));
#12217=CARTESIAN_POINT('Ctrl Pts',(5.66925626052989,2.52096098443464,-2.73510015599425));
#12218=CARTESIAN_POINT('Ctrl Pts',(5.66761691488183,2.51991860087606,-2.73617165272679));
#12219=CARTESIAN_POINT('Ctrl Pts',(5.66599157508407,2.51886860578541,-2.73721752081192));
#12220=CARTESIAN_POINT('Ctrl Pts',(5.65552483168678,2.51210692481425,-2.74395262499722));
#12221=CARTESIAN_POINT('Ctrl Pts',(5.64564405922979,2.50502959304116,-2.74962373939848));
#12222=CARTESIAN_POINT('Ctrl Pts',(5.63660297212473,2.4976931457962,-2.75440954396005));
#12223=CARTESIAN_POINT('Ctrl Pts',(5.63526408625217,2.49660669839702,-2.75511826914341));
#12224=CARTESIAN_POINT('Ctrl Pts',(5.63394352199352,2.4955145685016,-2.75580758446152));
#12225=CARTESIAN_POINT('Ctrl Pts',(5.63264200770083,2.4944169397167,-2.75647806805974));
#12226=CARTESIAN_POINT('Ctrl Pts',(5.6239931990791,2.48712298885369,-2.76093355837408));
#12227=CARTESIAN_POINT('Ctrl Pts',(5.61619079734158,2.47958621506768,-2.76455874434084));
#12228=CARTESIAN_POINT('Ctrl Pts',(5.60940361315394,2.47186490710652,-2.76752099380465));
#12229=CARTESIAN_POINT('Ctrl Pts',(5.60816249374385,2.4704529717712,-2.76806267724884));
#12230=CARTESIAN_POINT('Ctrl Pts',(5.60695520408491,2.46903486587455,-2.76858211643209));
#12231=CARTESIAN_POINT('Ctrl Pts',(5.60578262406315,2.46761094583202,-2.76908021999543));
#12232=CARTESIAN_POINT('Ctrl Pts',(5.59964767688271,2.4601609858396,-2.77168630145233));
#12233=CARTESIAN_POINT('Ctrl Pts',(5.59446679044441,2.45255186999985,-2.77371105817021));
#12234=CARTESIAN_POINT('Ctrl Pts',(5.59032980240999,2.44483737755472,-2.77526908605793));
#12235=CARTESIAN_POINT('Ctrl Pts',(5.58946333880301,2.44322163032644,-2.77559540425178));
#12236=CARTESIAN_POINT('Ctrl Pts',(5.58864256638835,2.44160126060447,-2.77590109747578));
#12237=CARTESIAN_POINT('Ctrl Pts',(5.5878681575108,2.43997676248655,-2.77618696791563));
#12238=CARTESIAN_POINT('Ctrl Pts',(5.58429560138793,2.43248251640278,-2.77750576502637));
#12239=CARTESIAN_POINT('Ctrl Pts',(5.58171229811863,2.42490040877754,-2.77840607216245));
#12240=CARTESIAN_POINT('Ctrl Pts',(5.58015677140332,2.41728047772386,-2.77894445676782));
#12241=CARTESIAN_POINT('Ctrl Pts',(5.57898384288044,2.41153474903449,-2.77935042000438));
#12242=CARTESIAN_POINT('Ctrl Pts',(5.5783949517663,2.40576751487017,-2.77954966270226));
#12243=CARTESIAN_POINT('Ctrl Pts',(5.5783949517663,2.4,-2.77954966270226));
#12244=CARTESIAN_POINT('Origin',(5.85,4.5,-2.4));
#12245=CARTESIAN_POINT('',(5.45,4.3,-2.4));
#12246=CARTESIAN_POINT('',(5.85,4.5,-2.2));
#12247=CARTESIAN_POINT('Origin',(5.44999999999999,4.5,-8.3));
#12248=CARTESIAN_POINT('',(5.45,4.5,1.299));
#12249=CARTESIAN_POINT('Origin',(5.449,4.5,1.299));
#12250=CARTESIAN_POINT('Origin',(5.449,4.5,1.299));
#12251=CARTESIAN_POINT('Origin',(5.45,-4.5,1.299));
#12252=CARTESIAN_POINT('',(5.85,-4.5,-2.2));
#12253=CARTESIAN_POINT('Origin',(5.85,-4.5,-2.4));
#12254=CARTESIAN_POINT('',(5.45,-4.3,-2.4));
#12255=CARTESIAN_POINT('Origin',(5.449,-2.6,-2.4));
#12256=CARTESIAN_POINT('Ctrl Pts',(5.5783949517663,-2.4,-2.77954966270226));
#12257=CARTESIAN_POINT('Ctrl Pts',(5.5783949517663,-2.40763731865849,-2.77954966270226));
#12258=CARTESIAN_POINT('Ctrl Pts',(5.57942992271507,-2.41527266820565,-2.7792014722371));
#12259=CARTESIAN_POINT('Ctrl Pts',(5.58148076788981,-2.4228577351045,-2.77848361409621));
#12260=CARTESIAN_POINT('Ctrl Pts',(5.58263455736508,-2.42712503449159,-2.77807975271364));
#12261=CARTESIAN_POINT('Ctrl Pts',(5.5841095769037,-2.43137641891914,-2.77755798254053));
#12262=CARTESIAN_POINT('Ctrl Pts',(5.58589985861868,-2.43560328538709,-2.77690771909074));
#12263=CARTESIAN_POINT('Ctrl Pts',(5.58918724143105,-2.44336481702793,-2.77571368081706));
#12264=CARTESIAN_POINT('Ctrl Pts',(5.59353810647124,-2.45104367977361,-2.77408936041951));
#12265=CARTESIAN_POINT('Ctrl Pts',(5.59887552680549,-2.45858589003304,-2.77193860577355));
#12266=CARTESIAN_POINT('Ctrl Pts',(5.60058523377194,-2.46100184542262,-2.77124966617895));
#12267=CARTESIAN_POINT('Ctrl Pts',(5.60239596589748,-2.46340377919557,-2.77050636064632));
#12268=CARTESIAN_POINT('Ctrl Pts',(5.60430457928062,-2.46578991702925,-2.7697045951222));
#12269=CARTESIAN_POINT('Ctrl Pts',(5.61053274625437,-2.47357633673154,-2.76708828235707));
#12270=CARTESIAN_POINT('Ctrl Pts',(5.61780520932296,-2.4811945548734,-2.76385235872341));
#12271=CARTESIAN_POINT('Ctrl Pts',(5.62596754395671,-2.48858679454724,-2.75983814192763));
#12272=CARTESIAN_POINT('Ctrl Pts',(5.62704635309347,-2.48956382085884,-2.75930758615523));
#12273=CARTESIAN_POINT('Ctrl Pts',(5.62814064635994,-2.4905368996217,-2.75876339157722));
#12274=CARTESIAN_POINT('Ctrl Pts',(5.62925000991925,-2.49150589743916,-2.7582051561942));
#12275=CARTESIAN_POINT('Ctrl Pts',(5.63781580681113,-2.49898787971936,-2.7538948190926));
#12276=CARTESIAN_POINT('Ctrl Pts',(5.64728257078895,-2.5062265583985,-2.74874867172359));
#12277=CARTESIAN_POINT('Ctrl Pts',(5.65741325804032,-2.51316455241857,-2.74258562998617));
#12278=CARTESIAN_POINT('Ctrl Pts',(5.6588236965923,-2.51413049026627,-2.74172758438193));
#12279=CARTESIAN_POINT('Ctrl Pts',(5.66024692142607,-2.51509059981536,-2.74084982699737));
#12280=CARTESIAN_POINT('Ctrl Pts',(5.66168221141894,-2.51604472621472,-2.73995187445571));
#12281=CARTESIAN_POINT('Ctrl Pts',(5.67159886068772,-2.5226369388739,-2.73374777600875));
#12282=CARTESIAN_POINT('Ctrl Pts',(5.68209354385975,-2.52894353689336,-2.72657821873951));
#12283=CARTESIAN_POINT('Ctrl Pts',(5.69288821959519,-2.53491858344023,-2.71830729860104));
#12284=CARTESIAN_POINT('Ctrl Pts',(5.69506135463657,-2.53612145264567,-2.71664223456225));
#12285=CARTESIAN_POINT('Ctrl Pts',(5.69724651349807,-2.53731088476226,-2.71493263656004));
#12286=CARTESIAN_POINT('Ctrl Pts',(5.69944122934073,-2.53848650499621,-2.7131775704713));
#12287=CARTESIAN_POINT('Ctrl Pts',(5.70964276608749,-2.5439510543396,-2.70501962544293));
#12288=CARTESIAN_POINT('Ctrl Pts',(5.72005254242332,-2.54911718399027,-2.69587560915446));
#12289=CARTESIAN_POINT('Ctrl Pts',(5.73039772101736,-2.55395206548593,-2.68568570598866));
#12290=CARTESIAN_POINT('Ctrl Pts',(5.73261483778424,-2.55498824835436,-2.68350186692232));
#12291=CARTESIAN_POINT('Ctrl Pts',(5.73482891454056,-2.5560092168303,-2.68127016493117));
#12292=CARTESIAN_POINT('Ctrl Pts',(5.73703715919372,-2.55701464776517,-2.67899031331502));
#12293=CARTESIAN_POINT('Ctrl Pts',(5.74678551997944,-2.56145315211484,-2.66892584149107));
#12294=CARTESIAN_POINT('Ctrl Pts',(5.75642081395159,-2.56558885978898,-2.65791850409204));
#12295=CARTESIAN_POINT('Ctrl Pts',(5.76569358627951,-2.56939833477255,-2.64598002441139));
#12296=CARTESIAN_POINT('Ctrl Pts',(5.76778640803153,-2.57025811562638,-2.64328556486053));
#12297=CARTESIAN_POINT('Ctrl Pts',(5.76986076427598,-2.57110127870937,-2.64054388388633));
#12298=CARTESIAN_POINT('Ctrl Pts',(5.77191380739536,-2.57192755458797,-2.63775548993332));
#12299=CARTESIAN_POINT('Ctrl Pts',(5.78065125870478,-2.57544406390492,-2.62588849300278));
#12300=CARTESIAN_POINT('Ctrl Pts',(5.78900206237921,-2.57865470725571,-2.61317068392567));
#12301=CARTESIAN_POINT('Ctrl Pts',(5.79675056170916,-2.58154280698342,-2.59967610480717));
#12302=CARTESIAN_POINT('Ctrl Pts',(5.79851956021428,-2.58220216615523,-2.59659526434099));
#12303=CARTESIAN_POINT('Ctrl Pts',(5.80025723878414,-2.58284471376018,-2.59347413863585));
#12304=CARTESIAN_POINT('Ctrl Pts',(5.80196118055333,-2.58347025134208,-2.59031396433892));
#12305=CARTESIAN_POINT('Ctrl Pts',(5.80922275068204,-2.58613606134876,-2.57684646932771));
#12306=CARTESIAN_POINT('Ctrl Pts',(5.81586978907177,-2.58849294392239,-2.56266538757693));
#12307=CARTESIAN_POINT('Ctrl Pts',(5.82173006475387,-2.59052933420876,-2.54789624345661));
#12308=CARTESIAN_POINT('Ctrl Pts',(5.82301492479642,-2.59097581090233,-2.54465812221927));
#12309=CARTESIAN_POINT('Ctrl Pts',(5.82426208864915,-2.5914068814809,-2.54139188842756));
#12310=CARTESIAN_POINT('Ctrl Pts',(5.82546996331426,-2.59182242405854,-2.538099119194));
#12311=CARTESIAN_POINT('Ctrl Pts',(5.83088457181039,-2.59368520041806,-2.52333843517375));
#12312=CARTESIAN_POINT('Ctrl Pts',(5.83550678902688,-2.59523593989923,-2.50804084683927));
#12313=CARTESIAN_POINT('Ctrl Pts',(5.83921623150409,-2.5964675975771,-2.49237041014712));
#12314=CARTESIAN_POINT('Ctrl Pts',(5.84031960445067,-2.59683395391489,-2.48770924178734));
#12315=CARTESIAN_POINT('Ctrl Pts',(5.84134250810809,-2.59717207904747,-2.48301528207036));
#12316=CARTESIAN_POINT('Ctrl Pts',(5.84228254256319,-2.59748178757155,-2.47829330568466));
#12317=CARTESIAN_POINT('Ctrl Pts',(5.84531434235084,-2.59848065972184,-2.46306398411491));
#12318=CARTESIAN_POINT('Ctrl Pts',(5.84748110839808,-2.59918394459546,-2.4475402881661));
#12319=CARTESIAN_POINT('Ctrl Pts',(5.84872939049372,-2.59958869331444,-2.43189693363819));
#12320=CARTESIAN_POINT('Ctrl Pts',(5.84957480000701,-2.59986281277727,-2.4213023406501));
#12321=CARTESIAN_POINT('Ctrl Pts',(5.85,-2.6,-2.4106529892352));
#12322=CARTESIAN_POINT('Ctrl Pts',(5.85,-2.6,-2.4));
#12323=CARTESIAN_POINT('Ctrl Pts',(5.85,-4.3,-2.4));
#12324=CARTESIAN_POINT('Ctrl Pts',(5.85,-4.3,-2.41766610494225));
#12325=CARTESIAN_POINT('Ctrl Pts',(5.84882828780976,-4.30037654440379,-2.43528793708454));
#12326=CARTESIAN_POINT('Ctrl Pts',(5.8465279559091,-4.30112653085897,-2.45265476493851));
#12327=CARTESIAN_POINT('Ctrl Pts',(5.84553850466273,-4.30144912562567,-2.46012483021945));
#12328=CARTESIAN_POINT('Ctrl Pts',(5.84434088726222,-4.30184081290959,-2.46754785069455));
#12329=CARTESIAN_POINT('Ctrl Pts',(5.84294137056701,-4.30230134582112,-2.47490792051439));
#12330=CARTESIAN_POINT('Ctrl Pts',(5.83998362467434,-4.30327463848147,-2.4904627305097));
#12331=CARTESIAN_POINT('Ctrl Pts',(5.83612043995618,-4.30455542887312,-2.50573645663075));
#12332=CARTESIAN_POINT('Ctrl Pts',(5.83144909243252,-4.30613711860882,-2.52055576177664));
#12333=CARTESIAN_POINT('Ctrl Pts',(5.82969271177644,-4.30673181836978,-2.5261276745412));
#12334=CARTESIAN_POINT('Ctrl Pts',(5.82782255288325,-4.30736905584761,-2.53163559412459));
#12335=CARTESIAN_POINT('Ctrl Pts',(5.82584539840066,-4.30804848031693,-2.53707131612503));
#12336=CARTESIAN_POINT('Ctrl Pts',(5.82033613444758,-4.30994167013624,-2.55221774375107));
#12337=CARTESIAN_POINT('Ctrl Pts',(5.81399335585909,-4.31216241516311,-2.56680180354325));
#12338=CARTESIAN_POINT('Ctrl Pts',(5.80698384467811,-4.31469905408929,-2.58068914452585));
#12339=CARTESIAN_POINT('Ctrl Pts',(5.80571938782512,-4.31515664241335,-2.58319430401869));
#12340=CARTESIAN_POINT('Ctrl Pts',(5.80443332018938,-4.31562451028028,-2.58567689857173));
#12341=CARTESIAN_POINT('Ctrl Pts',(5.80312672671755,-4.3161025892365,-2.58813628417804));
#12342=CARTESIAN_POINT('Ctrl Pts',(5.79575816834601,-4.31879872446991,-2.60200603539662));
#12343=CARTESIAN_POINT('Ctrl Pts',(5.78773445455799,-4.32181961493988,-2.61513483423128));
#12344=CARTESIAN_POINT('Ctrl Pts',(5.77926429761241,-4.32514898427486,-2.6274345921855));
#12345=CARTESIAN_POINT('Ctrl Pts',(5.77749480772052,-4.32584451865781,-2.63000411923353));
#12346=CARTESIAN_POINT('Ctrl Pts',(5.77570590273456,-4.32655351594236,-2.63253763297253));
#12347=CARTESIAN_POINT('Ctrl Pts',(5.77389958124589,-4.32727582773069,-2.63503459767926));
#12348=CARTESIAN_POINT('Ctrl Pts',(5.76488808131449,-4.33087934608103,-2.64749162563607));
#12349=CARTESIAN_POINT('Ctrl Pts',(5.75544197104137,-4.33481424653922,-2.65903583746667));
#12350=CARTESIAN_POINT('Ctrl Pts',(5.74580861074255,-4.3390575431939,-2.66963984977944));
#12351=CARTESIAN_POINT('Ctrl Pts',(5.74364799200417,-4.3400092512148,-2.67201817125755));
#12352=CARTESIAN_POINT('Ctrl Pts',(5.74147796306482,-4.34097647273185,-2.67434940579862));
#12353=CARTESIAN_POINT('Ctrl Pts',(5.7393013129974,-4.34195894840911,-2.67663359823417));
#12354=CARTESIAN_POINT('Ctrl Pts',(5.72906262818896,-4.3465803889162,-2.68737814865116));
#12355=CARTESIAN_POINT('Ctrl Pts',(5.71867838587294,-4.35153934935243,-2.69707813186229));
#12356=CARTESIAN_POINT('Ctrl Pts',(5.70842377264945,-4.35680376931748,-2.70577819769292));
#12357=CARTESIAN_POINT('Ctrl Pts',(5.70648515041033,-4.35779900155081,-2.7074229346258));
#12358=CARTESIAN_POINT('Ctrl Pts',(5.70455110925864,-4.35880515073837,-2.70903207616119));
#12359=CARTESIAN_POINT('Ctrl Pts',(5.70262342859516,-4.35982200026408,-2.71060611144605));
#12360=CARTESIAN_POINT('Ctrl Pts',(5.69175091225253,-4.36555724121753,-2.71948399494756));
#12361=CARTESIAN_POINT('Ctrl Pts',(5.68108384959436,-4.37163288053108,-2.7272420024552));
#12362=CARTESIAN_POINT('Ctrl Pts',(5.67090848611907,-4.37800443398211,-2.73400243081203));
#12363=CARTESIAN_POINT('Ctrl Pts',(5.669256260529,-4.37903901556594,-2.73510015599484));
#12364=CARTESIAN_POINT('Ctrl Pts',(5.66761691488096,-4.3800813991245,-2.73617165272736));
#12365=CARTESIAN_POINT('Ctrl Pts',(5.66599157508322,-4.38113139421514,-2.73721752081247));
#12366=CARTESIAN_POINT('Ctrl Pts',(5.65552483168598,-4.38789307518632,-2.7439526249977));
#12367=CARTESIAN_POINT('Ctrl Pts',(5.64564405922904,-4.39497040695941,-2.7496237393989));
#12368=CARTESIAN_POINT('Ctrl Pts',(5.63660297212403,-4.40230685420437,-2.75440954396042));
#12369=CARTESIAN_POINT('Ctrl Pts',(5.63526408625147,-4.40339330160356,-2.75511826914378));
#12370=CARTESIAN_POINT('Ctrl Pts',(5.63394352199281,-4.40448543149899,-2.75580758446189));
#12371=CARTESIAN_POINT('Ctrl Pts',(5.63264200770012,-4.40558306028391,-2.75647806806012));
#12372=CARTESIAN_POINT('Ctrl Pts',(5.62399319907844,-4.41287701114693,-2.76093355837441));
#12373=CARTESIAN_POINT('Ctrl Pts',(5.61619079734097,-4.42041378493295,-2.76455874434112));
#12374=CARTESIAN_POINT('Ctrl Pts',(5.60940361315339,-4.42813509289411,-2.7675209938049));
#12375=CARTESIAN_POINT('Ctrl Pts',(5.6081624937433,-4.42954702822944,-2.76806267724908));
#12376=CARTESIAN_POINT('Ctrl Pts',(5.60695520408437,-4.43096513412609,-2.76858211643233));
#12377=CARTESIAN_POINT('Ctrl Pts',(5.60578262406261,-4.43238905416863,-2.76908021999566));
#12378=CARTESIAN_POINT('Ctrl Pts',(5.59964767688222,-4.43983901416105,-2.77168630145253));
#12379=CARTESIAN_POINT('Ctrl Pts',(5.59446679044399,-4.44744813000081,-2.77371105817038));
#12380=CARTESIAN_POINT('Ctrl Pts',(5.59032980240963,-4.45516262244594,-2.77526908605807));
#12381=CARTESIAN_POINT('Ctrl Pts',(5.58946333880266,-4.45677836967422,-2.77559540425191));
#12382=CARTESIAN_POINT('Ctrl Pts',(5.58864256638802,-4.45839873939619,-2.7759010974759));
#12383=CARTESIAN_POINT('Ctrl Pts',(5.58786815751048,-4.46002323751412,-2.77618696791575));
#12384=CARTESIAN_POINT('Ctrl Pts',(5.5842956013877,-4.46751748359782,-2.77750576502646));
#12385=CARTESIAN_POINT('Ctrl Pts',(5.58171229811849,-4.47509959122299,-2.77840607216251));
#12386=CARTESIAN_POINT('Ctrl Pts',(5.58015677140323,-4.48271952227661,-2.77894445676785));
#12387=CARTESIAN_POINT('Ctrl Pts',(5.57898384288042,-4.48846525096582,-2.7793504200044));
#12388=CARTESIAN_POINT('Ctrl Pts',(5.57839495176631,-4.49423248512999,-2.77954966270226));
#12389=CARTESIAN_POINT('Ctrl Pts',(5.57839495176631,-4.5,-2.77954966270226));
#12390=CARTESIAN_POINT('Origin',(5.85,-2.4,-2.4));
#12391=CARTESIAN_POINT('',(5.45,-2.6,-2.4));
#12392=CARTESIAN_POINT('',(5.85,-2.4,-2.2));
#12393=CARTESIAN_POINT('Origin',(5.85,-2.4,-2.2));
#12394=CARTESIAN_POINT('',(5.85,-2.4,-1.9));
#12395=CARTESIAN_POINT('Origin',(5.85,-2.4,-1.9));
#12396=CARTESIAN_POINT('Origin',(5.449,-4.3,-2.4));
#12397=CARTESIAN_POINT('Ctrl Pts',(5.45,-4.3,-2.4));
#12398=CARTESIAN_POINT('Ctrl Pts',(5.45,-4.3,-2.40002683352699));
#12399=CARTESIAN_POINT('Ctrl Pts',(5.44999893069646,-4.30013968218082,-2.40005336289648));
#12400=CARTESIAN_POINT('Ctrl Pts',(5.44999685481487,-4.3004113075441,-2.4000795454273));
#12401=CARTESIAN_POINT('Ctrl Pts',(5.44999354509602,-4.30084437828827,-2.40012129001245));
#12402=CARTESIAN_POINT('Ctrl Pts',(5.44998768650229,-4.30161163841323,-2.40016215462847));
#12403=CARTESIAN_POINT('Ctrl Pts',(5.44997949061657,-4.30269909804393,-2.40020201840405));
#12404=CARTESIAN_POINT('Ctrl Pts',(5.44996940878825,-4.30403679133159,-2.4002510551715));
#12405=CARTESIAN_POINT('Ctrl Pts',(5.44995579585361,-4.30585764643096,-2.40029859253669));
#12406=CARTESIAN_POINT('Ctrl Pts',(5.44993895310571,-4.30817757780327,-2.40034443282391));
#12407=CARTESIAN_POINT('Ctrl Pts',(5.44993535229579,-4.30867355577296,-2.40035423301578));
#12408=CARTESIAN_POINT('Ctrl Pts',(5.44993160266843,-4.3091925344626,-2.40036395479395));
#12409=CARTESIAN_POINT('Ctrl Pts',(5.44992770758071,-4.30973490336214,-2.4003735967416));
#12410=CARTESIAN_POINT('Ctrl Pts',(5.44991352463051,-4.31170979882886,-2.40040870538948));
#12411=CARTESIAN_POINT('Ctrl Pts',(5.44989757660093,-4.31397812222265,-2.40044247296924));
#12412=CARTESIAN_POINT('Ctrl Pts',(5.4498802325478,-4.31652975028413,-2.40047461467231));
#12413=CARTESIAN_POINT('Ctrl Pts',(5.44985735766518,-4.31989506472118,-2.40051700601414));
#12414=CARTESIAN_POINT('Ctrl Pts',(5.44983205442082,-4.32375320529162,-2.40055656904754));
#12415=CARTESIAN_POINT('Ctrl Pts',(5.44980531190652,-4.32807244595583,-2.40059293633403));
#12416=CARTESIAN_POINT('Ctrl Pts',(5.44979414538739,-4.32987597433595,-2.40060812174239));
#12417=CARTESIAN_POINT('Ctrl Pts',(5.44978272795824,-4.33175988712977,-2.400622749987));
#12418=CARTESIAN_POINT('Ctrl Pts',(5.4497711343728,-4.33372128753801,-2.40063681595905));
#12419=CARTESIAN_POINT('Ctrl Pts',(5.4497538804369,-4.33664030487429,-2.4006577493779));
#12420=CARTESIAN_POINT('Ctrl Pts',(5.44973620853485,-4.33973141530368,-2.40067741968452));
#12421=CARTESIAN_POINT('Ctrl Pts',(5.44971837781308,-4.34298535077297,-2.40069581455079));
#12422=CARTESIAN_POINT('Ctrl Pts',(5.44968584209584,-4.34892280668194,-2.40072937966248));
#12423=CARTESIAN_POINT('Ctrl Pts',(5.44965277949257,-4.35540241291201,-2.40075869657177));
#12424=CARTESIAN_POINT('Ctrl Pts',(5.4496206373889,-4.36235682065983,-2.40078411162944));
#12425=CARTESIAN_POINT('Ctrl Pts',(5.4496131087945,-4.36398574064889,-2.40079006455842));
#12426=CARTESIAN_POINT('Ctrl Pts',(5.44960563056616,-4.36564070817686,-2.40079580354588));
#12427=CARTESIAN_POINT('Ctrl Pts',(5.44959821813857,-4.36732072755847,-2.40080133679287));
#12428=CARTESIAN_POINT('Ctrl Pts',(5.44957398326801,-4.37281353699726,-2.40081942769804));
#12429=CARTESIAN_POINT('Ctrl Pts',(5.44955043065164,-4.37857457007005,-2.40083529505225));
#12430=CARTESIAN_POINT('Ctrl Pts',(5.44952808414194,-4.38456931386088,-2.40084919371918));
#12431=CARTESIAN_POINT('Ctrl Pts',(5.44949966734182,-4.39219249253241,-2.40086686787257));
#12432=CARTESIAN_POINT('Ctrl Pts',(5.44947320094183,-4.40019360058261,-2.4008813585033));
#12433=CARTESIAN_POINT('Ctrl Pts',(5.44944950638975,-4.40849409809227,-2.40089328983061));
#12434=CARTESIAN_POINT('Ctrl Pts',(5.44944511043174,-4.41003405708605,-2.40089550340332));
#12435=CARTESIAN_POINT('Ctrl Pts',(5.44944080987845,-4.41158432086805,-2.40089762888657));
#12436=CARTESIAN_POINT('Ctrl Pts',(5.44943660839066,-4.41314435076619,-2.40089967004492));
#12437=CARTESIAN_POINT('Ctrl Pts',(5.44941816430597,-4.41999271614744,-2.40090863051303));
#12438=CARTESIAN_POINT('Ctrl Pts',(5.44940162322637,-4.42703008459313,-2.4009159579296));
#12439=CARTESIAN_POINT('Ctrl Pts',(5.44938729997299,-4.43421007817949,-2.40092197265667));
#12440=CARTESIAN_POINT('Ctrl Pts',(5.44937051233225,-4.44262542556081,-2.4009290222476));
#12441=CARTESIAN_POINT('Ctrl Pts',(5.44935677149501,-4.45123668925258,-2.40093426863596));
#12442=CARTESIAN_POINT('Ctrl Pts',(5.44934637606644,-4.45996512692721,-2.40093810030397));
#12443=CARTESIAN_POINT('Ctrl Pts',(5.44934462061367,-4.46143907867654,-2.40093874734918));
#12444=CARTESIAN_POINT('Ctrl Pts',(5.4493429604955,-4.46291638852163,-2.40093935399007));
#12445=CARTESIAN_POINT('Ctrl Pts',(5.44934139709409,-4.46439671114461,-2.40093992206987));
#12446=CARTESIAN_POINT('Ctrl Pts',(5.44932900095151,-4.47613412563267,-2.4009444263502));
#12447=CARTESIAN_POINT('Ctrl Pts',(5.44932268067772,-4.48806093567774,-2.40094650788704));
#12448=CARTESIAN_POINT('Ctrl Pts',(5.44932268067772,-4.5,-2.40094650788704));
#12449=CARTESIAN_POINT('Ctrl Pts',(5.44932268067772,-2.4,-2.40094650788704));
#12450=CARTESIAN_POINT('Ctrl Pts',(5.44932268067772,-2.41197048346912,-2.40094650788704));
#12451=CARTESIAN_POINT('Ctrl Pts',(5.44932904432835,-2.42389233040252,-2.40094446208008));
#12452=CARTESIAN_POINT('Ctrl Pts',(5.4493414270707,-2.43560328885499,-2.40094000460036));
#12453=CARTESIAN_POINT('Ctrl Pts',(5.44935227414387,-2.44586189068193,-2.40093609992341));
#12454=CARTESIAN_POINT('Ctrl Pts',(5.4493677426915,-2.4559590420435,-2.40093034431752));
#12455=CARTESIAN_POINT('Ctrl Pts',(5.44938735137024,-2.46578992181989,-2.4009220950085));
#12456=CARTESIAN_POINT('Ctrl Pts',(5.44939559694662,-2.46992387041884,-2.40091862612065));
#12457=CARTESIAN_POINT('Ctrl Pts',(5.44940457527137,-2.47401071474621,-2.40091471604492));
#12458=CARTESIAN_POINT('Ctrl Pts',(5.44941422897997,-2.47804295050381,-2.40091030019696));
#12459=CARTESIAN_POINT('Ctrl Pts',(5.44942514951031,-2.48260432217195,-2.40090530487302));
#12460=CARTESIAN_POINT('Ctrl Pts',(5.44943694485029,-2.48709646534374,-2.4008996805568));
#12461=CARTESIAN_POINT('Ctrl Pts',(5.44944952934223,-2.49150590190713,-2.40089333544334));
#12462=CARTESIAN_POINT('Ctrl Pts',(5.44947320478733,-2.49980145914513,-2.4008813982602));
#12463=CARTESIAN_POINT('Ctrl Pts',(5.44949967452048,-2.50780422428686,-2.40086690924206));
#12464=CARTESIAN_POINT('Ctrl Pts',(5.44952810524277,-2.51543068613856,-2.40084922765067));
#12465=CARTESIAN_POINT('Ctrl Pts',(5.4495554136966,-2.52275610261157,-2.40083224401878));
#12466=CARTESIAN_POINT('Ctrl Pts',(5.44958453089523,-2.52973429882957,-2.40081231441183));
#12467=CARTESIAN_POINT('Ctrl Pts',(5.44961447757242,-2.53629906406515,-2.40078897216575));
#12468=CARTESIAN_POINT('Ctrl Pts',(5.44964854311294,-2.54376674653036,-2.40076241942921));
#12469=CARTESIAN_POINT('Ctrl Pts',(5.44968372747493,-2.55069775642017,-2.40073148673545));
#12470=CARTESIAN_POINT('Ctrl Pts',(5.44971834011174,-2.55701464922665,-2.4006957780336));
#12471=CARTESIAN_POINT('Ctrl Pts',(5.44975092375007,-2.56296124473577,-2.40066216258175));
#12472=CARTESIAN_POINT('Ctrl Pts',(5.44978299985163,-2.56836359024891,-2.40062431223818));
#12473=CARTESIAN_POINT('Ctrl Pts',(5.44981303733289,-2.57316705943108,-2.400582310289));
#12474=CARTESIAN_POINT('Ctrl Pts',(5.44983692997474,-2.57698787142944,-2.40054890077905));
#12475=CARTESIAN_POINT('Ctrl Pts',(5.44985956555888,-2.58042994868091,-2.40051291041697));
#12476=CARTESIAN_POINT('Ctrl Pts',(5.44988021745595,-2.58347024971564,-2.40047460653491));
#12477=CARTESIAN_POINT('Ctrl Pts',(5.44990229551675,-2.58672050565218,-2.40043365749116));
#12478=CARTESIAN_POINT('Ctrl Pts',(5.44992210647286,-2.58951157497964,-2.40039006439773));
#12479=CARTESIAN_POINT('Ctrl Pts',(5.44993888788982,-2.59182242219655,-2.400344408901));
#12480=CARTESIAN_POINT('Ctrl Pts',(5.4499415359242,-2.59218706380561,-2.4003372046628));
#12481=CARTESIAN_POINT('Ctrl Pts',(5.44994410852423,-2.59253974849921,-2.40032994906831));
#12482=CARTESIAN_POINT('Ctrl Pts',(5.44994660355331,-2.59288042261469,-2.40032264523545));
#12483=CARTESIAN_POINT('Ctrl Pts',(5.44995998519219,-2.59470756684089,-2.40028347244414));
#12484=CARTESIAN_POINT('Ctrl Pts',(5.44997099523378,-2.59617696094523,-2.40024321375754));
#12485=CARTESIAN_POINT('Ctrl Pts',(5.4499794750388,-2.59730090195596,-2.40020201519116));
#12486=CARTESIAN_POINT('Ctrl Pts',(5.44998770396392,-2.59839159052647,-2.40016203550803));
#12487=CARTESIAN_POINT('Ctrl Pts',(5.4499935521696,-2.59915691847188,-2.40012116473926));
#12488=CARTESIAN_POINT('Ctrl Pts',(5.44999685363865,-2.59958869245585,-2.40007954533344));
#12489=CARTESIAN_POINT('Ctrl Pts',(5.44999893446602,-2.59986082801453,-2.4000533137385));
#12490=CARTESIAN_POINT('Ctrl Pts',(5.45,-2.6,-2.40002678374833));
#12491=CARTESIAN_POINT('Ctrl Pts',(5.45,-2.6,-2.4));
#12492=CARTESIAN_POINT('Origin',(5.449,-4.5,1.299));
#12493=CARTESIAN_POINT('Origin',(5.449,4.5,1.299));
#12494=CARTESIAN_POINT('Origin',(5.449,2.6,-2.4));
#12495=CARTESIAN_POINT('Ctrl Pts',(5.45,2.6,-2.4));
#12496=CARTESIAN_POINT('Ctrl Pts',(5.45,2.6,-2.40002683352698));
#12497=CARTESIAN_POINT('Ctrl Pts',(5.44999893069645,2.59986031781914,-2.40005336289647));
#12498=CARTESIAN_POINT('Ctrl Pts',(5.44999685481486,2.59958869245586,-2.40007954542729));
#12499=CARTESIAN_POINT('Ctrl Pts',(5.44999354509601,2.59915562171162,-2.40012129001245));
#12500=CARTESIAN_POINT('Ctrl Pts',(5.44998768650228,2.59838836158659,-2.40016215462847));
#12501=CARTESIAN_POINT('Ctrl Pts',(5.44997949061657,2.59730090195596,-2.40020201840405));
#12502=CARTESIAN_POINT('Ctrl Pts',(5.44996940878824,2.59596320866827,-2.4002510551715));
#12503=CARTESIAN_POINT('Ctrl Pts',(5.44995579585361,2.59414235356899,-2.40029859253669));
#12504=CARTESIAN_POINT('Ctrl Pts',(5.4499389531057,2.59182242219655,-2.40034443282391));
#12505=CARTESIAN_POINT('Ctrl Pts',(5.44993535229578,2.59132644422691,-2.40035423301578));
#12506=CARTESIAN_POINT('Ctrl Pts',(5.44993160266843,2.59080746553731,-2.40036395479394));
#12507=CARTESIAN_POINT('Ctrl Pts',(5.44992770758071,2.5902650966378,-2.4003735967416));
#12508=CARTESIAN_POINT('Ctrl Pts',(5.44991352463051,2.58829020117103,-2.40040870538948));
#12509=CARTESIAN_POINT('Ctrl Pts',(5.44989757660093,2.58602187777718,-2.40044247296924));
#12510=CARTESIAN_POINT('Ctrl Pts',(5.4498802325478,2.58347024971563,-2.40047461467231));
#12511=CARTESIAN_POINT('Ctrl Pts',(5.44985735766518,2.58010493527855,-2.40051700601414));
#12512=CARTESIAN_POINT('Ctrl Pts',(5.44983205442081,2.57624679470807,-2.40055656904754));
#12513=CARTESIAN_POINT('Ctrl Pts',(5.44980531190652,2.57192755404383,-2.40059293633403));
#12514=CARTESIAN_POINT('Ctrl Pts',(5.44979414538739,2.57012402566376,-2.40060812174239));
#12515=CARTESIAN_POINT('Ctrl Pts',(5.44978272795825,2.56824011287,-2.400622749987));
#12516=CARTESIAN_POINT('Ctrl Pts',(5.4497711343728,2.56627871246181,-2.40063681595905));
#12517=CARTESIAN_POINT('Ctrl Pts',(5.4497538804369,2.56335969512546,-2.4006577493779));
#12518=CARTESIAN_POINT('Ctrl Pts',(5.44973620853485,2.56026858469599,-2.40067741968452));
#12519=CARTESIAN_POINT('Ctrl Pts',(5.44971837781307,2.55701464922662,-2.40069581455079));
#12520=CARTESIAN_POINT('Ctrl Pts',(5.44968584209583,2.55107719331763,-2.40072937966248));
#12521=CARTESIAN_POINT('Ctrl Pts',(5.44965277949257,2.54459758708753,-2.40075869657176));
#12522=CARTESIAN_POINT('Ctrl Pts',(5.44962063738889,2.5376431793397,-2.40078411162943));
#12523=CARTESIAN_POINT('Ctrl Pts',(5.4496131087945,2.53601425935071,-2.40079006455842));
#12524=CARTESIAN_POINT('Ctrl Pts',(5.44960563056616,2.53435929182282,-2.40079580354588));
#12525=CARTESIAN_POINT('Ctrl Pts',(5.44959821813857,2.5326792724413,-2.40080133679287));
#12526=CARTESIAN_POINT('Ctrl Pts',(5.44957398326801,2.52718646300241,-2.40081942769804));
#12527=CARTESIAN_POINT('Ctrl Pts',(5.44955043065164,2.52142542992952,-2.40083529505224));
#12528=CARTESIAN_POINT('Ctrl Pts',(5.44952808414194,2.51543068613858,-2.40084919371917));
#12529=CARTESIAN_POINT('Ctrl Pts',(5.44949966734182,2.50780750746702,-2.40086686787256));
#12530=CARTESIAN_POINT('Ctrl Pts',(5.44947320094183,2.49980639941679,-2.40088135850329));
#12531=CARTESIAN_POINT('Ctrl Pts',(5.44944950638975,2.4915059019071,-2.4008932898306));
#12532=CARTESIAN_POINT('Ctrl Pts',(5.44944511043174,2.48996594291342,-2.40089550340332));
#12533=CARTESIAN_POINT('Ctrl Pts',(5.44944080987845,2.48841567913152,-2.40089762888656));
#12534=CARTESIAN_POINT('Ctrl Pts',(5.44943660839065,2.48685564923348,-2.40089967004491));
#12535=CARTESIAN_POINT('Ctrl Pts',(5.44941816430596,2.4800072838521,-2.40090863051303));
#12536=CARTESIAN_POINT('Ctrl Pts',(5.44940162322637,2.47296991540629,-2.40091595792959));
#12537=CARTESIAN_POINT('Ctrl Pts',(5.44938729997299,2.4657899218198,-2.40092197265666));
#12538=CARTESIAN_POINT('Ctrl Pts',(5.44937051233225,2.45737457443864,-2.4009290222476));
#12539=CARTESIAN_POINT('Ctrl Pts',(5.44935677149501,2.44876331074702,-2.40093426863596));
#12540=CARTESIAN_POINT('Ctrl Pts',(5.44934637606644,2.44003487307255,-2.40093810030397));
#12541=CARTESIAN_POINT('Ctrl Pts',(5.44934462061367,2.43856092132315,-2.40093874734918));
#12542=CARTESIAN_POINT('Ctrl Pts',(5.4493429604955,2.43708361147798,-2.40093935399006));
#12543=CARTESIAN_POINT('Ctrl Pts',(5.44934139709409,2.43560328885492,-2.40093992206987));
#12544=CARTESIAN_POINT('Ctrl Pts',(5.44932900095151,2.42386587436701,-2.4009444263502));
#12545=CARTESIAN_POINT('Ctrl Pts',(5.44932268067772,2.41193906432211,-2.40094650788704));
#12546=CARTESIAN_POINT('Ctrl Pts',(5.44932268067772,2.4,-2.40094650788704));
#12547=CARTESIAN_POINT('Ctrl Pts',(5.44932268067772,4.5,-2.40094650788704));
#12548=CARTESIAN_POINT('Ctrl Pts',(5.44932268067772,4.48802951653094,-2.40094650788704));
#12549=CARTESIAN_POINT('Ctrl Pts',(5.44932904432835,4.47610766959759,-2.40094446208008));
#12550=CARTESIAN_POINT('Ctrl Pts',(5.4493414270707,4.46439671114518,-2.40094000460036));
#12551=CARTESIAN_POINT('Ctrl Pts',(5.44935227414387,4.45413810931826,-2.40093609992341));
#12552=CARTESIAN_POINT('Ctrl Pts',(5.4493677426915,4.44404095795672,-2.40093034431752));
#12553=CARTESIAN_POINT('Ctrl Pts',(5.44938735137025,4.43421007818035,-2.4009220950085));
#12554=CARTESIAN_POINT('Ctrl Pts',(5.44939559694662,4.4300761295812,-2.40091862612064));
#12555=CARTESIAN_POINT('Ctrl Pts',(5.44940457527137,4.42598928525363,-2.40091471604491));
#12556=CARTESIAN_POINT('Ctrl Pts',(5.44941422897997,4.42195704949584,-2.40091030019695));
#12557=CARTESIAN_POINT('Ctrl Pts',(5.44942514951031,4.41739567782788,-2.40090530487302));
#12558=CARTESIAN_POINT('Ctrl Pts',(5.44943694485029,4.41290353465627,-2.40089968055679));
#12559=CARTESIAN_POINT('Ctrl Pts',(5.44944952934223,4.40849409809305,-2.40089333544334));
#12560=CARTESIAN_POINT('Ctrl Pts',(5.44947320478733,4.40019854085503,-2.4008813982602));
#12561=CARTESIAN_POINT('Ctrl Pts',(5.44949967452048,4.39219577571328,-2.40086690924205));
#12562=CARTESIAN_POINT('Ctrl Pts',(5.44952810524276,4.38456931386157,-2.40084922765067));
#12563=CARTESIAN_POINT('Ctrl Pts',(5.4495554136966,4.37724389738836,-2.40083224401877));
#12564=CARTESIAN_POINT('Ctrl Pts',(5.44958453089522,4.37026570117017,-2.40081231441183));
#12565=CARTESIAN_POINT('Ctrl Pts',(5.44961447757242,4.36370093593443,-2.40078897216575));
#12566=CARTESIAN_POINT('Ctrl Pts',(5.44964854311294,4.35623325346943,-2.40076241942921));
#12567=CARTESIAN_POINT('Ctrl Pts',(5.44968372747493,4.3493022435798,-2.40073148673545));
#12568=CARTESIAN_POINT('Ctrl Pts',(5.44971834011174,4.34298535077349,-2.4006957780336));
#12569=CARTESIAN_POINT('Ctrl Pts',(5.44975092375007,4.33703875526418,-2.40066216258175));
#12570=CARTESIAN_POINT('Ctrl Pts',(5.44978299985163,4.3316364097509,-2.40062431223818));
#12571=CARTESIAN_POINT('Ctrl Pts',(5.44981303733289,4.32683294056862,-2.40058231028899));
#12572=CARTESIAN_POINT('Ctrl Pts',(5.44983692997474,4.32301212857041,-2.40054890077905));
#12573=CARTESIAN_POINT('Ctrl Pts',(5.44985956555888,4.31957005131906,-2.40051291041697));
#12574=CARTESIAN_POINT('Ctrl Pts',(5.44988021745596,4.31652975028443,-2.40047460653491));
#12575=CARTESIAN_POINT('Ctrl Pts',(5.44990229551675,4.31327949434788,-2.40043365749116));
#12576=CARTESIAN_POINT('Ctrl Pts',(5.44992210647286,4.31048842502041,-2.40039006439773));
#12577=CARTESIAN_POINT('Ctrl Pts',(5.44993888788982,4.30817757780349,-2.400344408901));
#12578=CARTESIAN_POINT('Ctrl Pts',(5.44994153592421,4.30781293619439,-2.4003372046628));
#12579=CARTESIAN_POINT('Ctrl Pts',(5.44994410852423,4.30746025150074,-2.40032994906831));
#12580=CARTESIAN_POINT('Ctrl Pts',(5.44994660355332,4.30711957738523,-2.40032264523545));
#12581=CARTESIAN_POINT('Ctrl Pts',(5.4499599851922,4.3052924331589,-2.40028347244414));
#12582=CARTESIAN_POINT('Ctrl Pts',(5.44997099523378,4.30382303905473,-2.40024321375754));
#12583=CARTESIAN_POINT('Ctrl Pts',(5.4499794750388,4.30269909804406,-2.40020201519116));
#12584=CARTESIAN_POINT('Ctrl Pts',(5.44998770396392,4.30160840947363,-2.40016203550803));
#12585=CARTESIAN_POINT('Ctrl Pts',(5.44999355216961,4.30084308152819,-2.40012116473927));
#12586=CARTESIAN_POINT('Ctrl Pts',(5.44999685363865,4.30041130754416,-2.40007954533344));
#12587=CARTESIAN_POINT('Ctrl Pts',(5.44999893446602,4.30013917198551,-2.4000533137385));
#12588=CARTESIAN_POINT('Ctrl Pts',(5.45,4.3,-2.40002678374832));
#12589=CARTESIAN_POINT('Ctrl Pts',(5.45,4.3,-2.4));
#12590=CARTESIAN_POINT('Ctrl Pts',(5.5783949517663,2.4,-2.77954966270225));
#12591=CARTESIAN_POINT('Ctrl Pts',(5.53537086140344,2.4,-2.65334861109718));
#12592=CARTESIAN_POINT('Ctrl Pts',(5.49234677104058,2.4,-2.52714755949211));
#12593=CARTESIAN_POINT('Ctrl Pts',(5.44932268067772,2.4,-2.40094650788704));
#12594=CARTESIAN_POINT('Ctrl Pts',(5.5783949517663,2.41193135532726,-2.77954966270225));
#12595=CARTESIAN_POINT('Ctrl Pts',(5.53537086140344,2.41193135532726,-2.65334861109718));
#12596=CARTESIAN_POINT('Ctrl Pts',(5.49234677104058,2.41193135532726,-2.52714755949211));
#12597=CARTESIAN_POINT('Ctrl Pts',(5.44932268067772,2.41193135532726,-2.40094650788704));
#12598=CARTESIAN_POINT('Ctrl Pts',(5.58313904519152,2.4342771394731,-2.77798731879466));
#12599=CARTESIAN_POINT('Ctrl Pts',(5.53853753390588,2.4342771394731,-2.65230574978562));
#12600=CARTESIAN_POINT('Ctrl Pts',(5.49393602262027,2.4342771394731,-2.5266241807766));
#12601=CARTESIAN_POINT('Ctrl Pts',(5.44933451133464,2.4342771394731,-2.40094261176757));
#12602=CARTESIAN_POINT('Ctrl Pts',(5.60199331032731,2.46501050834483,-2.77093076553638));
#12603=CARTESIAN_POINT('Ctrl Pts',(5.55112271670227,2.46501050834482,-2.64759551515022));
#12604=CARTESIAN_POINT('Ctrl Pts',(5.50025212307722,2.46501050834483,-2.52426026476406));
#12605=CARTESIAN_POINT('Ctrl Pts',(5.44938152945218,2.46501050834483,-2.4009250143779));
#12606=CARTESIAN_POINT('Ctrl Pts',(5.62813912572815,2.49180539803941,-2.7592327342511));
#12607=CARTESIAN_POINT('Ctrl Pts',(5.56857499414772,2.49180539803941,-2.63978710357742));
#12608=CARTESIAN_POINT('Ctrl Pts',(5.50901086256728,2.49180539803941,-2.52034147290373));
#12609=CARTESIAN_POINT('Ctrl Pts',(5.44944673098685,2.49180539803941,-2.40089584223005));
#12610=CARTESIAN_POINT('Ctrl Pts',(5.66026493388878,2.51602363328109,-2.74164732363996));
#12611=CARTESIAN_POINT('Ctrl Pts',(5.59001890433307,2.51602363328109,-2.62804887853939));
#12612=CARTESIAN_POINT('Ctrl Pts',(5.51977287477737,2.51602363328108,-2.51445043343882));
#12613=CARTESIAN_POINT('Ctrl Pts',(5.44952684522166,2.51602363328109,-2.40085198833825));
#12614=CARTESIAN_POINT('Ctrl Pts',(5.69751540787242,2.53811826051208,-2.71599960815199));
#12615=CARTESIAN_POINT('Ctrl Pts',(5.61488351830553,2.53811826051208,-2.61092908175066));
#12616=CARTESIAN_POINT('Ctrl Pts',(5.53225162873863,2.53811826051208,-2.50585855534934));
#12617=CARTESIAN_POINT('Ctrl Pts',(5.44961973917175,2.53811826051208,-2.40078802894801));
#12618=CARTESIAN_POINT('Ctrl Pts',(5.73612912366169,2.55701393553372,-2.68166689934697));
#12619=CARTESIAN_POINT('Ctrl Pts',(5.64065809335023,2.55701393553372,-2.58801206997142));
#12620=CARTESIAN_POINT('Ctrl Pts',(5.54518706303878,2.55701393553372,-2.49435724059587));
#12621=CARTESIAN_POINT('Ctrl Pts',(5.44971603272733,2.55701393553372,-2.40070241122032));
#12622=CARTESIAN_POINT('Ctrl Pts',(5.77210301650434,2.57223899034392,-2.63965839727253));
#12623=CARTESIAN_POINT('Ctrl Pts',(5.66467059206399,2.57223899034392,-2.5599714821362));
#12624=CARTESIAN_POINT('Ctrl Pts',(5.55723816762365,2.57223899034392,-2.48028456699986));
#12625=CARTESIAN_POINT('Ctrl Pts',(5.4498057431833,2.57223899034392,-2.40059765186352));
#12626=CARTESIAN_POINT('Ctrl Pts',(5.80259459073345,2.58383057642542,-2.5919966110509));
#12627=CARTESIAN_POINT('Ctrl Pts',(5.68502365449623,2.58383057642542,-2.52815733888102));
#12628=CARTESIAN_POINT('Ctrl Pts',(5.567452718259,2.58383057642542,-2.46431806671115));
#12629=CARTESIAN_POINT('Ctrl Pts',(5.44988178202177,2.58383057642542,-2.40047879454127));
#12630=CARTESIAN_POINT('Ctrl Pts',(5.82669206265564,2.59230258329477,-2.53892729149736));
#12631=CARTESIAN_POINT('Ctrl Pts',(5.70110866692642,2.59230258329477,-2.49273367836441));
#12632=CARTESIAN_POINT('Ctrl Pts',(5.57552527119719,2.59230258329477,-2.44654006523145));
#12633=CARTESIAN_POINT('Ctrl Pts',(5.44994187546797,2.59230258329477,-2.4003464520985));
#12634=CARTESIAN_POINT('Ctrl Pts',(5.84218212131486,2.59746370608148,-2.48496912536069));
#12635=CARTESIAN_POINT('Ctrl Pts',(5.71144824889097,2.59746370608148,-2.45671671460069));
#12636=CARTESIAN_POINT('Ctrl Pts',(5.58071437646707,2.59746370608148,-2.4284643038407));
#12637=CARTESIAN_POINT('Ctrl Pts',(5.44998050404317,2.59746370608148,-2.4002118930807));
#12638=CARTESIAN_POINT('Ctrl Pts',(5.84891059842656,2.59964825189421,-2.43796119391626));
#12639=CARTESIAN_POINT('Ctrl Pts',(5.71593949338032,2.5996482518942,-2.42533901805051));
#12640=CARTESIAN_POINT('Ctrl Pts',(5.58296838833409,2.59964825189421,-2.41271684218475));
#12641=CARTESIAN_POINT('Ctrl Pts',(5.44999728328784,2.59964825189421,-2.40009466631899));
#12642=CARTESIAN_POINT('Ctrl Pts',(5.85,2.6,-2.41065086872387));
#12643=CARTESIAN_POINT('Ctrl Pts',(5.71666666666666,2.6,-2.40710943273921));
#12644=CARTESIAN_POINT('Ctrl Pts',(5.58333333333333,2.6,-2.40356799675454));
#12645=CARTESIAN_POINT('Ctrl Pts',(5.45,2.6,-2.40002656076988));
#12646=CARTESIAN_POINT('Ctrl Pts',(5.85,2.6,-2.4));
#12647=CARTESIAN_POINT('Ctrl Pts',(5.71666666666666,2.6,-2.4));
#12648=CARTESIAN_POINT('Ctrl Pts',(5.58333333333333,2.6,-2.4));
#12649=CARTESIAN_POINT('Ctrl Pts',(5.45,2.6,-2.4));
#12650=CARTESIAN_POINT('Ctrl Pts',(5.44932268067772,4.5,-2.40094650788704));
#12651=CARTESIAN_POINT('Ctrl Pts',(5.49234677104058,4.5,-2.52714755949211));
#12652=CARTESIAN_POINT('Ctrl Pts',(5.53537086140344,4.5,-2.65334861109718));
#12653=CARTESIAN_POINT('Ctrl Pts',(5.57839495176631,4.5,-2.77954966270225));
#12654=CARTESIAN_POINT('Ctrl Pts',(5.44932268067772,4.48806864467278,-2.40094650788704));
#12655=CARTESIAN_POINT('Ctrl Pts',(5.49234677104058,4.48806864467277,-2.52714755949211));
#12656=CARTESIAN_POINT('Ctrl Pts',(5.53537086140344,4.48806864467278,-2.65334861109718));
#12657=CARTESIAN_POINT('Ctrl Pts',(5.57839495176631,4.48806864467278,-2.77954966270225));
#12658=CARTESIAN_POINT('Ctrl Pts',(5.44933451133464,4.46572286052699,-2.40094261176757));
#12659=CARTESIAN_POINT('Ctrl Pts',(5.49393602262026,4.46572286052699,-2.5266241807766));
#12660=CARTESIAN_POINT('Ctrl Pts',(5.53853753390587,4.46572286052698,-2.65230574978563));
#12661=CARTESIAN_POINT('Ctrl Pts',(5.58313904519149,4.46572286052699,-2.77798731879467));
#12662=CARTESIAN_POINT('Ctrl Pts',(5.44938152945218,4.43498949165531,-2.40092501437789));
#12663=CARTESIAN_POINT('Ctrl Pts',(5.50025212307719,4.43498949165531,-2.52426026476407));
#12664=CARTESIAN_POINT('Ctrl Pts',(5.5511227167022,4.43498949165531,-2.64759551515024));
#12665=CARTESIAN_POINT('Ctrl Pts',(5.60199331032721,4.43498949165531,-2.77093076553642));
#12666=CARTESIAN_POINT('Ctrl Pts',(5.44944673098685,4.40819460196074,-2.40089584223005));
#12667=CARTESIAN_POINT('Ctrl Pts',(5.50901086256723,4.40819460196074,-2.52034147290376));
#12668=CARTESIAN_POINT('Ctrl Pts',(5.5685749941476,4.40819460196074,-2.63978710357747));
#12669=CARTESIAN_POINT('Ctrl Pts',(5.62813912572799,4.40819460196074,-2.75923273425118));
#12670=CARTESIAN_POINT('Ctrl Pts',(5.44952684522166,4.38397636671906,-2.40085198833825));
#12671=CARTESIAN_POINT('Ctrl Pts',(5.5197728747773,4.38397636671906,-2.51445043343887));
#12672=CARTESIAN_POINT('Ctrl Pts',(5.59001890433293,4.38397636671906,-2.62804887853948));
#12673=CARTESIAN_POINT('Ctrl Pts',(5.66026493388856,4.38397636671906,-2.74164732364009));
#12674=CARTESIAN_POINT('Ctrl Pts',(5.44961973917175,4.36188173948805,-2.40078802894801));
#12675=CARTESIAN_POINT('Ctrl Pts',(5.53225162873856,4.36188173948805,-2.5058585553494));
#12676=CARTESIAN_POINT('Ctrl Pts',(5.61488351830537,4.36188173948805,-2.61092908175079));
#12677=CARTESIAN_POINT('Ctrl Pts',(5.69751540787219,4.36188173948805,-2.71599960815218));
#12678=CARTESIAN_POINT('Ctrl Pts',(5.44971603272733,4.34298606446638,-2.40070241122032));
#12679=CARTESIAN_POINT('Ctrl Pts',(5.54518706303871,4.34298606446638,-2.49435724059594));
#12680=CARTESIAN_POINT('Ctrl Pts',(5.64065809335009,4.34298606446638,-2.58801206997157));
#12681=CARTESIAN_POINT('Ctrl Pts',(5.73612912366147,4.34298606446638,-2.6816668993472));
#12682=CARTESIAN_POINT('Ctrl Pts',(5.4498057431833,4.32776100965616,-2.40059765186352));
#12683=CARTESIAN_POINT('Ctrl Pts',(5.55723816762359,4.32776100965616,-2.48028456699994));
#12684=CARTESIAN_POINT('Ctrl Pts',(5.66467059206387,4.32776100965615,-2.55997148213636));
#12685=CARTESIAN_POINT('Ctrl Pts',(5.77210301650416,4.32776100965616,-2.63965839727278));
#12686=CARTESIAN_POINT('Ctrl Pts',(5.44988178202177,4.31616942357463,-2.40047879454127));
#12687=CARTESIAN_POINT('Ctrl Pts',(5.56745271825895,4.31616942357462,-2.46431806671124));
#12688=CARTESIAN_POINT('Ctrl Pts',(5.68502365449614,4.31616942357463,-2.5281573388812));
#12689=CARTESIAN_POINT('Ctrl Pts',(5.80259459073331,4.31616942357463,-2.59199661105116));
#12690=CARTESIAN_POINT('Ctrl Pts',(5.44994187546797,4.30769741670527,-2.4003464520985));
#12691=CARTESIAN_POINT('Ctrl Pts',(5.57552527119715,4.30769741670527,-2.44654006523155));
#12692=CARTESIAN_POINT('Ctrl Pts',(5.70110866692635,4.30769741670527,-2.4927336783646));
#12693=CARTESIAN_POINT('Ctrl Pts',(5.82669206265554,4.30769741670527,-2.53892729149764));
#12694=CARTESIAN_POINT('Ctrl Pts',(5.44998050404318,4.30253629391855,-2.4002118930807));
#12695=CARTESIAN_POINT('Ctrl Pts',(5.58071437646704,4.30253629391855,-2.42846430384081));
#12696=CARTESIAN_POINT('Ctrl Pts',(5.71144824889092,4.30253629391855,-2.45671671460092));
#12697=CARTESIAN_POINT('Ctrl Pts',(5.84218212131479,4.30253629391855,-2.48496912536102));
#12698=CARTESIAN_POINT('Ctrl Pts',(5.44999728328784,4.3003517481058,-2.40009466631899));
#12699=CARTESIAN_POINT('Ctrl Pts',(5.58296838833407,4.3003517481058,-2.41271684218483));
#12700=CARTESIAN_POINT('Ctrl Pts',(5.71593949338031,4.3003517481058,-2.42533901805067));
#12701=CARTESIAN_POINT('Ctrl Pts',(5.84891059842654,4.3003517481058,-2.43796119391651));
#12702=CARTESIAN_POINT('Ctrl Pts',(5.45,4.3,-2.40002656076988));
#12703=CARTESIAN_POINT('Ctrl Pts',(5.58333333333333,4.3,-2.40356799675459));
#12704=CARTESIAN_POINT('Ctrl Pts',(5.71666666666666,4.3,-2.40710943273931));
#12705=CARTESIAN_POINT('Ctrl Pts',(5.85,4.3,-2.41065086872401));
#12706=CARTESIAN_POINT('Ctrl Pts',(5.45,4.3,-2.4));
#12707=CARTESIAN_POINT('Ctrl Pts',(5.58333333333333,4.3,-2.4));
#12708=CARTESIAN_POINT('Ctrl Pts',(5.71666666666666,4.3,-2.4));
#12709=CARTESIAN_POINT('Ctrl Pts',(5.85,4.3,-2.4));
#12710=CARTESIAN_POINT('Origin',(5.449,4.5,1.7));
#12711=CARTESIAN_POINT('Ctrl Pts',(5.57839495176631,-4.5,-2.77954966270226));
#12712=CARTESIAN_POINT('Ctrl Pts',(5.53537086140344,-4.5,-2.65334861109718));
#12713=CARTESIAN_POINT('Ctrl Pts',(5.49234677104058,-4.5,-2.52714755949211));
#12714=CARTESIAN_POINT('Ctrl Pts',(5.44932268067772,-4.5,-2.40094650788704));
#12715=CARTESIAN_POINT('Ctrl Pts',(5.57839495176631,-4.48806864467258,-2.77954966270226));
#12716=CARTESIAN_POINT('Ctrl Pts',(5.53537086140344,-4.48806864467258,-2.65334861109718));
#12717=CARTESIAN_POINT('Ctrl Pts',(5.49234677104058,-4.48806864467258,-2.52714755949211));
#12718=CARTESIAN_POINT('Ctrl Pts',(5.44932268067772,-4.48806864467258,-2.40094650788704));
#12719=CARTESIAN_POINT('Ctrl Pts',(5.58313904519164,-4.46572286052649,-2.77798731879463));
#12720=CARTESIAN_POINT('Ctrl Pts',(5.53853753390597,-4.46572286052649,-2.65230574978561));
#12721=CARTESIAN_POINT('Ctrl Pts',(5.49393602262031,-4.46572286052649,-2.52662418077659));
#12722=CARTESIAN_POINT('Ctrl Pts',(5.44933451133464,-4.46572286052649,-2.40094261176757));
#12723=CARTESIAN_POINT('Ctrl Pts',(5.60199331032779,-4.43498949165456,-2.77093076553619));
#12724=CARTESIAN_POINT('Ctrl Pts',(5.55112271670258,-4.43498949165456,-2.64759551515009));
#12725=CARTESIAN_POINT('Ctrl Pts',(5.50025212307739,-4.43498949165456,-2.524260264764));
#12726=CARTESIAN_POINT('Ctrl Pts',(5.44938152945218,-4.43498949165456,-2.4009250143779));
#12727=CARTESIAN_POINT('Ctrl Pts',(5.62813912572889,-4.40819460195995,-2.75923273425074));
#12728=CARTESIAN_POINT('Ctrl Pts',(5.56857499414821,-4.40819460195995,-2.63978710357718));
#12729=CARTESIAN_POINT('Ctrl Pts',(5.50901086256753,-4.40819460195995,-2.52034147290362));
#12730=CARTESIAN_POINT('Ctrl Pts',(5.44944673098685,-4.40819460195996,-2.40089584223005));
#12731=CARTESIAN_POINT('Ctrl Pts',(5.66026493388962,-4.38397636671836,-2.74164732363945));
#12732=CARTESIAN_POINT('Ctrl Pts',(5.59001890433364,-4.38397636671836,-2.62804887853905));
#12733=CARTESIAN_POINT('Ctrl Pts',(5.51977287477765,-4.38397636671836,-2.51445043343865));
#12734=CARTESIAN_POINT('Ctrl Pts',(5.44952684522166,-4.38397636671836,-2.40085198833826));
#12735=CARTESIAN_POINT('Ctrl Pts',(5.69751540787333,-4.36188173948743,-2.71599960815129));
#12736=CARTESIAN_POINT('Ctrl Pts',(5.61488351830613,-4.36188173948743,-2.6109290817502));
#12737=CARTESIAN_POINT('Ctrl Pts',(5.53225162873894,-4.36188173948744,-2.5058585553491));
#12738=CARTESIAN_POINT('Ctrl Pts',(5.44961973917175,-4.36188173948744,-2.40078802894801));
#12739=CARTESIAN_POINT('Ctrl Pts',(5.7361291236626,-4.34298606446587,-2.68166689934605));
#12740=CARTESIAN_POINT('Ctrl Pts',(5.64065809335084,-4.34298606446587,-2.5880120699708));
#12741=CARTESIAN_POINT('Ctrl Pts',(5.54518706303909,-4.34298606446587,-2.49435724059556));
#12742=CARTESIAN_POINT('Ctrl Pts',(5.44971603272733,-4.34298606446587,-2.40070241122032));
#12743=CARTESIAN_POINT('Ctrl Pts',(5.77210301650518,-4.32776100965575,-2.63965839727141));
#12744=CARTESIAN_POINT('Ctrl Pts',(5.66467059206456,-4.32776100965575,-2.55997148213545));
#12745=CARTESIAN_POINT('Ctrl Pts',(5.55723816762392,-4.32776100965575,-2.48028456699948));
#12746=CARTESIAN_POINT('Ctrl Pts',(5.4498057431833,-4.32776100965575,-2.40059765186352));
#12747=CARTESIAN_POINT('Ctrl Pts',(5.80259459073417,-4.31616942357432,-2.5919966110496));
#12748=CARTESIAN_POINT('Ctrl Pts',(5.6850236544967,-4.31616942357432,-2.52815733888016));
#12749=CARTESIAN_POINT('Ctrl Pts',(5.56745271825924,-4.31616942357432,-2.46431806671071));
#12750=CARTESIAN_POINT('Ctrl Pts',(5.44988178202178,-4.31616942357432,-2.40047879454127));
#12751=CARTESIAN_POINT('Ctrl Pts',(5.8266920626562,-4.30769741670504,-2.53892729149588));
#12752=CARTESIAN_POINT('Ctrl Pts',(5.70110866692679,-4.30769741670504,-2.49273367836341));
#12753=CARTESIAN_POINT('Ctrl Pts',(5.57552527119737,-4.30769741670504,-2.44654006523096));
#12754=CARTESIAN_POINT('Ctrl Pts',(5.44994187546797,-4.30769741670504,-2.4003464520985));
#12755=CARTESIAN_POINT('Ctrl Pts',(5.84218212131521,-4.30253629391841,-2.48496912535907));
#12756=CARTESIAN_POINT('Ctrl Pts',(5.7114482488912,-4.30253629391841,-2.45671671459962));
#12757=CARTESIAN_POINT('Ctrl Pts',(5.58071437646719,-4.30253629391841,-2.42846430384015));
#12758=CARTESIAN_POINT('Ctrl Pts',(5.44998050404318,-4.30253629391841,-2.4002118930807));
#12759=CARTESIAN_POINT('Ctrl Pts',(5.84891059842664,-4.30035174810577,-2.43796119391515));
#12760=CARTESIAN_POINT('Ctrl Pts',(5.71593949338037,-4.30035174810577,-2.42533901804976));
#12761=CARTESIAN_POINT('Ctrl Pts',(5.58296838833411,-4.30035174810577,-2.41271684218438));
#12762=CARTESIAN_POINT('Ctrl Pts',(5.44999728328784,-4.30035174810577,-2.40009466631899));
#12763=CARTESIAN_POINT('Ctrl Pts',(5.85,-4.3,-2.41065086872334));
#12764=CARTESIAN_POINT('Ctrl Pts',(5.71666666666666,-4.3,-2.40710943273885));
#12765=CARTESIAN_POINT('Ctrl Pts',(5.58333333333333,-4.3,-2.40356799675437));
#12766=CARTESIAN_POINT('Ctrl Pts',(5.45,-4.3,-2.40002656076989));
#12767=CARTESIAN_POINT('Ctrl Pts',(5.85,-4.3,-2.4));
#12768=CARTESIAN_POINT('Ctrl Pts',(5.71666666666666,-4.3,-2.4));
#12769=CARTESIAN_POINT('Ctrl Pts',(5.58333333333333,-4.3,-2.4));
#12770=CARTESIAN_POINT('Ctrl Pts',(5.45,-4.3,-2.4));
#12771=CARTESIAN_POINT('Ctrl Pts',(5.44932268067772,-2.4,-2.40094650788704));
#12772=CARTESIAN_POINT('Ctrl Pts',(5.49234677104058,-2.4,-2.52714755949211));
#12773=CARTESIAN_POINT('Ctrl Pts',(5.53537086140344,-2.4,-2.65334861109718));
#12774=CARTESIAN_POINT('Ctrl Pts',(5.5783949517663,-2.4,-2.77954966270225));
#12775=CARTESIAN_POINT('Ctrl Pts',(5.44932268067772,-2.41193135532728,-2.40094650788704));
#12776=CARTESIAN_POINT('Ctrl Pts',(5.49234677104058,-2.41193135532728,-2.52714755949211));
#12777=CARTESIAN_POINT('Ctrl Pts',(5.53537086140344,-2.41193135532728,-2.65334861109718));
#12778=CARTESIAN_POINT('Ctrl Pts',(5.5783949517663,-2.41193135532728,-2.77954966270225));
#12779=CARTESIAN_POINT('Ctrl Pts',(5.44933451133464,-2.43427713947315,-2.40094261176757));
#12780=CARTESIAN_POINT('Ctrl Pts',(5.49393602262027,-2.43427713947315,-2.5266241807766));
#12781=CARTESIAN_POINT('Ctrl Pts',(5.5385375339059,-2.43427713947315,-2.65230574978563));
#12782=CARTESIAN_POINT('Ctrl Pts',(5.58313904519153,-2.43427713947315,-2.77798731879465));
#12783=CARTESIAN_POINT('Ctrl Pts',(5.44938152945218,-2.46501050834489,-2.4009250143779));
#12784=CARTESIAN_POINT('Ctrl Pts',(5.50025212307724,-2.46501050834489,-2.52426026476405));
#12785=CARTESIAN_POINT('Ctrl Pts',(5.55112271670231,-2.46501050834489,-2.6475955151502));
#12786=CARTESIAN_POINT('Ctrl Pts',(5.60199331032737,-2.46501050834489,-2.77093076553636));
#12787=CARTESIAN_POINT('Ctrl Pts',(5.44944673098685,-2.49180539803944,-2.40089584223005));
#12788=CARTESIAN_POINT('Ctrl Pts',(5.5090108625673,-2.49180539803944,-2.52034147290373));
#12789=CARTESIAN_POINT('Ctrl Pts',(5.56857499414774,-2.49180539803944,-2.6397871035774));
#12790=CARTESIAN_POINT('Ctrl Pts',(5.6281391257282,-2.49180539803944,-2.75923273425107));
#12791=CARTESIAN_POINT('Ctrl Pts',(5.44952684522166,-2.51602363328109,-2.40085198833825));
#12792=CARTESIAN_POINT('Ctrl Pts',(5.51977287477737,-2.5160236332811,-2.51445043343882));
#12793=CARTESIAN_POINT('Ctrl Pts',(5.59001890433309,-2.51602363328109,-2.62804887853939));
#12794=CARTESIAN_POINT('Ctrl Pts',(5.66026493388879,-2.51602363328109,-2.74164732363995));
#12795=CARTESIAN_POINT('Ctrl Pts',(5.44961973917175,-2.53811826051209,-2.40078802894801));
#12796=CARTESIAN_POINT('Ctrl Pts',(5.53225162873865,-2.53811826051209,-2.50585855534933));
#12797=CARTESIAN_POINT('Ctrl Pts',(5.61488351830554,-2.53811826051209,-2.61092908175066));
#12798=CARTESIAN_POINT('Ctrl Pts',(5.69751540787244,-2.53811826051209,-2.71599960815198));
#12799=CARTESIAN_POINT('Ctrl Pts',(5.44971603272733,-2.55701393553373,-2.40070241122032));
#12800=CARTESIAN_POINT('Ctrl Pts',(5.54518706303879,-2.55701393553373,-2.49435724059586));
#12801=CARTESIAN_POINT('Ctrl Pts',(5.64065809335026,-2.55701393553373,-2.5880120699714));
#12802=CARTESIAN_POINT('Ctrl Pts',(5.73612912366172,-2.55701393553373,-2.68166689934694));
#12803=CARTESIAN_POINT('Ctrl Pts',(5.4498057431833,-2.57223899034393,-2.40059765186352));
#12804=CARTESIAN_POINT('Ctrl Pts',(5.55723816762366,-2.57223899034393,-2.48028456699984));
#12805=CARTESIAN_POINT('Ctrl Pts',(5.66467059206402,-2.57223899034393,-2.55997148213616));
#12806=CARTESIAN_POINT('Ctrl Pts',(5.77210301650438,-2.57223899034393,-2.63965839727248));
#12807=CARTESIAN_POINT('Ctrl Pts',(5.44988178202177,-2.58383057642543,-2.40047879454127));
#12808=CARTESIAN_POINT('Ctrl Pts',(5.56745271825901,-2.58383057642543,-2.46431806671114));
#12809=CARTESIAN_POINT('Ctrl Pts',(5.68502365449624,-2.58383057642543,-2.528157338881));
#12810=CARTESIAN_POINT('Ctrl Pts',(5.80259459073347,-2.58383057642543,-2.59199661105087));
#12811=CARTESIAN_POINT('Ctrl Pts',(5.44994187546797,-2.59230258329477,-2.4003464520985));
#12812=CARTESIAN_POINT('Ctrl Pts',(5.57552527119719,-2.59230258329477,-2.44654006523144));
#12813=CARTESIAN_POINT('Ctrl Pts',(5.70110866692642,-2.59230258329477,-2.49273367836439));
#12814=CARTESIAN_POINT('Ctrl Pts',(5.82669206265565,-2.59230258329477,-2.53892729149734));
#12815=CARTESIAN_POINT('Ctrl Pts',(5.44998050404318,-2.59746370608148,-2.4002118930807));
#12816=CARTESIAN_POINT('Ctrl Pts',(5.58071437646707,-2.59746370608148,-2.42846430384069));
#12817=CARTESIAN_POINT('Ctrl Pts',(5.71144824889097,-2.59746370608148,-2.45671671460068));
#12818=CARTESIAN_POINT('Ctrl Pts',(5.84218212131487,-2.59746370608148,-2.48496912536067));
#12819=CARTESIAN_POINT('Ctrl Pts',(5.44999728328784,-2.5996482518942,-2.40009466631899));
#12820=CARTESIAN_POINT('Ctrl Pts',(5.58296838833407,-2.5996482518942,-2.41271684218475));
#12821=CARTESIAN_POINT('Ctrl Pts',(5.71593949338032,-2.59964825189421,-2.4253390180505));
#12822=CARTESIAN_POINT('Ctrl Pts',(5.84891059842656,-2.5996482518942,-2.43796119391625));
#12823=CARTESIAN_POINT('Ctrl Pts',(5.45,-2.6,-2.40002656076989));
#12824=CARTESIAN_POINT('Ctrl Pts',(5.58333333333333,-2.6,-2.40356799675454));
#12825=CARTESIAN_POINT('Ctrl Pts',(5.71666666666666,-2.6,-2.4071094327392));
#12826=CARTESIAN_POINT('Ctrl Pts',(5.85,-2.6,-2.41065086872386));
#12827=CARTESIAN_POINT('Ctrl Pts',(5.45,-2.6,-2.4));
#12828=CARTESIAN_POINT('Ctrl Pts',(5.58333333333333,-2.6,-2.4));
#12829=CARTESIAN_POINT('Ctrl Pts',(5.71666666666666,-2.6,-2.4));
#12830=CARTESIAN_POINT('Ctrl Pts',(5.85,-2.6,-2.4));
#12831=CARTESIAN_POINT('Origin',(5.95,-1.25,-3.6787785549551));
#12832=CARTESIAN_POINT('',(5.85861884513797,-1.25,-3.71939240156044));
#12833=CARTESIAN_POINT('Origin',(5.95,-1.25,-3.6787785549551));
#12834=CARTESIAN_POINT('',(5.85861884513797,1.25,-3.71939240156044));
#12835=CARTESIAN_POINT('',(5.85861884513797,-1.25,-3.71939240156044));
#12836=CARTESIAN_POINT('Origin',(5.95,1.25,-3.6787785549551));
#12837=CARTESIAN_POINT('Origin',(5.85861884513797,-1.25,-3.71939240156044));
#12838=CARTESIAN_POINT('',(6.15710563385801,-1.25,-4.39098767618053));
#12839=CARTESIAN_POINT('',(5.85861884513797,-1.25,-3.71939240156044));
#12840=CARTESIAN_POINT('',(6.15710563385801,1.25,-4.39098767618053));
#12841=CARTESIAN_POINT('',(6.15710563385801,-1.25,-4.39098767618053));
#12842=CARTESIAN_POINT('',(5.85861884513797,1.25,-3.71939240156044));
#12843=CARTESIAN_POINT('Origin',(5.70019985954788,-1.25,-4.59405690920725));
#12844=CARTESIAN_POINT('',(6.15260921064838,-1.25,-4.80695542737219));
#12845=CARTESIAN_POINT('Origin',(5.70019985954788,-1.25,-4.59405690920725));
#12846=CARTESIAN_POINT('',(6.15260921064838,1.25,-4.80695542737219));
#12847=CARTESIAN_POINT('',(6.15260921064838,-1.25,-4.80695542737219));
#12848=CARTESIAN_POINT('Origin',(5.70019985954788,1.25,-4.59405690920725));
#12849=CARTESIAN_POINT('Origin',(6.15260921064838,-1.25,-4.80695542737219));
#12850=CARTESIAN_POINT('',(5.98224629541235,1.25,-5.16897662224876));
#12851=CARTESIAN_POINT('',(6.15260921064838,1.25,-4.80695542737219));
#12852=CARTESIAN_POINT('',(5.98224629541235,-1.25,-5.16897662224876));
#12853=CARTESIAN_POINT('',(6.15260921064838,-1.25,-4.80695542737219));
#12854=CARTESIAN_POINT('Origin',(5.98224629541235,6.66133814775094E-16,
-5.16897662224875));
#12855=CARTESIAN_POINT('Origin',(5.0880725191196,-1.25,-6.12968118546805));
#12856=CARTESIAN_POINT('',(5.62031881453195,-1.25,-4.99865780771681));
#12857=CARTESIAN_POINT('',(5.62031881453195,1.25,-4.99865780771681));
#12858=CARTESIAN_POINT('Origin',(5.62031881453195,6.66133814775094E-16,
-4.9986578077168));
#12859=CARTESIAN_POINT('',(5.79068172976798,-1.25,-4.63663661284024));
#12860=CARTESIAN_POINT('',(5.62031881453195,-1.25,-4.99865780771681));
#12861=CARTESIAN_POINT('',(5.79068172976798,1.25,-4.63663661284024));
#12862=CARTESIAN_POINT('',(5.79068172976798,-1.25,-4.63663661284024));
#12863=CARTESIAN_POINT('',(5.62031881453195,1.25,-4.99865780771681));
#12864=CARTESIAN_POINT('Origin',(5.70019985954788,-1.25,-4.59405690920725));
#12865=CARTESIAN_POINT('',(5.79158101440991,-1.25,-4.55344306260191));
#12866=CARTESIAN_POINT('Origin',(5.70019985954788,-1.25,-4.59405690920725));
#12867=CARTESIAN_POINT('',(5.79158101440991,1.25,-4.55344306260191));
#12868=CARTESIAN_POINT('',(5.79158101440991,-1.25,-4.55344306260191));
#12869=CARTESIAN_POINT('Origin',(5.70019985954788,1.25,-4.59405690920725));
#12870=CARTESIAN_POINT('Origin',(5.79158101440991,-1.25,-4.55344306260191));
#12871=CARTESIAN_POINT('',(5.49309422568987,-1.25,-3.88184778798182));
#12872=CARTESIAN_POINT('',(5.79158101440991,-1.25,-4.55344306260191));
#12873=CARTESIAN_POINT('',(5.49309422568987,1.25,-3.88184778798182));
#12874=CARTESIAN_POINT('',(5.49309422568987,-1.25,-3.88184778798182));
#12875=CARTESIAN_POINT('',(5.79158101440991,1.25,-4.55344306260191));
#12876=CARTESIAN_POINT('Origin',(5.95,-1.25,-3.6787785549551));
#12877=CARTESIAN_POINT('Origin',(5.95,-1.25,-3.6787785549551));
#12878=CARTESIAN_POINT('Origin',(5.95,1.25,-3.6787785549551));
#12879=CARTESIAN_POINT('Origin',(5.85,1.25,-3.7));
#12880=CARTESIAN_POINT('',(5.98224629541235,1.25,-5.16897662224876));
#12881=CARTESIAN_POINT('',(5.79068172976798,1.25,-4.63663661284024));
#12882=CARTESIAN_POINT('Origin',(5.85,-1.25,-3.7));
#12883=CARTESIAN_POINT('',(5.79068172976798,-1.25,-4.63663661284024));
#12884=CARTESIAN_POINT('',(6.15710563385801,-1.25,-4.39098767618053));
#12885=CARTESIAN_POINT('Origin',(5.85,-1.25,-3.7));
#12886=CARTESIAN_POINT('',(5.98224629541235,-1.25,-5.16897662224876));
#12887=CARTESIAN_POINT('Origin',(5.85,-1.25,-3.7));
#12888=CARTESIAN_POINT('',(5.49309422568987,-1.25,-3.88184778798182));
#12889=CARTESIAN_POINT('Origin',(5.85,-1.25,-3.7));
#12890=CARTESIAN_POINT('Origin',(5.85,1.25,-3.7));
#12891=CARTESIAN_POINT('',(6.15710563385801,1.25,-4.39098767618053));
#12892=CARTESIAN_POINT('Origin',(5.85,1.25,-3.7));
#12893=CARTESIAN_POINT('',(5.49309422568987,1.25,-3.88184778798182));
#12894=CARTESIAN_POINT('Origin',(5.85,1.25,-3.7));
#12895=CARTESIAN_POINT('Origin',(-8.51573866157513,6.66133814775094E-16,
-6.36120832397242));
#12896=CARTESIAN_POINT('Origin',(8.51573866157513,6.66133814775094E-16,
-6.36120832397241));
#12897=CARTESIAN_POINT('Origin',(-5.95,0.,-4.92032917446941E-15));
#12898=CARTESIAN_POINT('',(-5.95,-1.25,0.0409009742330231));
#12899=CARTESIAN_POINT('',(-5.95,1.25,0.0409009742330237));
#12900=CARTESIAN_POINT('',(-5.95,-1.25,0.0409009742330229));
#12901=CARTESIAN_POINT('',(-5.95,1.25,-0.840900974233033));
#12902=CARTESIAN_POINT('Origin',(-5.95,1.25,-0.400000000000005));
#12903=CARTESIAN_POINT('',(-5.95,-1.25,-0.840900974233033));
#12904=CARTESIAN_POINT('',(-5.95,1.25,-0.840900974233033));
#12905=CARTESIAN_POINT('Origin',(-5.95,-1.25,-0.400000000000005));
#12906=CARTESIAN_POINT('Origin',(-5.5,-3.05,0.040900974233023));
#12907=CARTESIAN_POINT('Origin',(-5.5,-1.25,0.0409009742330236));
#12908=CARTESIAN_POINT('Origin',(-5.5,1.25,0.0409009742330244));
#12909=CARTESIAN_POINT('Ctrl Pts',(-5.85,1.25,0.323743686707643));
#12910=CARTESIAN_POINT('Ctrl Pts',(-5.85,1.97374368670765,0.323743686707643));
#12911=CARTESIAN_POINT('Ctrl Pts',(-5.85,1.97374368670765,-0.400000000000005));
#12912=CARTESIAN_POINT('Ctrl Pts',(-5.85,1.97374368670765,-1.12374368670765));
#12913=CARTESIAN_POINT('Ctrl Pts',(-5.85,1.25,-1.12374368670765));
#12914=CARTESIAN_POINT('Ctrl Pts',(-5.95,1.25,0.199999999999996));
#12915=CARTESIAN_POINT('Ctrl Pts',(-5.95,1.85,0.199999999999996));
#12916=CARTESIAN_POINT('Ctrl Pts',(-5.95,1.85,-0.400000000000005));
#12917=CARTESIAN_POINT('Ctrl Pts',(-5.95,1.85,-1.00000000000001));
#12918=CARTESIAN_POINT('Ctrl Pts',(-5.95,1.25,-1.00000000000001));
#12919=CARTESIAN_POINT('Ctrl Pts',(-5.95,1.25,0.0409009742330221));
#12920=CARTESIAN_POINT('Ctrl Pts',(-5.95,1.69090097423303,0.0409009742330221));
#12921=CARTESIAN_POINT('Ctrl Pts',(-5.95,1.69090097423303,-0.400000000000005));
#12922=CARTESIAN_POINT('Ctrl Pts',(-5.95,1.69090097423303,-0.840900974233033));
#12923=CARTESIAN_POINT('Ctrl Pts',(-5.95,1.25,-0.840900974233033));
#12924=CARTESIAN_POINT('Origin',(-5.5,1.25,-0.840900974233033));
#12925=CARTESIAN_POINT('Origin',(-5.5,3.05,-0.840900974233031));
#12926=CARTESIAN_POINT('Origin',(-5.5,-1.25,-0.840900974233033));
#12927=CARTESIAN_POINT('Ctrl Pts',(-5.85,-1.25,-1.12374368670765));
#12928=CARTESIAN_POINT('Ctrl Pts',(-5.85,-1.97374368670765,-1.12374368670765));
#12929=CARTESIAN_POINT('Ctrl Pts',(-5.85,-1.97374368670765,-0.400000000000005));
#12930=CARTESIAN_POINT('Ctrl Pts',(-5.85,-1.97374368670765,0.323743686707642));
#12931=CARTESIAN_POINT('Ctrl Pts',(-5.85,-1.25,0.323743686707642));
#12932=CARTESIAN_POINT('Ctrl Pts',(-5.95,-1.25,-1.00000000000001));
#12933=CARTESIAN_POINT('Ctrl Pts',(-5.95,-1.85,-1.00000000000001));
#12934=CARTESIAN_POINT('Ctrl Pts',(-5.95,-1.85,-0.400000000000005));
#12935=CARTESIAN_POINT('Ctrl Pts',(-5.95,-1.85,0.199999999999995));
#12936=CARTESIAN_POINT('Ctrl Pts',(-5.95,-1.25,0.199999999999995));
#12937=CARTESIAN_POINT('Ctrl Pts',(-5.95,-1.25,-0.840900974233033));
#12938=CARTESIAN_POINT('Ctrl Pts',(-5.95,-1.69090097423303,-0.840900974233033));
#12939=CARTESIAN_POINT('Ctrl Pts',(-5.95,-1.69090097423303,-0.400000000000005));
#12940=CARTESIAN_POINT('Ctrl Pts',(-5.95,-1.69090097423303,0.0409009742330223));
#12941=CARTESIAN_POINT('Ctrl Pts',(-5.95,-1.25,0.0409009742330223));
#12942=CARTESIAN_POINT('Origin',(-5.45,-1.25,-0.400000000000005));
#12943=CARTESIAN_POINT('',(-5.5,-1.25,0.090900974233022));
#12944=CARTESIAN_POINT('',(-5.45,-1.25,0.0909009742330221));
#12945=CARTESIAN_POINT('',(-5.5,-1.25,-0.890900974233031));
#12946=CARTESIAN_POINT('',(-5.45,-1.25,-0.890900974233031));
#12947=CARTESIAN_POINT('Origin',(-5.5,-1.25,-0.400000000000005));
#12948=CARTESIAN_POINT('Origin',(-5.45,-1.25,0.0909009742330221));
#12949=CARTESIAN_POINT('',(-5.5,1.25,0.0909009742330222));
#12950=CARTESIAN_POINT('',(-5.45,1.25,0.0909009742330223));
#12951=CARTESIAN_POINT('',(-5.5,-1.25,0.090900974233022));
#12952=CARTESIAN_POINT('Origin',(-5.45,1.25,-0.400000000000005));
#12953=CARTESIAN_POINT('',(-5.5,1.25,-0.890900974233031));
#12954=CARTESIAN_POINT('',(-5.45,1.25,-0.890900974233031));
#12955=CARTESIAN_POINT('Origin',(-5.5,1.25,-0.400000000000005));
#12956=CARTESIAN_POINT('Origin',(-5.45,1.25,-0.890900974233031));
#12957=CARTESIAN_POINT('',(-5.5,1.25,-0.890900974233031));
#12958=CARTESIAN_POINT('Origin',(-5.55,0.,-4.5895507425723E-15));
#12959=CARTESIAN_POINT('',(-5.55,-1.25,-0.840900974233031));
#12960=CARTESIAN_POINT('',(-5.55,-1.25,0.0409009742330219));
#12961=CARTESIAN_POINT('Origin',(-5.55,-1.25,-0.400000000000005));
#12962=CARTESIAN_POINT('',(-5.55,1.25,-0.840900974233031));
#12963=CARTESIAN_POINT('',(-5.55,1.25,-0.840900974233032));
#12964=CARTESIAN_POINT('',(-5.55,1.25,0.0409009742330219));
#12965=CARTESIAN_POINT('Origin',(-5.55,1.25,-0.400000000000005));
#12966=CARTESIAN_POINT('',(-5.55,-1.25,0.040900974233022));
#12967=CARTESIAN_POINT('Origin',(-5.5,-1.45,0.040900974233022));
#12968=CARTESIAN_POINT('Origin',(-5.5,-1.25,0.040900974233022));
#12969=CARTESIAN_POINT('Origin',(-5.5,1.25,0.0409009742330222));
#12970=CARTESIAN_POINT('Origin',(-5.5,1.25,-0.400000000000005));
#12971=CARTESIAN_POINT('Origin',(-5.5,1.25,-0.840900974233031));
#12972=CARTESIAN_POINT('Origin',(-5.5,1.45,-0.840900974233031));
#12973=CARTESIAN_POINT('Origin',(-5.5,-1.25,-0.840900974233031));
#12974=CARTESIAN_POINT('Origin',(-5.5,-1.25,-0.400000000000005));
#12975=CARTESIAN_POINT('Origin',(5.95,0.,-4.92032917446941E-15));
#12976=CARTESIAN_POINT('',(5.95,1.25,0.040900974233023));
#12977=CARTESIAN_POINT('',(5.95,-1.25,0.0409009742330224));
#12978=CARTESIAN_POINT('',(5.95,1.25,0.0409009742330229));
#12979=CARTESIAN_POINT('',(5.95,-1.25,-0.840900974233033));
#12980=CARTESIAN_POINT('Origin',(5.95,-1.25,-0.400000000000005));
#12981=CARTESIAN_POINT('',(5.95,1.25,-0.840900974233032));
#12982=CARTESIAN_POINT('',(5.95,-1.25,-0.840900974233032));
#12983=CARTESIAN_POINT('Origin',(5.95,1.25,-0.400000000000005));
#12984=CARTESIAN_POINT('Origin',(5.5,3.05,0.0409009742330241));
#12985=CARTESIAN_POINT('Origin',(5.5,1.25,0.0409009742330243));
#12986=CARTESIAN_POINT('Origin',(5.5,-1.25,0.0409009742330224));
#12987=CARTESIAN_POINT('Ctrl Pts',(5.85,-1.25,0.323743686707642));
#12988=CARTESIAN_POINT('Ctrl Pts',(5.85,-1.97374368670765,0.323743686707642));
#12989=CARTESIAN_POINT('Ctrl Pts',(5.85,-1.97374368670765,-0.400000000000005));
#12990=CARTESIAN_POINT('Ctrl Pts',(5.85,-1.97374368670765,-1.12374368670765));
#12991=CARTESIAN_POINT('Ctrl Pts',(5.85,-1.25,-1.12374368670765));
#12992=CARTESIAN_POINT('Ctrl Pts',(5.95,-1.25,0.199999999999996));
#12993=CARTESIAN_POINT('Ctrl Pts',(5.95,-1.85,0.199999999999996));
#12994=CARTESIAN_POINT('Ctrl Pts',(5.95,-1.85,-0.400000000000005));
#12995=CARTESIAN_POINT('Ctrl Pts',(5.95,-1.85,-1.00000000000001));
#12996=CARTESIAN_POINT('Ctrl Pts',(5.95,-1.25,-1.00000000000001));
#12997=CARTESIAN_POINT('Ctrl Pts',(5.95,-1.25,0.0409009742330223));
#12998=CARTESIAN_POINT('Ctrl Pts',(5.95,-1.69090097423303,0.0409009742330224));
#12999=CARTESIAN_POINT('Ctrl Pts',(5.95,-1.69090097423303,-0.400000000000005));
#13000=CARTESIAN_POINT('Ctrl Pts',(5.95,-1.69090097423303,-0.840900974233033));
#13001=CARTESIAN_POINT('Ctrl Pts',(5.95,-1.25,-0.840900974233033));
#13002=CARTESIAN_POINT('Origin',(5.5,-1.25,-0.840900974233033));
#13003=CARTESIAN_POINT('Origin',(5.5,-3.05,-0.840900974233033));
#13004=CARTESIAN_POINT('Origin',(5.5,1.25,-0.840900974233031));
#13005=CARTESIAN_POINT('Ctrl Pts',(5.85,1.25,-1.12374368670765));
#13006=CARTESIAN_POINT('Ctrl Pts',(5.85,1.97374368670765,-1.12374368670765));
#13007=CARTESIAN_POINT('Ctrl Pts',(5.85,1.97374368670765,-0.400000000000004));
#13008=CARTESIAN_POINT('Ctrl Pts',(5.85,1.97374368670765,0.323743686707644));
#13009=CARTESIAN_POINT('Ctrl Pts',(5.85,1.25,0.323743686707644));
#13010=CARTESIAN_POINT('Ctrl Pts',(5.95,1.25,-1.00000000000001));
#13011=CARTESIAN_POINT('Ctrl Pts',(5.95,1.85,-1.00000000000001));
#13012=CARTESIAN_POINT('Ctrl Pts',(5.95,1.85,-0.400000000000004));
#13013=CARTESIAN_POINT('Ctrl Pts',(5.95,1.85,0.199999999999997));
#13014=CARTESIAN_POINT('Ctrl Pts',(5.95,1.25,0.199999999999997));
#13015=CARTESIAN_POINT('Ctrl Pts',(5.95,1.25,-0.840900974233032));
#13016=CARTESIAN_POINT('Ctrl Pts',(5.95,1.69090097423303,-0.840900974233032));
#13017=CARTESIAN_POINT('Ctrl Pts',(5.95,1.69090097423303,-0.400000000000004));
#13018=CARTESIAN_POINT('Ctrl Pts',(5.95,1.69090097423303,0.0409009742330228));
#13019=CARTESIAN_POINT('Ctrl Pts',(5.95,1.25,0.0409009742330228));
#13020=CARTESIAN_POINT('Origin',(5.45,1.25,-0.400000000000004));
#13021=CARTESIAN_POINT('',(5.5,1.25,0.0909009742330221));
#13022=CARTESIAN_POINT('',(5.45,1.25,0.0909009742330222));
#13023=CARTESIAN_POINT('',(5.5,1.25,-0.890900974233031));
#13024=CARTESIAN_POINT('',(5.45,1.25,-0.890900974233031));
#13025=CARTESIAN_POINT('Origin',(5.5,1.25,-0.400000000000005));
#13026=CARTESIAN_POINT('Origin',(5.45,1.25,0.0909009742330222));
#13027=CARTESIAN_POINT('',(5.5,-1.25,0.0909009742330221));
#13028=CARTESIAN_POINT('',(5.45,-1.25,0.0909009742330221));
#13029=CARTESIAN_POINT('',(5.5,1.25,0.0909009742330222));
#13030=CARTESIAN_POINT('Origin',(5.45,-1.25,-0.400000000000005));
#13031=CARTESIAN_POINT('',(5.5,-1.25,-0.890900974233032));
#13032=CARTESIAN_POINT('',(5.45,-1.25,-0.890900974233031));
#13033=CARTESIAN_POINT('Origin',(5.5,-1.25,-0.400000000000005));
#13034=CARTESIAN_POINT('Origin',(5.45,-1.25,-0.890900974233031));
#13035=CARTESIAN_POINT('',(5.5,-1.25,-0.890900974233032));
#13036=CARTESIAN_POINT('Origin',(5.55,0.,-4.5895507425723E-15));
#13037=CARTESIAN_POINT('',(5.55,1.25,-0.840900974233031));
#13038=CARTESIAN_POINT('',(5.55,1.25,0.0409009742330221));
#13039=CARTESIAN_POINT('Origin',(5.55,1.25,-0.400000000000005));
#13040=CARTESIAN_POINT('',(5.55,-1.25,-0.840900974233031));
#13041=CARTESIAN_POINT('',(5.55,-1.25,-0.840900974233032));
#13042=CARTESIAN_POINT('',(5.55,-1.25,0.0409009742330217));
#13043=CARTESIAN_POINT('Origin',(5.55,-1.25,-0.400000000000005));
#13044=CARTESIAN_POINT('',(5.55,1.25,0.0409009742330221));
#13045=CARTESIAN_POINT('Origin',(5.5,1.45,0.0409009742330222));
#13046=CARTESIAN_POINT('Origin',(5.5,1.25,0.0409009742330221));
#13047=CARTESIAN_POINT('Origin',(5.5,-1.25,0.0409009742330221));
#13048=CARTESIAN_POINT('Origin',(5.5,-1.25,-0.400000000000005));
#13049=CARTESIAN_POINT('Origin',(5.5,-1.25,-0.840900974233031));
#13050=CARTESIAN_POINT('Origin',(5.5,-1.45,-0.840900974233032));
#13051=CARTESIAN_POINT('Origin',(5.5,1.25,-0.840900974233031));
#13052=CARTESIAN_POINT('Origin',(5.5,1.25,-0.400000000000005));
#13053=CARTESIAN_POINT('Origin',(2.5,-7.4,-4.53119315684521E-16));
#13054=CARTESIAN_POINT('',(-0.0999999999999996,-7.4,-1.9));
#13055=CARTESIAN_POINT('',(-0.0999999999999992,-7.4,-5.72842323350227));
#13056=CARTESIAN_POINT('',(-0.0999999999999994,-7.4,-5.72842323350227));
#13057=CARTESIAN_POINT('',(0.0707106781186555,-7.4,-5.79913391162092));
#13058=CARTESIAN_POINT('Origin',(8.88178419700125E-16,-7.4,-5.72842323350227));
#13059=CARTESIAN_POINT('',(0.100000000000001,-7.4,-5.72842323350227));
#13060=CARTESIAN_POINT('Origin',(8.88178419700125E-16,-7.4,-5.72842323350227));
#13061=CARTESIAN_POINT('',(0.100000000000001,-7.4,-1.9));
#13062=CARTESIAN_POINT('',(0.100000000000001,-7.4,-5.72842323350227));
#13063=CARTESIAN_POINT('',(0.750000000000001,-7.4,-1.9));
#13064=CARTESIAN_POINT('',(0.750000000000001,-7.4,-1.9));
#13065=CARTESIAN_POINT('',(0.750000000000002,-7.4,-2.51961524227066));
#13066=CARTESIAN_POINT('',(0.750000000000002,-7.4,-2.51961524227066));
#13067=CARTESIAN_POINT('',(0.450000000000002,-7.4,-2.6));
#13068=CARTESIAN_POINT('',(0.450000000000002,-7.4,-2.6));
#13069=CARTESIAN_POINT('',(0.450000000000002,-7.4,-5.72842323350227));
#13070=CARTESIAN_POINT('',(0.450000000000002,-7.4,-5.72842323350227));
#13071=CARTESIAN_POINT('',(0.120000000000002,-7.4,-6.3));
#13072=CARTESIAN_POINT('',(0.120000000000002,-7.4,-6.3));
#13073=CARTESIAN_POINT('',(-0.119999999999998,-7.4,-6.3));
#13074=CARTESIAN_POINT('',(-0.119999999999998,-7.4,-6.3));
#13075=CARTESIAN_POINT('',(-0.449999999999998,-7.4,-5.72842323350227));
#13076=CARTESIAN_POINT('',(-0.449999999999998,-7.4,-5.72842323350227));
#13077=CARTESIAN_POINT('',(-0.449999999999999,-7.4,-2.6));
#13078=CARTESIAN_POINT('',(-0.449999999999999,-7.4,-2.6));
#13079=CARTESIAN_POINT('',(-0.75,-7.4,-2.51961524227066));
#13080=CARTESIAN_POINT('',(-0.75,-7.4,-2.51961524227066));
#13081=CARTESIAN_POINT('',(-0.749999999999999,-7.4,-1.9));
#13082=CARTESIAN_POINT('',(-0.749999999999999,-7.4,-1.9));
#13083=CARTESIAN_POINT('',(-0.0999999999999999,-7.4,-1.9));
#13084=CARTESIAN_POINT('Origin',(8.88178419700125E-16,-7.4,-5.72842323350227));
#13085=CARTESIAN_POINT('Origin',(8.88178419700125E-16,-7.4,-5.72842323350227));
#13086=CARTESIAN_POINT('Origin',(8.88178419700125E-16,-7.4,-1.9));
#13087=CARTESIAN_POINT('Origin',(0.750000000000002,-7.4,-2.51961524227066));
#13088=CARTESIAN_POINT('',(0.750000000000001,-7.3,-1.8));
#13089=CARTESIAN_POINT('Origin',(0.75,-7.3,-1.9));
#13090=CARTESIAN_POINT('',(0.750000000000001,-6.,-1.8));
#13091=CARTESIAN_POINT('',(0.75,-7.3,-1.8));
#13092=CARTESIAN_POINT('',(0.750000000000001,-6.,-1.6));
#13093=CARTESIAN_POINT('',(0.749999999999999,-6.,-1.6));
#13094=CARTESIAN_POINT('',(0.750000000000001,-7.3,-1.6));
#13095=CARTESIAN_POINT('',(0.750000000000001,-7.3,-1.6));
#13096=CARTESIAN_POINT('',(0.750000000000001,-7.6,-1.9));
#13097=CARTESIAN_POINT('Origin',(0.75,-7.3,-1.9));
#13098=CARTESIAN_POINT('',(0.750000000000002,-7.6,-2.51961524227066));
#13099=CARTESIAN_POINT('',(0.750000000000002,-7.6,-2.51961524227066));
#13100=CARTESIAN_POINT('',(0.750000000000002,-7.4,-2.51961524227066));
#13101=CARTESIAN_POINT('Origin',(-0.749999999999999,-7.4,-2.1));
#13102=CARTESIAN_POINT('',(-0.75,-7.6,-2.51961524227066));
#13103=CARTESIAN_POINT('',(-0.75,-7.4,-2.51961524227066));
#13104=CARTESIAN_POINT('',(-0.749999999999999,-7.6,-1.9));
#13105=CARTESIAN_POINT('',(-0.749999999999999,-7.6,-1.9));
#13106=CARTESIAN_POINT('',(-0.749999999999999,-7.3,-1.6));
#13107=CARTESIAN_POINT('Origin',(-0.749999999999999,-7.3,-1.9));
#13108=CARTESIAN_POINT('',(-0.749999999999999,-6.,-1.6));
#13109=CARTESIAN_POINT('',(-0.749999999999999,-7.3,-1.6));
#13110=CARTESIAN_POINT('',(-0.749999999999999,-6.,-1.8));
#13111=CARTESIAN_POINT('',(-0.749999999999999,-6.,-1.8));
#13112=CARTESIAN_POINT('',(-0.749999999999999,-7.3,-1.8));
#13113=CARTESIAN_POINT('',(-0.749999999999999,-7.3,-1.8));
#13114=CARTESIAN_POINT('Origin',(-0.749999999999999,-7.3,-1.9));
#13115=CARTESIAN_POINT('Origin',(2.5,-7.6,-4.65365783675994E-16));
#13116=CARTESIAN_POINT('',(-0.223606797749978,-7.6,-1.9));
#13117=CARTESIAN_POINT('',(-0.223606797749978,-7.6,-5.72842323350227));
#13118=CARTESIAN_POINT('',(-0.223606797749978,-7.6,-5.72842323350227));
#13119=CARTESIAN_POINT('',(-0.749999999999999,-7.6,-1.9));
#13120=CARTESIAN_POINT('',(-0.449999999999999,-7.6,-2.6));
#13121=CARTESIAN_POINT('',(-0.75,-7.6,-2.51961524227066));
#13122=CARTESIAN_POINT('',(-0.449999999999998,-7.6,-5.72842323350227));
#13123=CARTESIAN_POINT('',(-0.449999999999999,-7.6,-2.6));
#13124=CARTESIAN_POINT('',(-0.119999999999998,-7.6,-6.3));
#13125=CARTESIAN_POINT('',(-0.449999999999998,-7.6,-5.72842323350227));
#13126=CARTESIAN_POINT('',(0.120000000000002,-7.6,-6.3));
#13127=CARTESIAN_POINT('',(-0.119999999999998,-7.6,-6.3));
#13128=CARTESIAN_POINT('',(0.450000000000002,-7.6,-5.72842323350227));
#13129=CARTESIAN_POINT('',(0.120000000000002,-7.6,-6.3));
#13130=CARTESIAN_POINT('',(0.450000000000002,-7.6,-2.6));
#13131=CARTESIAN_POINT('',(0.450000000000002,-7.6,-5.72842323350227));
#13132=CARTESIAN_POINT('',(0.450000000000002,-7.6,-2.6));
#13133=CARTESIAN_POINT('',(0.22360679774998,-7.6,-1.9));
#13134=CARTESIAN_POINT('',(0.22360679774998,-7.6,-1.9));
#13135=CARTESIAN_POINT('',(0.22360679774998,-7.6,-5.72842323350227));
#13136=CARTESIAN_POINT('',(0.22360679774998,-7.6,-5.72842323350227));
#13137=CARTESIAN_POINT('Origin',(8.88178419700125E-16,-7.6,-5.72842323350227));
#13138=CARTESIAN_POINT('Origin',(8.88178419700125E-16,-7.4,-5.72842323350227));
#13139=CARTESIAN_POINT('Origin',(8.88178419700125E-16,-7.4,-5.72842323350227));
#13140=CARTESIAN_POINT('Origin',(8.88178419700125E-16,-7.4,-1.9));
#13141=CARTESIAN_POINT('Origin',(8.88178419700125E-16,-7.4,-5.72842323350227));
#13142=CARTESIAN_POINT('',(-0.0577350269189619,-7.45773502691896,-5.78615826042123));
#13143=CARTESIAN_POINT('Origin',(8.88178419700125E-16,-7.4,-5.72842323350227));
#13144=CARTESIAN_POINT('Origin',(0.100000000000001,-7.3,-1.9));
#13145=CARTESIAN_POINT('',(0.100000000000001,-7.3,-1.8));
#13146=CARTESIAN_POINT('Origin',(0.100000000000001,-7.3,-1.9));
#13147=CARTESIAN_POINT('',(0.750000000000001,-7.3,-1.8));
#13148=CARTESIAN_POINT('Origin',(0.450000000000002,-7.4,-2.6));
#13149=CARTESIAN_POINT('',(0.450000000000002,-7.4,-2.6));
#13150=CARTESIAN_POINT('Origin',(0.450000000000002,-7.4,-5.72842323350227));
#13151=CARTESIAN_POINT('',(0.450000000000002,-7.4,-5.72842323350227));
#13152=CARTESIAN_POINT('Origin',(0.120000000000002,-7.4,-6.3));
#13153=CARTESIAN_POINT('',(0.120000000000002,-7.4,-6.3));
#13154=CARTESIAN_POINT('Origin',(-0.119999999999998,-7.4,-6.3));
#13155=CARTESIAN_POINT('',(-0.119999999999998,-7.4,-6.3));
#13156=CARTESIAN_POINT('Origin',(-0.449999999999998,-7.4,-5.72842323350227));
#13157=CARTESIAN_POINT('',(-0.449999999999998,-7.4,-5.72842323350227));
#13158=CARTESIAN_POINT('Origin',(-0.449999999999999,-7.4,-2.6));
#13159=CARTESIAN_POINT('',(-0.45,-7.4,-2.6));
#13160=CARTESIAN_POINT('Origin',(-0.75,-7.4,-2.51961524227066));
#13161=CARTESIAN_POINT('Origin',(-0.749999999999999,-7.3,-1.9));
#13162=CARTESIAN_POINT('',(-0.0999999999999996,-7.3,-1.8));
#13163=CARTESIAN_POINT('',(-0.0999999999999996,-7.3,-1.8));
#13164=CARTESIAN_POINT('Origin',(-0.0999999999999991,-7.3,-1.9));
#13165=CARTESIAN_POINT('Ctrl Pts',(0.100000000000001,-7.4,-1.9));
#13166=CARTESIAN_POINT('Ctrl Pts',(0.100000000000001,-7.4,-1.8));
#13167=CARTESIAN_POINT('Ctrl Pts',(0.100000000000001,-7.3,-1.8));
#13168=CARTESIAN_POINT('Ctrl Pts',(0.100000000000002,-7.5,-1.9));
#13169=CARTESIAN_POINT('Ctrl Pts',(0.100000000000002,-7.5,-1.7));
#13170=CARTESIAN_POINT('Ctrl Pts',(0.100000000000002,-7.3,-1.7));
#13171=CARTESIAN_POINT('Ctrl Pts',(8.88178419700125E-16,-7.5,-1.9));
#13172=CARTESIAN_POINT('Ctrl Pts',(9.00424887691599E-16,-7.5,-1.7));
#13173=CARTESIAN_POINT('Ctrl Pts',(9.00424887691599E-16,-7.3,-1.7));
#13174=CARTESIAN_POINT('Ctrl Pts',(-0.1,-7.5,-1.9));
#13175=CARTESIAN_POINT('Ctrl Pts',(-0.1,-7.5,-1.7));
#13176=CARTESIAN_POINT('Ctrl Pts',(-0.1,-7.3,-1.7));
#13177=CARTESIAN_POINT('Ctrl Pts',(-0.0999999999999991,-7.4,-1.9));
#13178=CARTESIAN_POINT('Ctrl Pts',(-0.0999999999999991,-7.4,-1.8));
#13179=CARTESIAN_POINT('Ctrl Pts',(-0.0999999999999991,-7.3,-1.8));
#13180=CARTESIAN_POINT('Origin',(8.94301653695862E-16,-7.3,-1.8));
#13181=CARTESIAN_POINT('Origin',(0.750000000000001,-7.3,-1.8));
#13182=CARTESIAN_POINT('',(0.100000000000001,-6.,-1.8));
#13183=CARTESIAN_POINT('',(0.100000000000001,-7.3,-1.8));
#13184=CARTESIAN_POINT('',(0.750000000000001,-6.,-1.8));
#13185=CARTESIAN_POINT('Origin',(2.5,-6.,-9.2));
#13186=CARTESIAN_POINT('',(-0.0999999999999996,-6.,-1.8));
#13187=CARTESIAN_POINT('Origin',(8.88178419700125E-16,-6.,-1.8));
#13188=CARTESIAN_POINT('',(-0.0999999999999996,-6.,-1.8));
#13189=CARTESIAN_POINT('',(-0.223606797749978,-6.,-1.6));
#13190=CARTESIAN_POINT('',(-0.749999999999999,-6.,-1.6));
#13191=CARTESIAN_POINT('',(0.223606797749982,-6.,-1.6));
#13192=CARTESIAN_POINT('Origin',(8.88178419700125E-16,-6.,-1.8));
#13193=CARTESIAN_POINT('',(0.223606797749982,-6.,-1.6));
#13194=CARTESIAN_POINT('Origin',(0.22360679774998,-7.3,-1.6));
#13195=CARTESIAN_POINT('',(0.22360679774998,-7.3,-1.6));
#13196=CARTESIAN_POINT('',(0.22360679774998,-7.3,-1.6));
#13197=CARTESIAN_POINT('',(0.22360679774998,-7.3,-1.6));
#13198=CARTESIAN_POINT('Origin',(0.750000000000001,-7.3,-1.9));
#13199=CARTESIAN_POINT('Origin',(0.22360679774998,-7.3,-1.9));
#13200=CARTESIAN_POINT('Origin',(-0.223606797749979,-7.3,-1.9));
#13201=CARTESIAN_POINT('',(-0.223606797749978,-7.3,-1.6));
#13202=CARTESIAN_POINT('Origin',(-0.223606797749979,-7.3,-1.9));
#13203=CARTESIAN_POINT('',(-0.749999999999999,-7.3,-1.6));
#13204=CARTESIAN_POINT('Origin',(-0.749999999999999,-7.3,-1.6));
#13205=CARTESIAN_POINT('',(-0.223606797749979,-7.3,-1.6));
#13206=CARTESIAN_POINT('Origin',(-0.0999999999999996,-7.3,-1.8));
#13207=CARTESIAN_POINT('',(-0.0999999999999996,-7.3,-1.8));
#13208=CARTESIAN_POINT('Origin',(8.88178419700125E-16,-7.4,-5.72842323350227));
#13209=CARTESIAN_POINT('Ctrl Pts',(0.223606797749981,-7.6,-1.9));
#13210=CARTESIAN_POINT('Ctrl Pts',(0.223606797749981,-7.6,-1.6));
#13211=CARTESIAN_POINT('Ctrl Pts',(0.223606797749981,-7.3,-1.6));
#13212=CARTESIAN_POINT('Ctrl Pts',(0.134164078649988,-7.7,-1.90000000000001));
#13213=CARTESIAN_POINT('Ctrl Pts',(0.134164078649988,-7.70000000000001,
-1.5));
#13214=CARTESIAN_POINT('Ctrl Pts',(0.134164078649988,-7.30000000000001,
-1.5));
#13215=CARTESIAN_POINT('Ctrl Pts',(8.5487172896137E-16,-7.7,-1.90000000000001));
#13216=CARTESIAN_POINT('Ctrl Pts',(8.79364664944317E-16,-7.70000000000001,
-1.5));
#13217=CARTESIAN_POINT('Ctrl Pts',(8.79364664944317E-16,-7.30000000000001,
-1.5));
#13218=CARTESIAN_POINT('Ctrl Pts',(-0.134164078649987,-7.7,-1.90000000000001));
#13219=CARTESIAN_POINT('Ctrl Pts',(-0.134164078649987,-7.70000000000001,
-1.5));
#13220=CARTESIAN_POINT('Ctrl Pts',(-0.134164078649987,-7.30000000000001,
-1.5));
#13221=CARTESIAN_POINT('Ctrl Pts',(-0.223606797749979,-7.6,-1.9));
#13222=CARTESIAN_POINT('Ctrl Pts',(-0.223606797749979,-7.6,-1.6));
#13223=CARTESIAN_POINT('Ctrl Pts',(-0.223606797749979,-7.3,-1.6));
#13224=CARTESIAN_POINT('Origin',(8.94301653695862E-16,-7.3,-1.8));
#13225=CARTESIAN_POINT('Origin',(8.88178419700125E-16,-7.3,-1.8));
#13226=CARTESIAN_POINT('Origin',(8.88178419700125E-16,-7.3,-1.8));
#13227=CARTESIAN_POINT('Origin',(-3.25,6.8,-1.6));
#13228=CARTESIAN_POINT('',(-3.25,6.8,-1.6));
#13229=CARTESIAN_POINT('',(-3.25,6.2,-1.6));
#13230=CARTESIAN_POINT('',(-3.25,6.8,-1.6));
#13231=CARTESIAN_POINT('',(-3.45,6.2,-1.6));
#13232=CARTESIAN_POINT('Origin',(-3.35,6.2,-1.6));
#13233=CARTESIAN_POINT('',(-4.35,6.2,-1.6));
#13234=CARTESIAN_POINT('',(-3.45,6.2,-1.6));
#13235=CARTESIAN_POINT('',(-4.35,6.,-1.6));
#13236=CARTESIAN_POINT('',(-4.35,6.2,-1.6));
#13237=CARTESIAN_POINT('',(-3.25,6.,-1.6));
#13238=CARTESIAN_POINT('',(-4.35,6.,-1.6));
#13239=CARTESIAN_POINT('',(-3.25,5.5,-1.6));
#13240=CARTESIAN_POINT('',(-3.25,6.,-1.6));
#13241=CARTESIAN_POINT('',(-2.72360679774998,5.5,-1.6));
#13242=CARTESIAN_POINT('',(-3.25,5.5,-1.6));
#13243=CARTESIAN_POINT('',(-2.72360679774998,6.8,-1.6));
#13244=CARTESIAN_POINT('',(-2.72360679774998,6.8,-1.6));
#13245=CARTESIAN_POINT('',(-3.25,6.8,-1.6));
#13246=CARTESIAN_POINT('Origin',(-3.25,6.9,-2.1));
#13247=CARTESIAN_POINT('',(-3.25,6.2,-1.8));
#13248=CARTESIAN_POINT('',(-3.25,6.2,-1.8));
#13249=CARTESIAN_POINT('',(-3.25,7.1,-1.9));
#13250=CARTESIAN_POINT('Origin',(-3.25,6.8,-1.9));
#13251=CARTESIAN_POINT('',(-3.25,7.1,-2.51961524227066));
#13252=CARTESIAN_POINT('',(-3.25,7.1,-1.9));
#13253=CARTESIAN_POINT('',(-3.25,6.9,-2.51961524227066));
#13254=CARTESIAN_POINT('',(-3.25,6.9,-2.51961524227066));
#13255=CARTESIAN_POINT('',(-3.25,6.9,-1.9));
#13256=CARTESIAN_POINT('',(-3.25,6.9,-1.9));
#13257=CARTESIAN_POINT('',(-3.25,6.8,-1.8));
#13258=CARTESIAN_POINT('Origin',(-3.25,6.8,-1.9));
#13259=CARTESIAN_POINT('',(-3.25,6.8,-1.8));
#13260=CARTESIAN_POINT('Origin',(-3.35,6.2,-1.8));
#13261=CARTESIAN_POINT('',(-3.45,6.2,-1.8));
#13262=CARTESIAN_POINT('Origin',(-3.35,6.2,-1.8));
#13263=CARTESIAN_POINT('',(-3.45,6.2,-1.8));
#13264=CARTESIAN_POINT('Origin',(-3.45,6.2,-1.8));
#13265=CARTESIAN_POINT('',(-4.35,6.2,-1.8));
#13266=CARTESIAN_POINT('',(-3.45,6.2,-1.8));
#13267=CARTESIAN_POINT('',(-4.35,6.2,-1.8));
#13268=CARTESIAN_POINT('Origin',(-4.35,6.2,-1.8));
#13269=CARTESIAN_POINT('',(-4.35,6.,-1.8));
#13270=CARTESIAN_POINT('',(-4.35,6.2,-1.8));
#13271=CARTESIAN_POINT('',(-4.35,6.,-1.8));
#13272=CARTESIAN_POINT('Origin',(-4.35,6.,-1.8));
#13273=CARTESIAN_POINT('',(-3.25,6.,-1.8));
#13274=CARTESIAN_POINT('',(-3.25,6.,-1.6));
#13275=CARTESIAN_POINT('',(-4.35,6.,-1.8));
#13276=CARTESIAN_POINT('Origin',(-3.25,6.9,-2.1));
#13277=CARTESIAN_POINT('',(-3.25,5.5,-1.8));
#13278=CARTESIAN_POINT('',(-3.25,6.,-1.8));
#13279=CARTESIAN_POINT('',(-3.25,5.5,-1.8));
#13280=CARTESIAN_POINT('Origin',(1.16341445918999E-16,5.5,-9.2));
#13281=CARTESIAN_POINT('',(-2.27639320225002,5.5,-1.6));
#13282=CARTESIAN_POINT('',(-1.75,5.5,-1.6));
#13283=CARTESIAN_POINT('',(-2.27639320225002,5.5,-1.6));
#13284=CARTESIAN_POINT('Origin',(-2.5,5.5,-1.8));
#13285=CARTESIAN_POINT('',(-2.6,5.5,-1.8));
#13286=CARTESIAN_POINT('',(-2.6,5.5,-1.8));
#13287=CARTESIAN_POINT('',(-2.4,5.5,-1.8));
#13288=CARTESIAN_POINT('Origin',(-2.5,5.5,-1.8));
#13289=CARTESIAN_POINT('',(-1.75,5.5,-1.8));
#13290=CARTESIAN_POINT('',(-1.75,5.5,-1.8));
#13291=CARTESIAN_POINT('',(-1.75,5.5,-1.6));
#13292=CARTESIAN_POINT('Origin',(-2.5,6.8,-1.8));
#13293=CARTESIAN_POINT('',(-2.27639320225002,6.8,-1.6));
#13294=CARTESIAN_POINT('',(-2.27639320225002,6.8,-1.6));
#13295=CARTESIAN_POINT('Origin',(-2.5,6.8,-1.8));
#13296=CARTESIAN_POINT('Origin',(-2.72360679774998,6.8,-1.9));
#13297=CARTESIAN_POINT('',(-2.72360679774998,7.1,-1.9));
#13298=CARTESIAN_POINT('Origin',(-2.72360679774998,6.8,-1.9));
#13299=CARTESIAN_POINT('',(-3.25,7.1,-1.9));
#13300=CARTESIAN_POINT('Origin',(2.44929359829471E-17,7.1,4.65365783675994E-16));
#13301=CARTESIAN_POINT('',(-2.72360679774998,7.1,-5.72842323350227));
#13302=CARTESIAN_POINT('',(-2.27639320225002,7.1,-5.72842323350227));
#13303=CARTESIAN_POINT('Origin',(-2.5,7.1,-5.72842323350227));
#13304=CARTESIAN_POINT('',(-2.27639320225002,7.1,-1.9));
#13305=CARTESIAN_POINT('',(-2.27639320225002,7.1,-5.72842323350227));
#13306=CARTESIAN_POINT('',(-1.75,7.1,-1.9));
#13307=CARTESIAN_POINT('',(-2.27639320225002,7.1,-1.9));
#13308=CARTESIAN_POINT('',(-1.75,7.1,-2.51961524227066));
#13309=CARTESIAN_POINT('',(-1.75,7.1,-2.51961524227066));
#13310=CARTESIAN_POINT('',(-2.05,7.1,-2.6));
#13311=CARTESIAN_POINT('',(-2.05,7.1,-2.6));
#13312=CARTESIAN_POINT('',(-2.05,7.1,-5.72842323350227));
#13313=CARTESIAN_POINT('',(-2.05,7.1,-5.72842323350227));
#13314=CARTESIAN_POINT('',(-2.38,7.1,-6.3));
#13315=CARTESIAN_POINT('',(-2.38,7.1,-6.3));
#13316=CARTESIAN_POINT('',(-2.62,7.1,-6.3));
#13317=CARTESIAN_POINT('',(-2.62,7.1,-6.3));
#13318=CARTESIAN_POINT('',(-2.95,7.1,-5.72842323350227));
#13319=CARTESIAN_POINT('',(-2.95,7.1,-5.72842323350227));
#13320=CARTESIAN_POINT('',(-2.95,7.1,-2.6));
#13321=CARTESIAN_POINT('',(-2.95,7.1,-2.6));
#13322=CARTESIAN_POINT('',(-3.25,7.1,-2.51961524227066));
#13323=CARTESIAN_POINT('',(-2.72360679774998,7.1,-5.72842323350227));
#13324=CARTESIAN_POINT('Origin',(-3.25,6.9,-2.51961524227066));
#13325=CARTESIAN_POINT('',(-2.95,6.9,-2.6));
#13326=CARTESIAN_POINT('',(-2.95,6.9,-2.6));
#13327=CARTESIAN_POINT('',(-3.25,6.9,-2.51961524227066));
#13328=CARTESIAN_POINT('Origin',(0.,6.9,4.53119315684521E-16));
#13329=CARTESIAN_POINT('',(-2.6,6.9,-1.9));
#13330=CARTESIAN_POINT('',(-2.6,6.9,-1.9));
#13331=CARTESIAN_POINT('',(-2.95,6.9,-5.72842323350227));
#13332=CARTESIAN_POINT('',(-2.95,6.9,-2.6));
#13333=CARTESIAN_POINT('',(-2.62,6.9,-6.3));
#13334=CARTESIAN_POINT('',(-2.95,6.9,-5.72842323350227));
#13335=CARTESIAN_POINT('',(-2.38,6.9,-6.3));
#13336=CARTESIAN_POINT('',(-2.62,6.9,-6.3));
#13337=CARTESIAN_POINT('',(-2.05,6.9,-5.72842323350227));
#13338=CARTESIAN_POINT('',(-2.38,6.9,-6.3));
#13339=CARTESIAN_POINT('',(-2.05,6.9,-2.6));
#13340=CARTESIAN_POINT('',(-2.05,6.9,-5.72842323350227));
#13341=CARTESIAN_POINT('',(-1.75,6.9,-2.51961524227066));
#13342=CARTESIAN_POINT('',(-2.05,6.9,-2.6));
#13343=CARTESIAN_POINT('',(-1.75,6.9,-1.9));
#13344=CARTESIAN_POINT('',(-1.75,6.9,-2.51961524227066));
#13345=CARTESIAN_POINT('',(-2.4,6.9,-1.9));
#13346=CARTESIAN_POINT('',(-1.75,6.9,-1.9));
#13347=CARTESIAN_POINT('',(-2.4,6.9,-5.72842323350227));
#13348=CARTESIAN_POINT('',(-2.4,6.9,-5.72842323350227));
#13349=CARTESIAN_POINT('',(-2.6,6.9,-5.72842323350227));
#13350=CARTESIAN_POINT('Origin',(-2.5,6.9,-5.72842323350227));
#13351=CARTESIAN_POINT('',(-2.6,6.9,-5.72842323350227));
#13352=CARTESIAN_POINT('Origin',(-3.25,6.8,-1.9));
#13353=CARTESIAN_POINT('',(-2.6,6.8,-1.8));
#13354=CARTESIAN_POINT('Origin',(-2.6,6.8,-1.9));
#13355=CARTESIAN_POINT('',(-2.6,6.8,-1.8));
#13356=CARTESIAN_POINT('Origin',(-2.6,6.8,-1.8));
#13357=CARTESIAN_POINT('',(-2.6,6.8,-1.8));
#13358=CARTESIAN_POINT('Origin',(-2.27639320225002,6.8,-1.6));
#13359=CARTESIAN_POINT('',(-1.75,6.8,-1.6));
#13360=CARTESIAN_POINT('',(-1.75,6.8,-1.6));
#13361=CARTESIAN_POINT('',(-2.27639320225002,6.8,-1.6));
#13362=CARTESIAN_POINT('Origin',(-2.5,6.8,-1.8));
#13363=CARTESIAN_POINT('',(-2.4,6.8,-1.8));
#13364=CARTESIAN_POINT('',(-2.4,6.8,-1.8));
#13365=CARTESIAN_POINT('Origin',(-2.5,6.8,-1.8));
#13366=CARTESIAN_POINT('Origin',(-1.75,6.8,-1.8));
#13367=CARTESIAN_POINT('',(-1.75,6.8,-1.8));
#13368=CARTESIAN_POINT('',(-1.75,6.8,-1.8));
#13369=CARTESIAN_POINT('',(-1.75,6.8,-1.8));
#13370=CARTESIAN_POINT('Origin',(-1.75,6.9,-2.51961524227066));
#13371=CARTESIAN_POINT('',(-1.75,6.9,-2.51961524227066));
#13372=CARTESIAN_POINT('Origin',(-1.75,6.8,-1.9));
#13373=CARTESIAN_POINT('Origin',(-1.75,6.8,-1.9));
#13374=CARTESIAN_POINT('Ctrl Pts',(-2.72360679774998,7.1,-1.9));
#13375=CARTESIAN_POINT('Ctrl Pts',(-2.72360679774998,7.1,-1.6));
#13376=CARTESIAN_POINT('Ctrl Pts',(-2.72360679774998,6.8,-1.6));
#13377=CARTESIAN_POINT('Ctrl Pts',(-2.63416407864999,7.2,-1.90000000000001));
#13378=CARTESIAN_POINT('Ctrl Pts',(-2.63416407864999,7.20000000000001,-1.5));
#13379=CARTESIAN_POINT('Ctrl Pts',(-2.63416407864999,6.80000000000001,-1.5));
#13380=CARTESIAN_POINT('Ctrl Pts',(-2.5,7.2,-1.90000000000001));
#13381=CARTESIAN_POINT('Ctrl Pts',(-2.5,7.20000000000001,-1.5));
#13382=CARTESIAN_POINT('Ctrl Pts',(-2.5,6.80000000000001,-1.5));
#13383=CARTESIAN_POINT('Ctrl Pts',(-2.36583592135001,7.2,-1.90000000000001));
#13384=CARTESIAN_POINT('Ctrl Pts',(-2.36583592135001,7.20000000000001,-1.5));
#13385=CARTESIAN_POINT('Ctrl Pts',(-2.36583592135001,6.80000000000001,-1.5));
#13386=CARTESIAN_POINT('Ctrl Pts',(-2.27639320225002,7.1,-1.9));
#13387=CARTESIAN_POINT('Ctrl Pts',(-2.27639320225002,7.1,-1.6));
#13388=CARTESIAN_POINT('Ctrl Pts',(-2.27639320225002,6.80000000000001,-1.6));
#13389=CARTESIAN_POINT('Origin',(-2.27639320225002,6.8,-1.9));
#13390=CARTESIAN_POINT('Origin',(-2.5,6.9,-1.9));
#13391=CARTESIAN_POINT('Origin',(-2.5,6.9,-5.72842323350227));
#13392=CARTESIAN_POINT('Origin',(-2.5,6.9,-5.72842323350227));
#13393=CARTESIAN_POINT('Origin',(-2.5,6.9,-5.72842323350227));
#13394=CARTESIAN_POINT('Origin',(-1.75,6.8,-1.9));
#13395=CARTESIAN_POINT('Origin',(-2.05,6.9,-2.6));
#13396=CARTESIAN_POINT('',(-2.05,6.9,-2.6));
#13397=CARTESIAN_POINT('Origin',(-2.05,6.9,-5.72842323350227));
#13398=CARTESIAN_POINT('',(-2.05,6.9,-5.72842323350227));
#13399=CARTESIAN_POINT('Origin',(-2.38,6.9,-6.3));
#13400=CARTESIAN_POINT('',(-2.38,6.9,-6.3));
#13401=CARTESIAN_POINT('Origin',(-2.62,6.9,-6.3));
#13402=CARTESIAN_POINT('',(-2.62,6.9,-6.3));
#13403=CARTESIAN_POINT('Origin',(-2.95,6.9,-5.72842323350227));
#13404=CARTESIAN_POINT('',(-2.95,6.9,-5.72842323350227));
#13405=CARTESIAN_POINT('Origin',(-2.95,6.9,-2.6));
#13406=CARTESIAN_POINT('Origin',(-2.4,6.8,-1.9));
#13407=CARTESIAN_POINT('Origin',(-2.4,6.8,-1.9));
#13408=CARTESIAN_POINT('Origin',(-2.5,6.9,-5.72842323350227));
#13409=CARTESIAN_POINT('Origin',(-2.5,6.9,-1.9));
#13410=CARTESIAN_POINT('Origin',(-2.5,6.9,-5.72842323350227));
#13411=CARTESIAN_POINT('Origin',(-2.5,6.9,-5.72842323350227));
#13412=CARTESIAN_POINT('Ctrl Pts',(-2.6,6.9,-1.9));
#13413=CARTESIAN_POINT('Ctrl Pts',(-2.6,6.9,-1.8));
#13414=CARTESIAN_POINT('Ctrl Pts',(-2.6,6.8,-1.8));
#13415=CARTESIAN_POINT('Ctrl Pts',(-2.6,7.,-1.9));
#13416=CARTESIAN_POINT('Ctrl Pts',(-2.6,7.00000000000001,-1.7));
#13417=CARTESIAN_POINT('Ctrl Pts',(-2.6,6.8,-1.7));
#13418=CARTESIAN_POINT('Ctrl Pts',(-2.5,7.,-1.9));
#13419=CARTESIAN_POINT('Ctrl Pts',(-2.5,7.00000000000001,-1.7));
#13420=CARTESIAN_POINT('Ctrl Pts',(-2.5,6.8,-1.7));
#13421=CARTESIAN_POINT('Ctrl Pts',(-2.4,7.,-1.9));
#13422=CARTESIAN_POINT('Ctrl Pts',(-2.4,7.00000000000001,-1.7));
#13423=CARTESIAN_POINT('Ctrl Pts',(-2.4,6.8,-1.7));
#13424=CARTESIAN_POINT('Ctrl Pts',(-2.4,6.9,-1.9));
#13425=CARTESIAN_POINT('Ctrl Pts',(-2.4,6.9,-1.8));
#13426=CARTESIAN_POINT('Ctrl Pts',(-2.4,6.8,-1.8));
#13427=CARTESIAN_POINT('Origin',(1.16341445918999E-16,-6.,-9.2));
#13428=CARTESIAN_POINT('',(-1.75,-6.,-1.6));
#13429=CARTESIAN_POINT('',(-1.75,-6.,-1.8));
#13430=CARTESIAN_POINT('',(-1.75,-6.,-1.6));
#13431=CARTESIAN_POINT('',(-2.4,-6.,-1.8));
#13432=CARTESIAN_POINT('',(-1.75,-6.,-1.8));
#13433=CARTESIAN_POINT('',(-2.6,-6.,-1.8));
#13434=CARTESIAN_POINT('Origin',(-2.5,-6.,-1.8));
#13435=CARTESIAN_POINT('',(-4.35,-6.,-1.8));
#13436=CARTESIAN_POINT('',(-2.6,-6.,-1.8));
#13437=CARTESIAN_POINT('',(-4.35,-6.,-1.6));
#13438=CARTESIAN_POINT('',(-4.35,-6.,-1.8));
#13439=CARTESIAN_POINT('',(-2.72360679774998,-6.,-1.6));
#13440=CARTESIAN_POINT('',(-2.72360679774998,-6.,-1.6));
#13441=CARTESIAN_POINT('',(-2.27639320225002,-6.,-1.6));
#13442=CARTESIAN_POINT('Origin',(-2.5,-6.,-1.8));
#13443=CARTESIAN_POINT('',(-2.27639320225002,-6.,-1.6));
#13444=CARTESIAN_POINT('Origin',(-3.25,-7.3,-1.6));
#13445=CARTESIAN_POINT('',(-3.25,-7.3,-1.6));
#13446=CARTESIAN_POINT('',(-2.72360679774998,-7.3,-1.6));
#13447=CARTESIAN_POINT('',(-3.25,-7.3,-1.6));
#13448=CARTESIAN_POINT('',(-2.72360679774998,-7.3,-1.6));
#13449=CARTESIAN_POINT('',(-4.35,-6.2,-1.6));
#13450=CARTESIAN_POINT('',(-4.35,-6.,-1.6));
#13451=CARTESIAN_POINT('',(-3.45,-6.2,-1.6));
#13452=CARTESIAN_POINT('',(-4.35,-6.2,-1.6));
#13453=CARTESIAN_POINT('',(-3.25,-6.2,-1.6));
#13454=CARTESIAN_POINT('Origin',(-3.35,-6.2,-1.6));
#13455=CARTESIAN_POINT('',(-3.25,-7.3,-1.6));
#13456=CARTESIAN_POINT('Origin',(-2.6,-7.3,-1.8));
#13457=CARTESIAN_POINT('',(-2.6,-7.3,-1.8));
#13458=CARTESIAN_POINT('',(-3.25,-7.3,-1.8));
#13459=CARTESIAN_POINT('',(-2.6,-7.3,-1.8));
#13460=CARTESIAN_POINT('',(-3.25,-6.2,-1.8));
#13461=CARTESIAN_POINT('',(-3.25,-7.3,-1.8));
#13462=CARTESIAN_POINT('',(-3.45,-6.2,-1.8));
#13463=CARTESIAN_POINT('Origin',(-3.35,-6.2,-1.8));
#13464=CARTESIAN_POINT('',(-4.35,-6.2,-1.8));
#13465=CARTESIAN_POINT('',(-4.35,-6.2,-1.8));
#13466=CARTESIAN_POINT('',(-4.35,-6.,-1.8));
#13467=CARTESIAN_POINT('',(-2.6,-7.3,-1.8));
#13468=CARTESIAN_POINT('Origin',(-3.25,-7.4,-2.1));
#13469=CARTESIAN_POINT('',(-3.25,-6.2,-1.8));
#13470=CARTESIAN_POINT('',(-3.25,-7.4,-1.9));
#13471=CARTESIAN_POINT('Origin',(-3.25,-7.3,-1.9));
#13472=CARTESIAN_POINT('',(-3.25,-7.4,-2.51961524227066));
#13473=CARTESIAN_POINT('',(-3.25,-7.4,-1.9));
#13474=CARTESIAN_POINT('',(-3.25,-7.6,-2.51961524227066));
#13475=CARTESIAN_POINT('',(-3.25,-7.4,-2.51961524227066));
#13476=CARTESIAN_POINT('',(-3.25,-7.6,-1.9));
#13477=CARTESIAN_POINT('',(-3.25,-7.6,-1.9));
#13478=CARTESIAN_POINT('Origin',(-3.25,-7.3,-1.9));
#13479=CARTESIAN_POINT('Origin',(-3.35,-6.2,-1.8));
#13480=CARTESIAN_POINT('',(-3.45,-6.2,-1.8));
#13481=CARTESIAN_POINT('Origin',(-1.75,-7.4,-2.51961524227066));
#13482=CARTESIAN_POINT('',(-1.75,-7.4,-2.51961524227066));
#13483=CARTESIAN_POINT('',(-1.75,-7.4,-1.9));
#13484=CARTESIAN_POINT('',(-1.75,-7.4,-2.51961524227066));
#13485=CARTESIAN_POINT('',(-1.75,-7.3,-1.8));
#13486=CARTESIAN_POINT('Origin',(-1.75,-7.3,-1.9));
#13487=CARTESIAN_POINT('',(-1.75,-7.3,-1.8));
#13488=CARTESIAN_POINT('',(-1.75,-7.3,-1.6));
#13489=CARTESIAN_POINT('',(-1.75,-7.3,-1.6));
#13490=CARTESIAN_POINT('',(-1.75,-7.6,-1.9));
#13491=CARTESIAN_POINT('Origin',(-1.75,-7.3,-1.9));
#13492=CARTESIAN_POINT('',(-1.75,-7.6,-2.51961524227066));
#13493=CARTESIAN_POINT('',(-1.75,-7.6,-2.51961524227066));
#13494=CARTESIAN_POINT('',(-1.75,-7.4,-2.51961524227066));
#13495=CARTESIAN_POINT('Origin',(-1.75,-7.3,-1.8));
#13496=CARTESIAN_POINT('',(-2.4,-7.3,-1.8));
#13497=CARTESIAN_POINT('',(-1.75,-7.3,-1.8));
#13498=CARTESIAN_POINT('',(-2.4,-7.3,-1.8));
#13499=CARTESIAN_POINT('Origin',(-2.5,-7.3,-1.8));
#13500=CARTESIAN_POINT('Origin',(-2.5,-7.3,-1.8));
#13501=CARTESIAN_POINT('Origin',(-4.35,-6.,-1.8));
#13502=CARTESIAN_POINT('',(-4.35,-6.2,-1.8));
#13503=CARTESIAN_POINT('Origin',(-2.5,-7.3,-1.8));
#13504=CARTESIAN_POINT('',(-2.27639320225002,-7.3,-1.6));
#13505=CARTESIAN_POINT('Origin',(-2.5,-7.3,-1.8));
#13506=CARTESIAN_POINT('',(-2.27639320225002,-7.3,-1.6));
#13507=CARTESIAN_POINT('Origin',(-2.27639320225002,-7.3,-1.6));
#13508=CARTESIAN_POINT('',(-2.27639320225002,-7.3,-1.6));
#13509=CARTESIAN_POINT('Origin',(-2.72360679774998,-7.3,-1.9));
#13510=CARTESIAN_POINT('',(-2.72360679774998,-7.6,-1.9));
#13511=CARTESIAN_POINT('',(-3.25,-7.6,-1.9));
#13512=CARTESIAN_POINT('Origin',(-2.72360679774998,-7.3,-1.9));
#13513=CARTESIAN_POINT('Origin',(-4.35,-6.2,-1.8));
#13514=CARTESIAN_POINT('Origin',(-3.25,-7.3,-1.9));
#13515=CARTESIAN_POINT('',(-2.6,-7.4,-1.9));
#13516=CARTESIAN_POINT('',(-2.6,-7.4,-1.9));
#13517=CARTESIAN_POINT('Origin',(-2.6,-7.3,-1.9));
#13518=CARTESIAN_POINT('Origin',(0.,-7.4,-4.53119315684521E-16));
#13519=CARTESIAN_POINT('',(-2.6,-7.4,-5.72842323350227));
#13520=CARTESIAN_POINT('',(-2.6,-7.4,-5.72842323350227));
#13521=CARTESIAN_POINT('',(-2.42928932188135,-7.4,-5.79913391162092));
#13522=CARTESIAN_POINT('Origin',(-2.5,-7.4,-5.72842323350227));
#13523=CARTESIAN_POINT('',(-2.4,-7.4,-5.72842323350227));
#13524=CARTESIAN_POINT('Origin',(-2.5,-7.4,-5.72842323350227));
#13525=CARTESIAN_POINT('',(-2.4,-7.4,-1.9));
#13526=CARTESIAN_POINT('',(-2.4,-7.4,-5.72842323350227));
#13527=CARTESIAN_POINT('',(-1.75,-7.4,-1.9));
#13528=CARTESIAN_POINT('',(-2.05,-7.4,-2.6));
#13529=CARTESIAN_POINT('',(-2.05,-7.4,-2.6));
#13530=CARTESIAN_POINT('',(-2.05,-7.4,-5.72842323350227));
#13531=CARTESIAN_POINT('',(-2.05,-7.4,-5.72842323350227));
#13532=CARTESIAN_POINT('',(-2.38,-7.4,-6.3));
#13533=CARTESIAN_POINT('',(-2.38,-7.4,-6.3));
#13534=CARTESIAN_POINT('',(-2.62,-7.4,-6.3));
#13535=CARTESIAN_POINT('',(-2.62,-7.4,-6.3));
#13536=CARTESIAN_POINT('',(-2.95,-7.4,-5.72842323350227));
#13537=CARTESIAN_POINT('',(-2.95,-7.4,-5.72842323350227));
#13538=CARTESIAN_POINT('',(-2.95,-7.4,-2.6));
#13539=CARTESIAN_POINT('',(-2.95,-7.4,-2.6));
#13540=CARTESIAN_POINT('',(-3.25,-7.4,-2.51961524227066));
#13541=CARTESIAN_POINT('Origin',(-3.25,-7.4,-2.51961524227066));
#13542=CARTESIAN_POINT('',(-2.95,-7.6,-2.6));
#13543=CARTESIAN_POINT('',(-2.95,-7.4,-2.6));
#13544=CARTESIAN_POINT('',(-3.25,-7.6,-2.51961524227066));
#13545=CARTESIAN_POINT('Origin',(2.44929359829471E-17,-7.6,-4.65365783675994E-16));
#13546=CARTESIAN_POINT('',(-2.72360679774998,-7.6,-5.72842323350227));
#13547=CARTESIAN_POINT('',(-2.72360679774998,-7.6,-5.72842323350227));
#13548=CARTESIAN_POINT('',(-2.95,-7.6,-5.72842323350227));
#13549=CARTESIAN_POINT('',(-2.95,-7.6,-2.6));
#13550=CARTESIAN_POINT('',(-2.62,-7.6,-6.3));
#13551=CARTESIAN_POINT('',(-2.95,-7.6,-5.72842323350227));
#13552=CARTESIAN_POINT('',(-2.38,-7.6,-6.3));
#13553=CARTESIAN_POINT('',(-2.62,-7.6,-6.3));
#13554=CARTESIAN_POINT('',(-2.05,-7.6,-5.72842323350227));
#13555=CARTESIAN_POINT('',(-2.38,-7.6,-6.3));
#13556=CARTESIAN_POINT('',(-2.05,-7.6,-2.6));
#13557=CARTESIAN_POINT('',(-2.05,-7.6,-5.72842323350227));
#13558=CARTESIAN_POINT('',(-2.05,-7.6,-2.6));
#13559=CARTESIAN_POINT('',(-2.27639320225002,-7.6,-1.9));
#13560=CARTESIAN_POINT('',(-2.27639320225002,-7.6,-1.9));
#13561=CARTESIAN_POINT('',(-2.27639320225002,-7.6,-5.72842323350227));
#13562=CARTESIAN_POINT('',(-2.27639320225002,-7.6,-5.72842323350227));
#13563=CARTESIAN_POINT('Origin',(-2.5,-7.6,-5.72842323350227));
#13564=CARTESIAN_POINT('Origin',(-2.4,-7.3,-1.9));
#13565=CARTESIAN_POINT('Origin',(-2.4,-7.3,-1.9));
#13566=CARTESIAN_POINT('Origin',(-1.75,-7.3,-1.9));
#13567=CARTESIAN_POINT('Origin',(-2.27639320225002,-7.3,-1.9));
#13568=CARTESIAN_POINT('Origin',(-2.05,-7.4,-2.6));
#13569=CARTESIAN_POINT('',(-2.05,-7.4,-2.6));
#13570=CARTESIAN_POINT('Ctrl Pts',(-2.4,-7.4,-1.9));
#13571=CARTESIAN_POINT('Ctrl Pts',(-2.4,-7.4,-1.8));
#13572=CARTESIAN_POINT('Ctrl Pts',(-2.4,-7.3,-1.8));
#13573=CARTESIAN_POINT('Ctrl Pts',(-2.4,-7.5,-1.9));
#13574=CARTESIAN_POINT('Ctrl Pts',(-2.4,-7.5,-1.7));
#13575=CARTESIAN_POINT('Ctrl Pts',(-2.4,-7.3,-1.7));
#13576=CARTESIAN_POINT('Ctrl Pts',(-2.5,-7.5,-1.9));
#13577=CARTESIAN_POINT('Ctrl Pts',(-2.5,-7.5,-1.7));
#13578=CARTESIAN_POINT('Ctrl Pts',(-2.5,-7.3,-1.7));
#13579=CARTESIAN_POINT('Ctrl Pts',(-2.6,-7.5,-1.9));
#13580=CARTESIAN_POINT('Ctrl Pts',(-2.6,-7.5,-1.7));
#13581=CARTESIAN_POINT('Ctrl Pts',(-2.6,-7.3,-1.7));
#13582=CARTESIAN_POINT('Ctrl Pts',(-2.6,-7.4,-1.9));
#13583=CARTESIAN_POINT('Ctrl Pts',(-2.6,-7.4,-1.8));
#13584=CARTESIAN_POINT('Ctrl Pts',(-2.6,-7.3,-1.8));
#13585=CARTESIAN_POINT('Origin',(-2.5,-7.4,-1.9));
#13586=CARTESIAN_POINT('Ctrl Pts',(-2.27639320225002,-7.6,-1.9));
#13587=CARTESIAN_POINT('Ctrl Pts',(-2.27639320225002,-7.6,-1.6));
#13588=CARTESIAN_POINT('Ctrl Pts',(-2.27639320225002,-7.3,-1.6));
#13589=CARTESIAN_POINT('Ctrl Pts',(-2.36583592135001,-7.7,-1.90000000000001));
#13590=CARTESIAN_POINT('Ctrl Pts',(-2.36583592135001,-7.70000000000001,
-1.5));
#13591=CARTESIAN_POINT('Ctrl Pts',(-2.36583592135001,-7.30000000000001,
-1.5));
#13592=CARTESIAN_POINT('Ctrl Pts',(-2.5,-7.7,-1.90000000000001));
#13593=CARTESIAN_POINT('Ctrl Pts',(-2.5,-7.70000000000001,-1.5));
#13594=CARTESIAN_POINT('Ctrl Pts',(-2.5,-7.30000000000001,-1.5));
#13595=CARTESIAN_POINT('Ctrl Pts',(-2.63416407864999,-7.7,-1.90000000000001));
#13596=CARTESIAN_POINT('Ctrl Pts',(-2.63416407864999,-7.70000000000001,
-1.5));
#13597=CARTESIAN_POINT('Ctrl Pts',(-2.63416407864999,-7.30000000000001,
-1.5));
#13598=CARTESIAN_POINT('Ctrl Pts',(-2.72360679774998,-7.6,-1.9));
#13599=CARTESIAN_POINT('Ctrl Pts',(-2.72360679774998,-7.6,-1.6));
#13600=CARTESIAN_POINT('Ctrl Pts',(-2.72360679774998,-7.3,-1.6));
#13601=CARTESIAN_POINT('Origin',(-2.5,-7.4,-1.9));
#13602=CARTESIAN_POINT('Origin',(-2.5,-7.4,-5.72842323350227));
#13603=CARTESIAN_POINT('Origin',(-2.5,-7.4,-5.72842323350227));
#13604=CARTESIAN_POINT('Origin',(-2.5,-7.4,-5.72842323350227));
#13605=CARTESIAN_POINT('',(-2.55773502691896,-7.45773502691896,-5.78615826042123));
#13606=CARTESIAN_POINT('Origin',(-2.5,-7.4,-5.72842323350227));
#13607=CARTESIAN_POINT('Origin',(-2.05,-7.4,-5.72842323350227));
#13608=CARTESIAN_POINT('',(-2.05,-7.4,-5.72842323350227));
#13609=CARTESIAN_POINT('Origin',(-2.38,-7.4,-6.3));
#13610=CARTESIAN_POINT('',(-2.38,-7.4,-6.3));
#13611=CARTESIAN_POINT('Origin',(-2.62,-7.4,-6.3));
#13612=CARTESIAN_POINT('',(-2.62,-7.4,-6.3));
#13613=CARTESIAN_POINT('Origin',(-2.95,-7.4,-5.72842323350227));
#13614=CARTESIAN_POINT('',(-2.95,-7.4,-5.72842323350227));
#13615=CARTESIAN_POINT('Origin',(-2.95,-7.4,-2.6));
#13616=CARTESIAN_POINT('Origin',(-2.5,-7.4,-5.72842323350227));
#13617=CARTESIAN_POINT('Origin',(-2.5,-7.4,-5.72842323350227));
#13618=CARTESIAN_POINT('Origin',(-2.5,-7.4,-5.72842323350227));
#13619=CARTESIAN_POINT('Origin',(3.25,-7.3,-1.8));
#13620=CARTESIAN_POINT('',(3.25,-7.3,-1.8));
#13621=CARTESIAN_POINT('',(2.6,-7.3,-1.8));
#13622=CARTESIAN_POINT('',(3.25,-7.3,-1.8));
#13623=CARTESIAN_POINT('',(2.6,-6.,-1.8));
#13624=CARTESIAN_POINT('',(2.6,-7.3,-1.8));
#13625=CARTESIAN_POINT('',(4.35,-6.,-1.8));
#13626=CARTESIAN_POINT('',(4.35,-6.,-1.8));
#13627=CARTESIAN_POINT('',(4.35,-6.2,-1.8));
#13628=CARTESIAN_POINT('',(4.35,-6.2,-1.8));
#13629=CARTESIAN_POINT('',(3.45,-6.2,-1.8));
#13630=CARTESIAN_POINT('',(3.45,-6.2,-1.8));
#13631=CARTESIAN_POINT('',(3.25,-6.2,-1.8));
#13632=CARTESIAN_POINT('Origin',(3.35,-6.2,-1.8));
#13633=CARTESIAN_POINT('',(3.25,-7.3,-1.8));
#13634=CARTESIAN_POINT('Origin',(2.6,-7.3,-1.9));
#13635=CARTESIAN_POINT('',(3.25,-7.4,-1.9));
#13636=CARTESIAN_POINT('',(2.6,-7.4,-1.9));
#13637=CARTESIAN_POINT('',(3.25,-7.4,-1.9));
#13638=CARTESIAN_POINT('Origin',(2.6,-7.3,-1.9));
#13639=CARTESIAN_POINT('Origin',(3.25,-7.3,-1.9));
#13640=CARTESIAN_POINT('Origin',(2.5,-7.3,-1.8));
#13641=CARTESIAN_POINT('',(2.4,-7.3,-1.8));
#13642=CARTESIAN_POINT('Origin',(2.5,-7.3,-1.8));
#13643=CARTESIAN_POINT('',(2.4,-6.,-1.8));
#13644=CARTESIAN_POINT('',(2.4,-7.3,-1.8));
#13645=CARTESIAN_POINT('Origin',(2.5,-6.,-1.8));
#13646=CARTESIAN_POINT('Origin',(5.,-6.,-9.2));
#13647=CARTESIAN_POINT('',(1.75,-6.,-1.8));
#13648=CARTESIAN_POINT('',(2.4,-6.,-1.8));
#13649=CARTESIAN_POINT('',(1.75,-6.,-1.6));
#13650=CARTESIAN_POINT('',(1.75,-6.,-1.8));
#13651=CARTESIAN_POINT('',(2.27639320225002,-6.,-1.6));
#13652=CARTESIAN_POINT('',(1.75,-6.,-1.6));
#13653=CARTESIAN_POINT('',(2.72360679774998,-6.,-1.6));
#13654=CARTESIAN_POINT('Origin',(2.5,-6.,-1.8));
#13655=CARTESIAN_POINT('',(4.35,-6.,-1.6));
#13656=CARTESIAN_POINT('',(4.35,-6.,-1.6));
#13657=CARTESIAN_POINT('',(4.35,-6.,-1.8));
#13658=CARTESIAN_POINT('Origin',(4.35,-6.2,-1.8));
#13659=CARTESIAN_POINT('',(4.35,-6.2,-1.6));
#13660=CARTESIAN_POINT('',(4.35,-6.2,-1.6));
#13661=CARTESIAN_POINT('',(4.35,-6.2,-1.8));
#13662=CARTESIAN_POINT('Origin',(3.45,-6.2,-1.8));
#13663=CARTESIAN_POINT('',(3.45,-6.2,-1.6));
#13664=CARTESIAN_POINT('',(3.45,-6.2,-1.6));
#13665=CARTESIAN_POINT('',(3.45,-6.2,-1.8));
#13666=CARTESIAN_POINT('Origin',(3.35,-6.2,-1.8));
#13667=CARTESIAN_POINT('',(3.25,-6.2,-1.6));
#13668=CARTESIAN_POINT('',(3.25,-6.2,-1.8));
#13669=CARTESIAN_POINT('Origin',(3.35,-6.2,-1.6));
#13670=CARTESIAN_POINT('Origin',(3.25,-7.4,-2.51961524227066));
#13671=CARTESIAN_POINT('',(3.25,-7.3,-1.6));
#13672=CARTESIAN_POINT('',(3.25,-7.3,-1.6));
#13673=CARTESIAN_POINT('',(3.25,-7.6,-1.9));
#13674=CARTESIAN_POINT('Origin',(3.25,-7.3,-1.9));
#13675=CARTESIAN_POINT('',(3.25,-7.6,-2.51961524227066));
#13676=CARTESIAN_POINT('',(3.25,-7.6,-2.51961524227066));
#13677=CARTESIAN_POINT('',(3.25,-7.4,-2.51961524227066));
#13678=CARTESIAN_POINT('',(3.25,-7.4,-2.51961524227066));
#13679=CARTESIAN_POINT('',(3.25,-7.4,-2.51961524227066));
#13680=CARTESIAN_POINT('Origin',(5.,-7.4,-4.53119315684521E-16));
#13681=CARTESIAN_POINT('',(2.4,-7.4,-1.9));
#13682=CARTESIAN_POINT('',(2.4,-7.4,-5.72842323350227));
#13683=CARTESIAN_POINT('',(2.4,-7.4,-5.72842323350227));
#13684=CARTESIAN_POINT('',(2.57071067811865,-7.4,-5.79913391162092));
#13685=CARTESIAN_POINT('Origin',(2.5,-7.4,-5.72842323350227));
#13686=CARTESIAN_POINT('',(2.6,-7.4,-5.72842323350227));
#13687=CARTESIAN_POINT('Origin',(2.5,-7.4,-5.72842323350227));
#13688=CARTESIAN_POINT('',(2.6,-7.4,-5.72842323350227));
#13689=CARTESIAN_POINT('',(2.95,-7.4,-2.6));
#13690=CARTESIAN_POINT('',(2.95,-7.4,-2.6));
#13691=CARTESIAN_POINT('',(2.95,-7.4,-5.72842323350227));
#13692=CARTESIAN_POINT('',(2.95,-7.4,-5.72842323350227));
#13693=CARTESIAN_POINT('',(2.62,-7.4,-6.3));
#13694=CARTESIAN_POINT('',(2.62,-7.4,-6.3));
#13695=CARTESIAN_POINT('',(2.38,-7.4,-6.3));
#13696=CARTESIAN_POINT('',(2.38,-7.4,-6.3));
#13697=CARTESIAN_POINT('',(2.05,-7.4,-5.72842323350227));
#13698=CARTESIAN_POINT('',(2.05,-7.4,-5.72842323350227));
#13699=CARTESIAN_POINT('',(2.05,-7.4,-2.6));
#13700=CARTESIAN_POINT('',(2.05,-7.4,-2.6));
#13701=CARTESIAN_POINT('',(1.75,-7.4,-2.51961524227066));
#13702=CARTESIAN_POINT('',(1.75,-7.4,-2.51961524227066));
#13703=CARTESIAN_POINT('',(1.75,-7.4,-1.9));
#13704=CARTESIAN_POINT('',(1.75,-7.4,-1.9));
#13705=CARTESIAN_POINT('',(2.4,-7.4,-1.9));
#13706=CARTESIAN_POINT('Ctrl Pts',(2.6,-7.4,-1.9));
#13707=CARTESIAN_POINT('Ctrl Pts',(2.6,-7.4,-1.8));
#13708=CARTESIAN_POINT('Ctrl Pts',(2.6,-7.3,-1.8));
#13709=CARTESIAN_POINT('Ctrl Pts',(2.6,-7.5,-1.9));
#13710=CARTESIAN_POINT('Ctrl Pts',(2.6,-7.5,-1.7));
#13711=CARTESIAN_POINT('Ctrl Pts',(2.6,-7.3,-1.7));
#13712=CARTESIAN_POINT('Ctrl Pts',(2.5,-7.5,-1.9));
#13713=CARTESIAN_POINT('Ctrl Pts',(2.5,-7.5,-1.7));
#13714=CARTESIAN_POINT('Ctrl Pts',(2.5,-7.3,-1.7));
#13715=CARTESIAN_POINT('Ctrl Pts',(2.4,-7.5,-1.9));
#13716=CARTESIAN_POINT('Ctrl Pts',(2.4,-7.5,-1.7));
#13717=CARTESIAN_POINT('Ctrl Pts',(2.4,-7.3,-1.7));
#13718=CARTESIAN_POINT('Ctrl Pts',(2.4,-7.4,-1.9));
#13719=CARTESIAN_POINT('Ctrl Pts',(2.4,-7.4,-1.8));
#13720=CARTESIAN_POINT('Ctrl Pts',(2.4,-7.3,-1.8));
#13721=CARTESIAN_POINT('Origin',(2.5,-7.4,-1.9));
#13722=CARTESIAN_POINT('Origin',(2.4,-7.3,-1.9));
#13723=CARTESIAN_POINT('Origin',(2.4,-7.3,-1.8));
#13724=CARTESIAN_POINT('',(1.75,-7.3,-1.8));
#13725=CARTESIAN_POINT('',(2.4,-7.3,-1.8));
#13726=CARTESIAN_POINT('',(1.75,-7.3,-1.8));
#13727=CARTESIAN_POINT('Origin',(1.75,-7.4,-2.1));
#13728=CARTESIAN_POINT('',(1.75,-7.6,-2.51961524227066));
#13729=CARTESIAN_POINT('',(1.75,-7.4,-2.51961524227066));
#13730=CARTESIAN_POINT('',(1.75,-7.6,-1.9));
#13731=CARTESIAN_POINT('',(1.75,-7.6,-1.9));
#13732=CARTESIAN_POINT('',(1.75,-7.3,-1.6));
#13733=CARTESIAN_POINT('Origin',(1.75,-7.3,-1.9));
#13734=CARTESIAN_POINT('',(1.75,-7.3,-1.6));
#13735=CARTESIAN_POINT('Origin',(1.75,-7.3,-1.9));
#13736=CARTESIAN_POINT('Origin',(1.75,-7.3,-1.6));
#13737=CARTESIAN_POINT('',(2.27639320225002,-7.3,-1.6));
#13738=CARTESIAN_POINT('',(1.75,-7.3,-1.6));
#13739=CARTESIAN_POINT('',(2.27639320225002,-7.3,-1.6));
#13740=CARTESIAN_POINT('Origin',(2.5,-7.3,-1.8));
#13741=CARTESIAN_POINT('',(2.72360679774998,-7.3,-1.6));
#13742=CARTESIAN_POINT('Origin',(2.5,-7.3,-1.8));
#13743=CARTESIAN_POINT('',(2.72360679774998,-7.3,-1.6));
#13744=CARTESIAN_POINT('Origin',(2.72360679774998,-7.3,-1.6));
#13745=CARTESIAN_POINT('',(2.72360679774998,-7.3,-1.6));
#13746=CARTESIAN_POINT('Origin',(3.25,-7.3,-1.9));
#13747=CARTESIAN_POINT('',(2.72360679774998,-7.6,-1.9));
#13748=CARTESIAN_POINT('',(2.72360679774998,-7.6,-1.9));
#13749=CARTESIAN_POINT('Origin',(2.72360679774998,-7.3,-1.9));
#13750=CARTESIAN_POINT('Origin',(5.,-7.6,-4.65365783675994E-16));
#13751=CARTESIAN_POINT('',(2.27639320225002,-7.6,-1.9));
#13752=CARTESIAN_POINT('',(2.27639320225002,-7.6,-5.72842323350227));
#13753=CARTESIAN_POINT('',(2.27639320225002,-7.6,-5.72842323350227));
#13754=CARTESIAN_POINT('',(1.75,-7.6,-1.9));
#13755=CARTESIAN_POINT('',(2.05,-7.6,-2.6));
#13756=CARTESIAN_POINT('',(1.75,-7.6,-2.51961524227066));
#13757=CARTESIAN_POINT('',(2.05,-7.6,-5.72842323350227));
#13758=CARTESIAN_POINT('',(2.05,-7.6,-2.6));
#13759=CARTESIAN_POINT('',(2.38,-7.6,-6.3));
#13760=CARTESIAN_POINT('',(2.05,-7.6,-5.72842323350227));
#13761=CARTESIAN_POINT('',(2.62,-7.6,-6.3));
#13762=CARTESIAN_POINT('',(2.38,-7.6,-6.3));
#13763=CARTESIAN_POINT('',(2.95,-7.6,-5.72842323350227));
#13764=CARTESIAN_POINT('',(2.62,-7.6,-6.3));
#13765=CARTESIAN_POINT('',(2.95,-7.6,-2.6));
#13766=CARTESIAN_POINT('',(2.95,-7.6,-5.72842323350227));
#13767=CARTESIAN_POINT('',(2.95,-7.6,-2.6));
#13768=CARTESIAN_POINT('',(2.72360679774998,-7.6,-5.72842323350227));
#13769=CARTESIAN_POINT('',(2.72360679774998,-7.6,-5.72842323350227));
#13770=CARTESIAN_POINT('Origin',(2.5,-7.6,-5.72842323350227));
#13771=CARTESIAN_POINT('Origin',(2.95,-7.4,-2.6));
#13772=CARTESIAN_POINT('',(2.95,-7.4,-2.6));
#13773=CARTESIAN_POINT('Origin',(2.5,-7.4,-5.72842323350227));
#13774=CARTESIAN_POINT('Origin',(2.5,-7.4,-5.72842323350227));
#13775=CARTESIAN_POINT('Origin',(2.5,-7.4,-5.72842323350227));
#13776=CARTESIAN_POINT('',(2.44226497308104,-7.45773502691896,-5.78615826042123));
#13777=CARTESIAN_POINT('Origin',(2.5,-7.4,-5.72842323350227));
#13778=CARTESIAN_POINT('Origin',(2.95,-7.4,-5.72842323350227));
#13779=CARTESIAN_POINT('',(2.95,-7.4,-5.72842323350227));
#13780=CARTESIAN_POINT('Origin',(2.62,-7.4,-6.3));
#13781=CARTESIAN_POINT('',(2.62,-7.4,-6.3));
#13782=CARTESIAN_POINT('Origin',(2.38,-7.4,-6.3));
#13783=CARTESIAN_POINT('',(2.38,-7.4,-6.3));
#13784=CARTESIAN_POINT('Origin',(2.05,-7.4,-5.72842323350227));
#13785=CARTESIAN_POINT('',(2.05,-7.4,-5.72842323350227));
#13786=CARTESIAN_POINT('Origin',(2.05,-7.4,-2.6));
#13787=CARTESIAN_POINT('',(2.05,-7.4,-2.6));
#13788=CARTESIAN_POINT('Origin',(1.75,-7.4,-2.51961524227066));
#13789=CARTESIAN_POINT('Origin',(1.75,-7.3,-1.9));
#13790=CARTESIAN_POINT('Origin',(2.27639320225002,-7.3,-1.9));
#13791=CARTESIAN_POINT('Origin',(2.27639320225002,-7.3,-1.9));
#13792=CARTESIAN_POINT('Ctrl Pts',(2.72360679774998,-7.6,-1.9));
#13793=CARTESIAN_POINT('Ctrl Pts',(2.72360679774998,-7.6,-1.6));
#13794=CARTESIAN_POINT('Ctrl Pts',(2.72360679774998,-7.3,-1.6));
#13795=CARTESIAN_POINT('Ctrl Pts',(2.63416407864999,-7.7,-1.90000000000001));
#13796=CARTESIAN_POINT('Ctrl Pts',(2.63416407864999,-7.70000000000001,-1.5));
#13797=CARTESIAN_POINT('Ctrl Pts',(2.63416407864999,-7.30000000000001,-1.5));
#13798=CARTESIAN_POINT('Ctrl Pts',(2.5,-7.7,-1.90000000000001));
#13799=CARTESIAN_POINT('Ctrl Pts',(2.5,-7.70000000000001,-1.5));
#13800=CARTESIAN_POINT('Ctrl Pts',(2.5,-7.30000000000001,-1.5));
#13801=CARTESIAN_POINT('Ctrl Pts',(2.36583592135001,-7.7,-1.90000000000001));
#13802=CARTESIAN_POINT('Ctrl Pts',(2.36583592135001,-7.70000000000001,-1.5));
#13803=CARTESIAN_POINT('Ctrl Pts',(2.36583592135001,-7.30000000000001,-1.5));
#13804=CARTESIAN_POINT('Ctrl Pts',(2.27639320225002,-7.6,-1.9));
#13805=CARTESIAN_POINT('Ctrl Pts',(2.27639320225002,-7.6,-1.6));
#13806=CARTESIAN_POINT('Ctrl Pts',(2.27639320225002,-7.3,-1.6));
#13807=CARTESIAN_POINT('Origin',(2.5,-7.4,-1.9));
#13808=CARTESIAN_POINT('Origin',(2.5,-7.4,-5.72842323350227));
#13809=CARTESIAN_POINT('Origin',(2.5,-7.4,-5.72842323350227));
#13810=CARTESIAN_POINT('Origin',(2.5,-7.4,-5.72842323350227));
#13811=CARTESIAN_POINT('Origin',(3.25,6.8,-1.6));
#13812=CARTESIAN_POINT('',(3.25,6.8,-1.6));
#13813=CARTESIAN_POINT('',(2.72360679774998,6.8,-1.6));
#13814=CARTESIAN_POINT('',(3.25,6.8,-1.6));
#13815=CARTESIAN_POINT('',(2.72360679774998,5.5,-1.6));
#13816=CARTESIAN_POINT('',(2.72360679774998,6.8,-1.6));
#13817=CARTESIAN_POINT('',(3.25,5.5,-1.6));
#13818=CARTESIAN_POINT('',(3.25,5.5,-1.6));
#13819=CARTESIAN_POINT('',(3.25,6.,-1.6));
#13820=CARTESIAN_POINT('',(3.25,6.,-1.6));
#13821=CARTESIAN_POINT('',(4.35,6.,-1.6));
#13822=CARTESIAN_POINT('',(3.25,6.,-1.6));
#13823=CARTESIAN_POINT('',(4.35,6.2,-1.6));
#13824=CARTESIAN_POINT('',(4.35,6.,-1.6));
#13825=CARTESIAN_POINT('',(3.45,6.2,-1.6));
#13826=CARTESIAN_POINT('',(4.35,6.2,-1.6));
#13827=CARTESIAN_POINT('',(3.25,6.2,-1.6));
#13828=CARTESIAN_POINT('Origin',(3.35,6.2,-1.6));
#13829=CARTESIAN_POINT('',(3.25,6.8,-1.6));
#13830=CARTESIAN_POINT('Origin',(2.72360679774998,6.8,-1.9));
#13831=CARTESIAN_POINT('',(3.25,7.1,-1.9));
#13832=CARTESIAN_POINT('',(2.72360679774998,7.1,-1.9));
#13833=CARTESIAN_POINT('',(3.25,7.1,-1.9));
#13834=CARTESIAN_POINT('Origin',(2.72360679774998,6.8,-1.9));
#13835=CARTESIAN_POINT('Origin',(3.25,6.8,-1.9));
#13836=CARTESIAN_POINT('Origin',(2.5,6.8,-1.8));
#13837=CARTESIAN_POINT('',(2.27639320225002,6.8,-1.6));
#13838=CARTESIAN_POINT('Origin',(2.5,6.8,-1.8));
#13839=CARTESIAN_POINT('',(2.27639320225002,5.5,-1.6));
#13840=CARTESIAN_POINT('',(2.27639320225002,6.8,-1.6));
#13841=CARTESIAN_POINT('Origin',(2.5,5.5,-1.8));
#13842=CARTESIAN_POINT('Origin',(-1.24301650113456E-15,5.5,-9.2));
#13843=CARTESIAN_POINT('',(1.75,5.5,-1.6));
#13844=CARTESIAN_POINT('',(1.75,5.5,-1.8));
#13845=CARTESIAN_POINT('',(1.75,5.5,-1.6));
#13846=CARTESIAN_POINT('',(2.4,5.5,-1.8));
#13847=CARTESIAN_POINT('',(1.75,5.5,-1.8));
#13848=CARTESIAN_POINT('',(2.6,5.5,-1.8));
#13849=CARTESIAN_POINT('Origin',(2.5,5.5,-1.8));
#13850=CARTESIAN_POINT('',(3.25,5.5,-1.8));
#13851=CARTESIAN_POINT('',(2.6,5.5,-1.8));
#13852=CARTESIAN_POINT('',(3.25,5.5,-1.8));
#13853=CARTESIAN_POINT('',(2.27639320225002,5.5,-1.6));
#13854=CARTESIAN_POINT('Origin',(3.25,6.9,-2.1));
#13855=CARTESIAN_POINT('',(3.25,6.,-1.8));
#13856=CARTESIAN_POINT('',(3.25,6.,-1.6));
#13857=CARTESIAN_POINT('',(3.25,6.,-1.8));
#13858=CARTESIAN_POINT('Origin',(3.25,6.,-1.8));
#13859=CARTESIAN_POINT('',(4.35,6.,-1.8));
#13860=CARTESIAN_POINT('',(3.25,6.,-1.8));
#13861=CARTESIAN_POINT('',(4.35,6.,-1.8));
#13862=CARTESIAN_POINT('Origin',(4.35,6.,-1.8));
#13863=CARTESIAN_POINT('',(4.35,6.2,-1.8));
#13864=CARTESIAN_POINT('',(4.35,6.,-1.8));
#13865=CARTESIAN_POINT('',(4.35,6.2,-1.8));
#13866=CARTESIAN_POINT('Origin',(4.35,6.2,-1.8));
#13867=CARTESIAN_POINT('',(3.45,6.2,-1.8));
#13868=CARTESIAN_POINT('',(4.35,6.2,-1.8));
#13869=CARTESIAN_POINT('',(3.45,6.2,-1.8));
#13870=CARTESIAN_POINT('Origin',(3.35,6.2,-1.8));
#13871=CARTESIAN_POINT('',(3.25,6.2,-1.8));
#13872=CARTESIAN_POINT('',(3.25,6.2,-1.8));
#13873=CARTESIAN_POINT('Origin',(3.35,6.2,-1.8));
#13874=CARTESIAN_POINT('Origin',(3.25,6.9,-2.1));
#13875=CARTESIAN_POINT('',(3.25,6.8,-1.8));
#13876=CARTESIAN_POINT('',(3.25,6.8,-1.8));
#13877=CARTESIAN_POINT('',(3.25,6.9,-1.9));
#13878=CARTESIAN_POINT('Origin',(3.25,6.8,-1.9));
#13879=CARTESIAN_POINT('',(3.25,6.9,-2.51961524227066));
#13880=CARTESIAN_POINT('',(3.25,6.9,-1.9));
#13881=CARTESIAN_POINT('',(3.25,7.1,-2.51961524227066));
#13882=CARTESIAN_POINT('',(3.25,6.9,-2.51961524227066));
#13883=CARTESIAN_POINT('',(3.25,7.1,-1.9));
#13884=CARTESIAN_POINT('Origin',(-2.4492935982947E-17,7.1,4.65365783675994E-16));
#13885=CARTESIAN_POINT('',(2.72360679774998,7.1,-5.72842323350227));
#13886=CARTESIAN_POINT('',(2.72360679774998,7.1,-5.72842323350227));
#13887=CARTESIAN_POINT('',(2.95,7.1,-2.6));
#13888=CARTESIAN_POINT('',(3.25,7.1,-2.51961524227066));
#13889=CARTESIAN_POINT('',(2.95,7.1,-5.72842323350227));
#13890=CARTESIAN_POINT('',(2.95,7.1,-2.6));
#13891=CARTESIAN_POINT('',(2.62,7.1,-6.3));
#13892=CARTESIAN_POINT('',(2.95,7.1,-5.72842323350227));
#13893=CARTESIAN_POINT('',(2.38,7.1,-6.3));
#13894=CARTESIAN_POINT('',(2.62,7.1,-6.3));
#13895=CARTESIAN_POINT('',(2.05,7.1,-5.72842323350227));
#13896=CARTESIAN_POINT('',(2.38,7.1,-6.3));
#13897=CARTESIAN_POINT('',(2.05,7.1,-2.6));
#13898=CARTESIAN_POINT('',(2.05,7.1,-5.72842323350227));
#13899=CARTESIAN_POINT('',(1.75,7.1,-2.51961524227066));
#13900=CARTESIAN_POINT('',(2.05,7.1,-2.6));
#13901=CARTESIAN_POINT('',(1.75,7.1,-1.9));
#13902=CARTESIAN_POINT('',(1.75,7.1,-2.51961524227066));
#13903=CARTESIAN_POINT('',(2.27639320225002,7.1,-1.9));
#13904=CARTESIAN_POINT('',(2.27639320225002,7.1,-1.9));
#13905=CARTESIAN_POINT('',(2.27639320225002,7.1,-5.72842323350227));
#13906=CARTESIAN_POINT('',(2.27639320225002,7.1,-5.72842323350227));
#13907=CARTESIAN_POINT('Origin',(2.5,7.1,-5.72842323350227));
#13908=CARTESIAN_POINT('Ctrl Pts',(2.27639320225002,7.1,-1.9));
#13909=CARTESIAN_POINT('Ctrl Pts',(2.27639320225002,7.1,-1.6));
#13910=CARTESIAN_POINT('Ctrl Pts',(2.27639320225002,6.8,-1.6));
#13911=CARTESIAN_POINT('Ctrl Pts',(2.36583592135001,7.2,-1.90000000000001));
#13912=CARTESIAN_POINT('Ctrl Pts',(2.36583592135001,7.20000000000001,-1.5));
#13913=CARTESIAN_POINT('Ctrl Pts',(2.36583592135001,6.80000000000001,-1.5));
#13914=CARTESIAN_POINT('Ctrl Pts',(2.5,7.2,-1.90000000000001));
#13915=CARTESIAN_POINT('Ctrl Pts',(2.5,7.20000000000001,-1.5));
#13916=CARTESIAN_POINT('Ctrl Pts',(2.5,6.80000000000001,-1.5));
#13917=CARTESIAN_POINT('Ctrl Pts',(2.63416407864999,7.2,-1.90000000000001));
#13918=CARTESIAN_POINT('Ctrl Pts',(2.63416407864999,7.20000000000001,-1.5));
#13919=CARTESIAN_POINT('Ctrl Pts',(2.63416407864999,6.80000000000001,-1.5));
#13920=CARTESIAN_POINT('Ctrl Pts',(2.72360679774998,7.1,-1.9));
#13921=CARTESIAN_POINT('Ctrl Pts',(2.72360679774998,7.1,-1.6));
#13922=CARTESIAN_POINT('Ctrl Pts',(2.72360679774998,6.80000000000001,-1.6));
#13923=CARTESIAN_POINT('Origin',(2.5,6.9,-1.9));
#13924=CARTESIAN_POINT('Origin',(2.27639320225002,6.8,-1.9));
#13925=CARTESIAN_POINT('Origin',(2.27639320225002,6.8,-1.6));
#13926=CARTESIAN_POINT('',(1.75,6.8,-1.6));
#13927=CARTESIAN_POINT('',(2.27639320225002,6.8,-1.6));
#13928=CARTESIAN_POINT('',(1.75,6.8,-1.6));
#13929=CARTESIAN_POINT('Origin',(1.75,6.9,-2.51961524227066));
#13930=CARTESIAN_POINT('',(1.75,6.9,-2.51961524227066));
#13931=CARTESIAN_POINT('',(1.75,6.9,-1.9));
#13932=CARTESIAN_POINT('',(1.75,6.9,-2.51961524227066));
#13933=CARTESIAN_POINT('',(1.75,6.8,-1.8));
#13934=CARTESIAN_POINT('Origin',(1.75,6.8,-1.9));
#13935=CARTESIAN_POINT('',(1.75,6.8,-1.8));
#13936=CARTESIAN_POINT('Origin',(1.75,6.8,-1.9));
#13937=CARTESIAN_POINT('',(1.75,6.9,-2.51961524227066));
#13938=CARTESIAN_POINT('Origin',(1.75,6.8,-1.8));
#13939=CARTESIAN_POINT('',(2.4,6.8,-1.8));
#13940=CARTESIAN_POINT('',(1.75,6.8,-1.8));
#13941=CARTESIAN_POINT('',(2.4,6.8,-1.8));
#13942=CARTESIAN_POINT('Origin',(2.5,6.8,-1.8));
#13943=CARTESIAN_POINT('',(2.6,6.8,-1.8));
#13944=CARTESIAN_POINT('Origin',(2.5,6.8,-1.8));
#13945=CARTESIAN_POINT('',(2.6,6.8,-1.8));
#13946=CARTESIAN_POINT('Origin',(2.6,6.8,-1.8));
#13947=CARTESIAN_POINT('',(2.6,6.8,-1.8));
#13948=CARTESIAN_POINT('Origin',(3.25,6.8,-1.9));
#13949=CARTESIAN_POINT('',(2.6,6.9,-1.9));
#13950=CARTESIAN_POINT('',(2.6,6.9,-1.9));
#13951=CARTESIAN_POINT('Origin',(2.6,6.8,-1.9));
#13952=CARTESIAN_POINT('Origin',(5.54911119584887E-32,6.9,4.53119315684521E-16));
#13953=CARTESIAN_POINT('',(2.6,6.9,-5.72842323350227));
#13954=CARTESIAN_POINT('',(2.6,6.9,-5.72842323350227));
#13955=CARTESIAN_POINT('',(2.4,6.9,-5.72842323350227));
#13956=CARTESIAN_POINT('Origin',(2.5,6.9,-5.72842323350227));
#13957=CARTESIAN_POINT('',(2.4,6.9,-1.9));
#13958=CARTESIAN_POINT('',(2.4,6.9,-5.72842323350227));
#13959=CARTESIAN_POINT('',(1.75,6.9,-1.9));
#13960=CARTESIAN_POINT('',(2.05,6.9,-2.6));
#13961=CARTESIAN_POINT('',(2.05,6.9,-2.6));
#13962=CARTESIAN_POINT('',(2.05,6.9,-5.72842323350227));
#13963=CARTESIAN_POINT('',(2.05,6.9,-5.72842323350227));
#13964=CARTESIAN_POINT('',(2.38,6.9,-6.3));
#13965=CARTESIAN_POINT('',(2.38,6.9,-6.3));
#13966=CARTESIAN_POINT('',(2.62,6.9,-6.3));
#13967=CARTESIAN_POINT('',(2.62,6.9,-6.3));
#13968=CARTESIAN_POINT('',(2.95,6.9,-5.72842323350227));
#13969=CARTESIAN_POINT('',(2.95,6.9,-5.72842323350227));
#13970=CARTESIAN_POINT('',(2.95,6.9,-2.6));
#13971=CARTESIAN_POINT('',(2.95,6.9,-2.6));
#13972=CARTESIAN_POINT('',(3.25,6.9,-2.51961524227066));
#13973=CARTESIAN_POINT('Origin',(3.25,6.9,-2.51961524227066));
#13974=CARTESIAN_POINT('',(2.95,6.9,-2.6));
#13975=CARTESIAN_POINT('Origin',(2.5,6.9,-5.72842323350227));
#13976=CARTESIAN_POINT('Origin',(2.5,6.9,-5.72842323350227));
#13977=CARTESIAN_POINT('Origin',(2.95,6.9,-2.6));
#13978=CARTESIAN_POINT('',(2.95,6.9,-5.72842323350227));
#13979=CARTESIAN_POINT('Origin',(2.95,6.9,-5.72842323350227));
#13980=CARTESIAN_POINT('',(2.62,6.9,-6.3));
#13981=CARTESIAN_POINT('Origin',(2.62,6.9,-6.3));
#13982=CARTESIAN_POINT('',(2.38,6.9,-6.3));
#13983=CARTESIAN_POINT('Origin',(2.38,6.9,-6.3));
#13984=CARTESIAN_POINT('',(2.05,6.9,-5.72842323350227));
#13985=CARTESIAN_POINT('Origin',(2.05,6.9,-5.72842323350227));
#13986=CARTESIAN_POINT('',(2.05,6.9,-2.6));
#13987=CARTESIAN_POINT('Origin',(2.05,6.9,-2.6));
#13988=CARTESIAN_POINT('Origin',(1.75,6.8,-1.9));
#13989=CARTESIAN_POINT('Origin',(2.5,6.9,-5.72842323350227));
#13990=CARTESIAN_POINT('Origin',(2.4,6.8,-1.9));
#13991=CARTESIAN_POINT('Origin',(2.4,6.8,-1.9));
#13992=CARTESIAN_POINT('Ctrl Pts',(2.4,6.9,-1.9));
#13993=CARTESIAN_POINT('Ctrl Pts',(2.4,6.9,-1.8));
#13994=CARTESIAN_POINT('Ctrl Pts',(2.4,6.8,-1.8));
#13995=CARTESIAN_POINT('Ctrl Pts',(2.4,7.,-1.9));
#13996=CARTESIAN_POINT('Ctrl Pts',(2.4,7.00000000000001,-1.7));
#13997=CARTESIAN_POINT('Ctrl Pts',(2.4,6.8,-1.7));
#13998=CARTESIAN_POINT('Ctrl Pts',(2.5,7.,-1.9));
#13999=CARTESIAN_POINT('Ctrl Pts',(2.5,7.00000000000001,-1.7));
#14000=CARTESIAN_POINT('Ctrl Pts',(2.5,6.8,-1.7));
#14001=CARTESIAN_POINT('Ctrl Pts',(2.6,7.,-1.9));
#14002=CARTESIAN_POINT('Ctrl Pts',(2.6,7.00000000000001,-1.7));
#14003=CARTESIAN_POINT('Ctrl Pts',(2.6,6.8,-1.7));
#14004=CARTESIAN_POINT('Ctrl Pts',(2.6,6.9,-1.9));
#14005=CARTESIAN_POINT('Ctrl Pts',(2.6,6.9,-1.8));
#14006=CARTESIAN_POINT('Ctrl Pts',(2.6,6.8,-1.8));
#14007=CARTESIAN_POINT('Origin',(2.5,6.9,-1.9));
#14008=CARTESIAN_POINT('Origin',(2.5,6.9,-5.72842323350227));
#14009=CARTESIAN_POINT('Origin',(2.5,6.9,-5.72842323350227));
#14010=CARTESIAN_POINT('Origin',(2.5,6.9,-5.72842323350227));
#14011=CARTESIAN_POINT('',(0.,0.,4.5));
#14012=CARTESIAN_POINT('',(0.,0.,4.5));
#14013=CARTESIAN_POINT('',(0.,0.,2.8));
#14014=UNCERTAINTY_MEASURE_WITH_UNIT(LENGTH_MEASURE(0.01),#14024,
'DISTANCE_ACCURACY_VALUE',
'Maximum model space distance between geometric entities at asserted c
onnectivities');
#14015=UNCERTAINTY_MEASURE_WITH_UNIT(LENGTH_MEASURE(0.01),#14024,
'DISTANCE_ACCURACY_VALUE',
'Maximum model space distance between geometric entities at asserted c
onnectivities');
#14016=UNCERTAINTY_MEASURE_WITH_UNIT(LENGTH_MEASURE(0.01),#14024,
'DISTANCE_ACCURACY_VALUE',
'Maximum model space distance between geometric entities at asserted c
onnectivities');
#14017=UNCERTAINTY_MEASURE_WITH_UNIT(LENGTH_MEASURE(0.01),#14024,
'DISTANCE_ACCURACY_VALUE',
'Maximum model space distance between geometric entities at asserted c
onnectivities');
#14018=UNCERTAINTY_MEASURE_WITH_UNIT(LENGTH_MEASURE(0.01),#14024,
'DISTANCE_ACCURACY_VALUE',
'Maximum model space distance between geometric entities at asserted c
onnectivities');
#14019=(
GEOMETRIC_REPRESENTATION_CONTEXT(3)
GLOBAL_UNCERTAINTY_ASSIGNED_CONTEXT((#14014))
GLOBAL_UNIT_ASSIGNED_CONTEXT((#14024,#14026,#14027))
REPRESENTATION_CONTEXT('','3D')
);
#14020=(
GEOMETRIC_REPRESENTATION_CONTEXT(3)
GLOBAL_UNCERTAINTY_ASSIGNED_CONTEXT((#14015))
GLOBAL_UNIT_ASSIGNED_CONTEXT((#14024,#14026,#14027))
REPRESENTATION_CONTEXT('','3D')
);
#14021=(
GEOMETRIC_REPRESENTATION_CONTEXT(3)
GLOBAL_UNCERTAINTY_ASSIGNED_CONTEXT((#14016))
GLOBAL_UNIT_ASSIGNED_CONTEXT((#14024,#14026,#14027))
REPRESENTATION_CONTEXT('','3D')
);
#14022=(
GEOMETRIC_REPRESENTATION_CONTEXT(3)
GLOBAL_UNCERTAINTY_ASSIGNED_CONTEXT((#14017))
GLOBAL_UNIT_ASSIGNED_CONTEXT((#14024,#14026,#14027))
REPRESENTATION_CONTEXT('','3D')
);
#14023=(
GEOMETRIC_REPRESENTATION_CONTEXT(3)
GLOBAL_UNCERTAINTY_ASSIGNED_CONTEXT((#14018))
GLOBAL_UNIT_ASSIGNED_CONTEXT((#14024,#14026,#14027))
REPRESENTATION_CONTEXT('','3D')
);
#14024=(
LENGTH_UNIT()
NAMED_UNIT(*)
SI_UNIT(.MILLI.,.METRE.)
);
#14025=(
LENGTH_UNIT()
NAMED_UNIT(*)
SI_UNIT($,.METRE.)
);
#14026=(
NAMED_UNIT(*)
PLANE_ANGLE_UNIT()
SI_UNIT($,.RADIAN.)
);
#14027=(
NAMED_UNIT(*)
SI_UNIT($,.STERADIAN.)
SOLID_ANGLE_UNIT()
);
#14028=SHAPE_DEFINITION_REPRESENTATION(#14032,#14039);
#14029=SHAPE_DEFINITION_REPRESENTATION(#14033,#14040);
#14030=SHAPE_DEFINITION_REPRESENTATION(#14034,#14041);
#14031=SHAPE_DEFINITION_REPRESENTATION(#14035,#14042);
#14032=PRODUCT_DEFINITION_SHAPE('',$,#14044);
#14033=PRODUCT_DEFINITION_SHAPE('',$,#14045);
#14034=PRODUCT_DEFINITION_SHAPE('',$,#14046);
#14035=PRODUCT_DEFINITION_SHAPE('',$,#14047);
#14036=PRODUCT_DEFINITION_SHAPE($,$,#20);
#14037=PRODUCT_DEFINITION_SHAPE($,$,#21);
#14038=PRODUCT_DEFINITION_SHAPE($,$,#22);
#14039=SHAPE_REPRESENTATION('',(#7477,#8138,#8139,#8140),#14019);
#14040=SHAPE_REPRESENTATION('',(#7478),#14020);
#14041=SHAPE_REPRESENTATION('',(#7526),#14021);
#14042=SHAPE_REPRESENTATION('',(#7544),#14022);
#14043=PRODUCT_DEFINITION_CONTEXT('part definition',#14057,'design');
#14044=PRODUCT_DEFINITION('2026-08-22-02-52-31-382',
'EC11-THT-15F-black',#14048,#14043);
#14045=PRODUCT_DEFINITION('2026-08-22-02-52-31-383','EC11-Base',#14049,
#14043);
#14046=PRODUCT_DEFINITION('2026-08-22-02-52-31-384','EC11-Shaft-F',#14050,
#14043);
#14047=PRODUCT_DEFINITION('2026-08-22-02-52-31-385','EC11-Housing-THT',
#14051,#14043);
#14048=PRODUCT_DEFINITION_FORMATION('',$,#14059);
#14049=PRODUCT_DEFINITION_FORMATION('',$,#14060);
#14050=PRODUCT_DEFINITION_FORMATION('',$,#14061);
#14051=PRODUCT_DEFINITION_FORMATION('',$,#14062);
#14052=PRODUCT_RELATED_PRODUCT_CATEGORY('EC11-THT-15F-black',
'EC11-THT-15F-black',(#14059));
#14053=PRODUCT_RELATED_PRODUCT_CATEGORY('EC11-Base','EC11-Base',(#14060));
#14054=PRODUCT_RELATED_PRODUCT_CATEGORY('EC11-Shaft-F','EC11-Shaft-F',(#14061));
#14055=PRODUCT_RELATED_PRODUCT_CATEGORY('EC11-Housing-THT',
'EC11-Housing-THT',(#14062));
#14056=APPLICATION_PROTOCOL_DEFINITION('international standard',
'automotive_design',2009,#14057);
#14057=APPLICATION_CONTEXT(
'Core Data for Automotive Mechanical Design Process');
#14058=PRODUCT_CONTEXT('part definition',#14057,'mechanical');
#14059=PRODUCT('2026-08-22-02-52-31-382','EC11-THT-15F-black',
'STEP AP214',(#14058));
#14060=PRODUCT('2026-08-22-02-52-31-383','EC11-Base','NONE',(#14058));
#14061=PRODUCT('2026-08-22-02-52-31-384','EC11-Shaft-F','NONE',(#14058));
#14062=PRODUCT('2026-08-22-02-52-31-385','EC11-Housing-THT','NONE',(#14058));
#14063=PRESENTATION_STYLE_ASSIGNMENT((#14067));
#14064=PRESENTATION_STYLE_ASSIGNMENT((#14068));
#14065=PRESENTATION_STYLE_ASSIGNMENT((#14069));
#14066=PRESENTATION_STYLE_ASSIGNMENT((#14070));
#14067=SURFACE_STYLE_USAGE(.BOTH.,#14071);
#14068=SURFACE_STYLE_USAGE(.BOTH.,#14072);
#14069=SURFACE_STYLE_USAGE(.BOTH.,#14073);
#14070=SURFACE_STYLE_USAGE(.BOTH.,#14074);
#14071=SURFACE_SIDE_STYLE('',(#14075));
#14072=SURFACE_SIDE_STYLE('',(#14076));
#14073=SURFACE_SIDE_STYLE('',(#14077));
#14074=SURFACE_SIDE_STYLE('',(#14078));
#14075=SURFACE_STYLE_FILL_AREA(#14079);
#14076=SURFACE_STYLE_FILL_AREA(#14080);
#14077=SURFACE_STYLE_FILL_AREA(#14081);
#14078=SURFACE_STYLE_FILL_AREA(#14082);
#14079=FILL_AREA_STYLE('Steel - Satin',(#14083));
#14080=FILL_AREA_STYLE('Opaque(192,192,192)',(#14084));
#14081=FILL_AREA_STYLE('Opaque(203,210,239)',(#14085));
#14082=FILL_AREA_STYLE('Opaque(40,40,40)',(#14086));
#14083=FILL_AREA_STYLE_COLOUR('Steel - Satin',#14087);
#14084=FILL_AREA_STYLE_COLOUR('Opaque(192,192,192)',#14088);
#14085=FILL_AREA_STYLE_COLOUR('Opaque(203,210,239)',#14089);
#14086=FILL_AREA_STYLE_COLOUR('Opaque(40,40,40)',#14090);
#14087=COLOUR_RGB('Steel - Satin',0.627450980392157,0.627450980392157,0.627450980392157);
#14088=COLOUR_RGB('Opaque(192,192,192)',0.752941176470588,0.752941176470588,
0.752941176470588);
#14089=COLOUR_RGB('Opaque(203,210,239)',0.796078431372549,0.823529411764706,
0.937254901960784);
#14090=COLOUR_RGB('Opaque(40,40,40)',0.156862745098039,0.156862745098039,
0.156862745098039);
ENDSEC;
END-ISO-10303-21;
