ISO-10303-21;
HEADER;
/* Generated by software containing ST-Developer
 * from STEP Tools, Inc. (www.steptools.com) 
 */

FILE_DESCRIPTION(
/* description */ ('KiCad electronic assembly'),
/* implementation_level */ '2;1');

FILE_NAME(
/* name */ 'base.step',
/* time_stamp */ '2026-08-29T10:17:46+10:00',
/* author */ (''),
/* organization */ (''),
/* preprocessor_version */ 'ST-DEVELOPER v20.1',
/* originating_system */ 'Autodesk Translation Framework v15.8.0.0',
/* authorisation */ '');

FILE_SCHEMA (('AUTOMOTIVE_DESIGN { 1 0 10303 214 3 1 1 }'));
ENDSEC;

DATA;
#10=MECHANICAL_DESIGN_GEOMETRIC_PRESENTATION_REPRESENTATION('',(#17),#3913);
#11=ITEM_DEFINED_TRANSFORMATION($,$,#2437,#2598);
#12=(
REPRESENTATION_RELATIONSHIP($,$,#3924,#3923)
REPRESENTATION_RELATIONSHIP_WITH_TRANSFORMATION(#11)
SHAPE_REPRESENTATION_RELATIONSHIP()
);
#13=CONTEXT_DEPENDENT_SHAPE_REPRESENTATION(#12,#3922);
#14=NEXT_ASSEMBLY_USAGE_OCCURRENCE('bottom:1','bottom:1','bottom:1',#3926,
#3927,'bottom:1');
#15=SHAPE_REPRESENTATION_RELATIONSHIP('SRR','None',#3924,#16);
#16=ADVANCED_BREP_SHAPE_REPRESENTATION('',(#18),#3912);
#17=STYLED_ITEM('',(#3938),#18);
#18=MANIFOLD_SOLID_BREP('bottom',#2423);
#19=FACE_BOUND('',#284,.T.);
#20=FACE_BOUND('',#286,.T.);
#21=FACE_BOUND('',#288,.T.);
#22=FACE_BOUND('',#290,.T.);
#23=FACE_BOUND('',#305,.T.);
#24=FACE_BOUND('',#308,.T.);
#25=FACE_BOUND('',#311,.T.);
#26=FACE_BOUND('',#314,.T.);
#27=FACE_BOUND('',#329,.T.);
#28=FACE_BOUND('',#330,.T.);
#29=FACE_BOUND('',#331,.T.);
#30=FACE_BOUND('',#332,.T.);
#31=FACE_BOUND('',#333,.T.);
#32=FACE_BOUND('',#334,.T.);
#33=FACE_BOUND('',#335,.T.);
#34=FACE_BOUND('',#336,.T.);
#35=FACE_BOUND('',#337,.T.);
#36=FACE_BOUND('',#338,.T.);
#37=FACE_BOUND('',#343,.T.);
#38=FACE_BOUND('',#349,.T.);
#39=FACE_BOUND('',#358,.T.);
#40=FACE_BOUND('',#365,.T.);
#41=CYLINDRICAL_SURFACE('',#2472,1.70000000000002);
#42=CYLINDRICAL_SURFACE('',#2477,1.69999999999999);
#43=CYLINDRICAL_SURFACE('',#2482,1.70000000000002);
#44=CYLINDRICAL_SURFACE('',#2487,1.69999999999999);
#45=CYLINDRICAL_SURFACE('',#2540,2.65000000000001);
#46=CYLINDRICAL_SURFACE('',#2545,2.65);
#47=CYLINDRICAL_SURFACE('',#2550,2.65000000000001);
#48=CYLINDRICAL_SURFACE('',#2555,2.65);
#49=CYLINDRICAL_SURFACE('',#2557,1.40000000000001);
#50=CYLINDRICAL_SURFACE('',#2558,1.4);
#51=CYLINDRICAL_SURFACE('',#2559,1.4);
#52=CYLINDRICAL_SURFACE('',#2560,1.40000000000001);
#53=CYLINDRICAL_SURFACE('',#2562,3.25000000000195);
#54=CYLINDRICAL_SURFACE('',#2564,3.25000000000195);
#55=CYLINDRICAL_SURFACE('',#2568,3.25000000000195);
#56=CYLINDRICAL_SURFACE('',#2570,3.25000000000195);
#57=CIRCLE('',#2469,1.70000000000002);
#58=CIRCLE('',#2471,1.70000000000002);
#59=CIRCLE('',#2474,1.69999999999999);
#60=CIRCLE('',#2476,1.69999999999999);
#61=CIRCLE('',#2479,1.70000000000002);
#62=CIRCLE('',#2481,1.70000000000002);
#63=CIRCLE('',#2484,1.69999999999999);
#64=CIRCLE('',#2486,1.69999999999999);
#65=CIRCLE('',#2513,3.25000000000195);
#66=CIRCLE('',#2514,1.40000000000001);
#67=CIRCLE('',#2516,3.25000000000195);
#68=CIRCLE('',#2517,1.4);
#69=CIRCLE('',#2519,3.25000000000195);
#70=CIRCLE('',#2520,1.4);
#71=CIRCLE('',#2522,3.25000000000195);
#72=CIRCLE('',#2523,1.40000000000001);
#73=CIRCLE('',#2538,2.65000000000001);
#74=CIRCLE('',#2539,1.40000000000001);
#75=CIRCLE('',#2541,2.65000000000001);
#76=CIRCLE('',#2543,2.65);
#77=CIRCLE('',#2544,1.4);
#78=CIRCLE('',#2546,2.65);
#79=CIRCLE('',#2548,2.65000000000001);
#80=CIRCLE('',#2549,1.40000000000001);
#81=CIRCLE('',#2551,2.65000000000001);
#82=CIRCLE('',#2553,2.65);
#83=CIRCLE('',#2554,1.4);
#84=CIRCLE('',#2556,2.65);
#85=CIRCLE('',#2563,3.25000000000195);
#86=CIRCLE('',#2565,3.25000000000195);
#87=CIRCLE('',#2569,3.25000000000195);
#88=CIRCLE('',#2571,3.25000000000195);
#89=FACE_OUTER_BOUND('',#217,.T.);
#90=FACE_OUTER_BOUND('',#218,.T.);
#91=FACE_OUTER_BOUND('',#219,.T.);
#92=FACE_OUTER_BOUND('',#220,.T.);
#93=FACE_OUTER_BOUND('',#221,.T.);
#94=FACE_OUTER_BOUND('',#222,.T.);
#95=FACE_OUTER_BOUND('',#223,.T.);
#96=FACE_OUTER_BOUND('',#224,.T.);
#97=FACE_OUTER_BOUND('',#225,.T.);
#98=FACE_OUTER_BOUND('',#226,.T.);
#99=FACE_OUTER_BOUND('',#227,.T.);
#100=FACE_OUTER_BOUND('',#228,.T.);
#101=FACE_OUTER_BOUND('',#229,.T.);
#102=FACE_OUTER_BOUND('',#230,.T.);
#103=FACE_OUTER_BOUND('',#231,.T.);
#104=FACE_OUTER_BOUND('',#232,.T.);
#105=FACE_OUTER_BOUND('',#233,.T.);
#106=FACE_OUTER_BOUND('',#234,.T.);
#107=FACE_OUTER_BOUND('',#235,.T.);
#108=FACE_OUTER_BOUND('',#236,.T.);
#109=FACE_OUTER_BOUND('',#237,.T.);
#110=FACE_OUTER_BOUND('',#238,.T.);
#111=FACE_OUTER_BOUND('',#239,.T.);
#112=FACE_OUTER_BOUND('',#240,.T.);
#113=FACE_OUTER_BOUND('',#241,.T.);
#114=FACE_OUTER_BOUND('',#242,.T.);
#115=FACE_OUTER_BOUND('',#243,.T.);
#116=FACE_OUTER_BOUND('',#244,.T.);
#117=FACE_OUTER_BOUND('',#245,.T.);
#118=FACE_OUTER_BOUND('',#246,.T.);
#119=FACE_OUTER_BOUND('',#247,.T.);
#120=FACE_OUTER_BOUND('',#248,.T.);
#121=FACE_OUTER_BOUND('',#249,.T.);
#122=FACE_OUTER_BOUND('',#250,.T.);
#123=FACE_OUTER_BOUND('',#251,.T.);
#124=FACE_OUTER_BOUND('',#252,.T.);
#125=FACE_OUTER_BOUND('',#253,.T.);
#126=FACE_OUTER_BOUND('',#254,.T.);
#127=FACE_OUTER_BOUND('',#255,.T.);
#128=FACE_OUTER_BOUND('',#256,.T.);
#129=FACE_OUTER_BOUND('',#257,.T.);
#130=FACE_OUTER_BOUND('',#258,.T.);
#131=FACE_OUTER_BOUND('',#259,.T.);
#132=FACE_OUTER_BOUND('',#260,.T.);
#133=FACE_OUTER_BOUND('',#261,.T.);
#134=FACE_OUTER_BOUND('',#262,.T.);
#135=FACE_OUTER_BOUND('',#263,.T.);
#136=FACE_OUTER_BOUND('',#264,.T.);
#137=FACE_OUTER_BOUND('',#265,.T.);
#138=FACE_OUTER_BOUND('',#266,.T.);
#139=FACE_OUTER_BOUND('',#267,.T.);
#140=FACE_OUTER_BOUND('',#268,.T.);
#141=FACE_OUTER_BOUND('',#269,.T.);
#142=FACE_OUTER_BOUND('',#270,.T.);
#143=FACE_OUTER_BOUND('',#271,.T.);
#144=FACE_OUTER_BOUND('',#272,.T.);
#145=FACE_OUTER_BOUND('',#273,.T.);
#146=FACE_OUTER_BOUND('',#274,.T.);
#147=FACE_OUTER_BOUND('',#275,.T.);
#148=FACE_OUTER_BOUND('',#276,.T.);
#149=FACE_OUTER_BOUND('',#277,.T.);
#150=FACE_OUTER_BOUND('',#278,.T.);
#151=FACE_OUTER_BOUND('',#279,.T.);
#152=FACE_OUTER_BOUND('',#280,.T.);
#153=FACE_OUTER_BOUND('',#281,.T.);
#154=FACE_OUTER_BOUND('',#282,.T.);
#155=FACE_OUTER_BOUND('',#283,.T.);
#156=FACE_OUTER_BOUND('',#285,.T.);
#157=FACE_OUTER_BOUND('',#287,.T.);
#158=FACE_OUTER_BOUND('',#289,.T.);
#159=FACE_OUTER_BOUND('',#291,.T.);
#160=FACE_OUTER_BOUND('',#292,.T.);
#161=FACE_OUTER_BOUND('',#293,.T.);
#162=FACE_OUTER_BOUND('',#294,.T.);
#163=FACE_OUTER_BOUND('',#295,.T.);
#164=FACE_OUTER_BOUND('',#296,.T.);
#165=FACE_OUTER_BOUND('',#297,.T.);
#166=FACE_OUTER_BOUND('',#298,.T.);
#167=FACE_OUTER_BOUND('',#299,.T.);
#168=FACE_OUTER_BOUND('',#300,.T.);
#169=FACE_OUTER_BOUND('',#301,.T.);
#170=FACE_OUTER_BOUND('',#302,.T.);
#171=FACE_OUTER_BOUND('',#303,.T.);
#172=FACE_OUTER_BOUND('',#304,.T.);
#173=FACE_OUTER_BOUND('',#306,.T.);
#174=FACE_OUTER_BOUND('',#307,.T.);
#175=FACE_OUTER_BOUND('',#309,.T.);
#176=FACE_OUTER_BOUND('',#310,.T.);
#177=FACE_OUTER_BOUND('',#312,.T.);
#178=FACE_OUTER_BOUND('',#313,.T.);
#179=FACE_OUTER_BOUND('',#315,.T.);
#180=FACE_OUTER_BOUND('',#316,.T.);
#181=FACE_OUTER_BOUND('',#317,.T.);
#182=FACE_OUTER_BOUND('',#318,.T.);
#183=FACE_OUTER_BOUND('',#319,.T.);
#184=FACE_OUTER_BOUND('',#320,.T.);
#185=FACE_OUTER_BOUND('',#321,.T.);
#186=FACE_OUTER_BOUND('',#322,.T.);
#187=FACE_OUTER_BOUND('',#323,.T.);
#188=FACE_OUTER_BOUND('',#324,.T.);
#189=FACE_OUTER_BOUND('',#325,.T.);
#190=FACE_OUTER_BOUND('',#326,.T.);
#191=FACE_OUTER_BOUND('',#327,.T.);
#192=FACE_OUTER_BOUND('',#328,.T.);
#193=FACE_OUTER_BOUND('',#339,.T.);
#194=FACE_OUTER_BOUND('',#340,.T.);
#195=FACE_OUTER_BOUND('',#341,.T.);
#196=FACE_OUTER_BOUND('',#342,.T.);
#197=FACE_OUTER_BOUND('',#344,.T.);
#198=FACE_OUTER_BOUND('',#345,.T.);
#199=FACE_OUTER_BOUND('',#346,.T.);
#200=FACE_OUTER_BOUND('',#347,.T.);
#201=FACE_OUTER_BOUND('',#348,.T.);
#202=FACE_OUTER_BOUND('',#350,.T.);
#203=FACE_OUTER_BOUND('',#351,.T.);
#204=FACE_OUTER_BOUND('',#352,.T.);
#205=FACE_OUTER_BOUND('',#353,.T.);
#206=FACE_OUTER_BOUND('',#354,.T.);
#207=FACE_OUTER_BOUND('',#355,.T.);
#208=FACE_OUTER_BOUND('',#356,.T.);
#209=FACE_OUTER_BOUND('',#357,.T.);
#210=FACE_OUTER_BOUND('',#359,.T.);
#211=FACE_OUTER_BOUND('',#360,.T.);
#212=FACE_OUTER_BOUND('',#361,.T.);
#213=FACE_OUTER_BOUND('',#362,.T.);
#214=FACE_OUTER_BOUND('',#363,.T.);
#215=FACE_OUTER_BOUND('',#364,.T.);
#216=FACE_OUTER_BOUND('',#366,.T.);
#217=EDGE_LOOP('',(#1519,#1520,#1521,#1522));
#218=EDGE_LOOP('',(#1523,#1524,#1525,#1526));
#219=EDGE_LOOP('',(#1527,#1528,#1529,#1530));
#220=EDGE_LOOP('',(#1531,#1532,#1533,#1534));
#221=EDGE_LOOP('',(#1535,#1536,#1537,#1538));
#222=EDGE_LOOP('',(#1539,#1540,#1541,#1542));
#223=EDGE_LOOP('',(#1543,#1544,#1545,#1546));
#224=EDGE_LOOP('',(#1547,#1548,#1549,#1550));
#225=EDGE_LOOP('',(#1551,#1552,#1553,#1554));
#226=EDGE_LOOP('',(#1555,#1556,#1557,#1558));
#227=EDGE_LOOP('',(#1559,#1560,#1561,#1562));
#228=EDGE_LOOP('',(#1563,#1564,#1565,#1566));
#229=EDGE_LOOP('',(#1567,#1568,#1569,#1570));
#230=EDGE_LOOP('',(#1571,#1572,#1573,#1574));
#231=EDGE_LOOP('',(#1575,#1576,#1577,#1578));
#232=EDGE_LOOP('',(#1579,#1580,#1581,#1582));
#233=EDGE_LOOP('',(#1583,#1584,#1585,#1586));
#234=EDGE_LOOP('',(#1587,#1588,#1589,#1590));
#235=EDGE_LOOP('',(#1591,#1592,#1593,#1594));
#236=EDGE_LOOP('',(#1595,#1596,#1597,#1598));
#237=EDGE_LOOP('',(#1599,#1600,#1601,#1602));
#238=EDGE_LOOP('',(#1603,#1604,#1605,#1606));
#239=EDGE_LOOP('',(#1607,#1608,#1609,#1610));
#240=EDGE_LOOP('',(#1611,#1612,#1613,#1614));
#241=EDGE_LOOP('',(#1615,#1616,#1617,#1618));
#242=EDGE_LOOP('',(#1619,#1620,#1621,#1622));
#243=EDGE_LOOP('',(#1623,#1624,#1625,#1626));
#244=EDGE_LOOP('',(#1627,#1628,#1629,#1630));
#245=EDGE_LOOP('',(#1631,#1632,#1633,#1634));
#246=EDGE_LOOP('',(#1635,#1636,#1637,#1638));
#247=EDGE_LOOP('',(#1639,#1640));
#248=EDGE_LOOP('',(#1641,#1642));
#249=EDGE_LOOP('',(#1643,#1644,#1645,#1646));
#250=EDGE_LOOP('',(#1647,#1648));
#251=EDGE_LOOP('',(#1649,#1650));
#252=EDGE_LOOP('',(#1651,#1652,#1653,#1654));
#253=EDGE_LOOP('',(#1655,#1656));
#254=EDGE_LOOP('',(#1657,#1658));
#255=EDGE_LOOP('',(#1659,#1660,#1661,#1662));
#256=EDGE_LOOP('',(#1663,#1664));
#257=EDGE_LOOP('',(#1665,#1666));
#258=EDGE_LOOP('',(#1667,#1668,#1669,#1670));
#259=EDGE_LOOP('',(#1671,#1672,#1673,#1674));
#260=EDGE_LOOP('',(#1675,#1676,#1677,#1678));
#261=EDGE_LOOP('',(#1679,#1680,#1681,#1682));
#262=EDGE_LOOP('',(#1683,#1684,#1685,#1686));
#263=EDGE_LOOP('',(#1687,#1688,#1689,#1690,#1691,#1692,#1693,#1694,#1695,
#1696,#1697,#1698,#1699,#1700,#1701,#1702,#1703,#1704,#1705,#1706,#1707,
#1708,#1709,#1710,#1711,#1712,#1713,#1714,#1715,#1716,#1717,#1718,#1719,
#1720,#1721,#1722));
#264=EDGE_LOOP('',(#1723,#1724,#1725,#1726));
#265=EDGE_LOOP('',(#1727,#1728,#1729,#1730,#1731,#1732,#1733,#1734));
#266=EDGE_LOOP('',(#1735,#1736,#1737,#1738,#1739,#1740,#1741,#1742));
#267=EDGE_LOOP('',(#1743,#1744,#1745,#1746));
#268=EDGE_LOOP('',(#1747,#1748,#1749,#1750,#1751,#1752,#1753,#1754));
#269=EDGE_LOOP('',(#1755,#1756,#1757,#1758,#1759,#1760,#1761,#1762));
#270=EDGE_LOOP('',(#1763,#1764,#1765,#1766));
#271=EDGE_LOOP('',(#1767,#1768,#1769,#1770,#1771));
#272=EDGE_LOOP('',(#1772,#1773,#1774,#1775));
#273=EDGE_LOOP('',(#1776,#1777,#1778,#1779));
#274=EDGE_LOOP('',(#1780,#1781,#1782,#1783,#1784));
#275=EDGE_LOOP('',(#1785,#1786,#1787,#1788));
#276=EDGE_LOOP('',(#1789,#1790,#1791,#1792));
#277=EDGE_LOOP('',(#1793,#1794,#1795,#1796));
#278=EDGE_LOOP('',(#1797,#1798,#1799,#1800,#1801));
#279=EDGE_LOOP('',(#1802,#1803,#1804,#1805));
#280=EDGE_LOOP('',(#1806,#1807,#1808,#1809));
#281=EDGE_LOOP('',(#1810,#1811,#1812,#1813));
#282=EDGE_LOOP('',(#1814,#1815,#1816,#1817,#1818));
#283=EDGE_LOOP('',(#1819,#1820,#1821,#1822));
#284=EDGE_LOOP('',(#1823));
#285=EDGE_LOOP('',(#1824,#1825,#1826,#1827));
#286=EDGE_LOOP('',(#1828));
#287=EDGE_LOOP('',(#1829,#1830,#1831,#1832));
#288=EDGE_LOOP('',(#1833));
#289=EDGE_LOOP('',(#1834,#1835,#1836,#1837));
#290=EDGE_LOOP('',(#1838));
#291=EDGE_LOOP('',(#1839,#1840,#1841,#1842));
#292=EDGE_LOOP('',(#1843,#1844,#1845,#1846));
#293=EDGE_LOOP('',(#1847,#1848,#1849,#1850));
#294=EDGE_LOOP('',(#1851,#1852,#1853,#1854,#1855));
#295=EDGE_LOOP('',(#1856,#1857,#1858,#1859,#1860));
#296=EDGE_LOOP('',(#1861,#1862,#1863,#1864));
#297=EDGE_LOOP('',(#1865,#1866,#1867,#1868));
#298=EDGE_LOOP('',(#1869,#1870,#1871,#1872,#1873,#1874,#1875,#1876,#1877));
#299=EDGE_LOOP('',(#1878,#1879,#1880,#1881));
#300=EDGE_LOOP('',(#1882,#1883,#1884,#1885));
#301=EDGE_LOOP('',(#1886,#1887,#1888,#1889,#1890));
#302=EDGE_LOOP('',(#1891,#1892,#1893,#1894));
#303=EDGE_LOOP('',(#1895,#1896,#1897,#1898));
#304=EDGE_LOOP('',(#1899));
#305=EDGE_LOOP('',(#1900));
#306=EDGE_LOOP('',(#1901,#1902,#1903,#1904));
#307=EDGE_LOOP('',(#1905));
#308=EDGE_LOOP('',(#1906));
#309=EDGE_LOOP('',(#1907,#1908,#1909,#1910));
#310=EDGE_LOOP('',(#1911));
#311=EDGE_LOOP('',(#1912));
#312=EDGE_LOOP('',(#1913,#1914,#1915,#1916));
#313=EDGE_LOOP('',(#1917));
#314=EDGE_LOOP('',(#1918));
#315=EDGE_LOOP('',(#1919,#1920,#1921,#1922));
#316=EDGE_LOOP('',(#1923,#1924,#1925,#1926));
#317=EDGE_LOOP('',(#1927,#1928,#1929,#1930));
#318=EDGE_LOOP('',(#1931,#1932,#1933,#1934));
#319=EDGE_LOOP('',(#1935,#1936,#1937,#1938));
#320=EDGE_LOOP('',(#1939,#1940,#1941,#1942));
#321=EDGE_LOOP('',(#1943,#1944,#1945,#1946));
#322=EDGE_LOOP('',(#1947,#1948,#1949,#1950));
#323=EDGE_LOOP('',(#1951,#1952,#1953,#1954,#1955));
#324=EDGE_LOOP('',(#1956,#1957,#1958,#1959,#1960));
#325=EDGE_LOOP('',(#1961,#1962,#1963,#1964));
#326=EDGE_LOOP('',(#1965,#1966,#1967,#1968));
#327=EDGE_LOOP('',(#1969,#1970,#1971,#1972));
#328=EDGE_LOOP('',(#1973,#1974,#1975,#1976,#1977,#1978,#1979,#1980,#1981,
#1982,#1983,#1984,#1985,#1986));
#329=EDGE_LOOP('',(#1987));
#330=EDGE_LOOP('',(#1988));
#331=EDGE_LOOP('',(#1989));
#332=EDGE_LOOP('',(#1990));
#333=EDGE_LOOP('',(#1991,#1992,#1993,#1994));
#334=EDGE_LOOP('',(#1995,#1996,#1997,#1998));
#335=EDGE_LOOP('',(#1999,#2000,#2001,#2002));
#336=EDGE_LOOP('',(#2003,#2004,#2005,#2006));
#337=EDGE_LOOP('',(#2007,#2008,#2009,#2010));
#338=EDGE_LOOP('',(#2011,#2012,#2013,#2014));
#339=EDGE_LOOP('',(#2015,#2016,#2017,#2018));
#340=EDGE_LOOP('',(#2019,#2020,#2021,#2022,#2023,#2024,#2025,#2026));
#341=EDGE_LOOP('',(#2027,#2028,#2029,#2030));
#342=EDGE_LOOP('',(#2031,#2032,#2033,#2034));
#343=EDGE_LOOP('',(#2035,#2036,#2037,#2038));
#344=EDGE_LOOP('',(#2039,#2040,#2041,#2042));
#345=EDGE_LOOP('',(#2043,#2044,#2045,#2046));
#346=EDGE_LOOP('',(#2047,#2048,#2049,#2050,#2051,#2052,#2053,#2054));
#347=EDGE_LOOP('',(#2055,#2056,#2057,#2058));
#348=EDGE_LOOP('',(#2059,#2060,#2061,#2062));
#349=EDGE_LOOP('',(#2063,#2064,#2065,#2066));
#350=EDGE_LOOP('',(#2067,#2068,#2069,#2070));
#351=EDGE_LOOP('',(#2071,#2072,#2073,#2074));
#352=EDGE_LOOP('',(#2075,#2076,#2077,#2078,#2079,#2080,#2081,#2082,#2083,
#2084,#2085,#2086,#2087,#2088,#2089,#2090));
#353=EDGE_LOOP('',(#2091,#2092,#2093,#2094,#2095,#2096,#2097,#2098));
#354=EDGE_LOOP('',(#2099,#2100,#2101,#2102,#2103,#2104,#2105,#2106,#2107,
#2108,#2109,#2110,#2111));
#355=EDGE_LOOP('',(#2112,#2113,#2114,#2115));
#356=EDGE_LOOP('',(#2116,#2117,#2118,#2119));
#357=EDGE_LOOP('',(#2120,#2121,#2122,#2123));
#358=EDGE_LOOP('',(#2124,#2125,#2126,#2127));
#359=EDGE_LOOP('',(#2128,#2129,#2130,#2131,#2132,#2133,#2134,#2135,#2136,
#2137,#2138,#2139,#2140,#2141));
#360=EDGE_LOOP('',(#2142,#2143,#2144,#2145,#2146,#2147,#2148,#2149));
#361=EDGE_LOOP('',(#2150,#2151,#2152,#2153,#2154,#2155,#2156,#2157,#2158,
#2159,#2160,#2161,#2162));
#362=EDGE_LOOP('',(#2163,#2164,#2165,#2166));
#363=EDGE_LOOP('',(#2167,#2168,#2169,#2170));
#364=EDGE_LOOP('',(#2171,#2172,#2173,#2174));
#365=EDGE_LOOP('',(#2175,#2176,#2177,#2178));
#366=EDGE_LOOP('',(#2179,#2180,#2181,#2182));
#367=LINE('',#3230,#667);
#368=LINE('',#3232,#668);
#369=LINE('',#3234,#669);
#370=LINE('',#3235,#670);
#371=LINE('',#3238,#671);
#372=LINE('',#3240,#672);
#373=LINE('',#3241,#673);
#374=LINE('',#3244,#674);
#375=LINE('',#3245,#675);
#376=LINE('',#3248,#676);
#377=LINE('',#3249,#677);
#378=LINE('',#3251,#678);
#379=LINE('',#3255,#679);
#380=LINE('',#3257,#680);
#381=LINE('',#3259,#681);
#382=LINE('',#3260,#682);
#383=LINE('',#3263,#683);
#384=LINE('',#3265,#684);
#385=LINE('',#3266,#685);
#386=LINE('',#3269,#686);
#387=LINE('',#3270,#687);
#388=LINE('',#3273,#688);
#389=LINE('',#3274,#689);
#390=LINE('',#3276,#690);
#391=LINE('',#3280,#691);
#392=LINE('',#3282,#692);
#393=LINE('',#3284,#693);
#394=LINE('',#3285,#694);
#395=LINE('',#3288,#695);
#396=LINE('',#3290,#696);
#397=LINE('',#3291,#697);
#398=LINE('',#3294,#698);
#399=LINE('',#3295,#699);
#400=LINE('',#3298,#700);
#401=LINE('',#3299,#701);
#402=LINE('',#3301,#702);
#403=LINE('',#3305,#703);
#404=LINE('',#3307,#704);
#405=LINE('',#3309,#705);
#406=LINE('',#3310,#706);
#407=LINE('',#3313,#707);
#408=LINE('',#3315,#708);
#409=LINE('',#3316,#709);
#410=LINE('',#3319,#710);
#411=LINE('',#3320,#711);
#412=LINE('',#3323,#712);
#413=LINE('',#3324,#713);
#414=LINE('',#3326,#714);
#415=LINE('',#3330,#715);
#416=LINE('',#3332,#716);
#417=LINE('',#3334,#717);
#418=LINE('',#3335,#718);
#419=LINE('',#3338,#719);
#420=LINE('',#3340,#720);
#421=LINE('',#3341,#721);
#422=LINE('',#3344,#722);
#423=LINE('',#3345,#723);
#424=LINE('',#3348,#724);
#425=LINE('',#3349,#725);
#426=LINE('',#3351,#726);
#427=LINE('',#3355,#727);
#428=LINE('',#3357,#728);
#429=LINE('',#3359,#729);
#430=LINE('',#3360,#730);
#431=LINE('',#3363,#731);
#432=LINE('',#3365,#732);
#433=LINE('',#3366,#733);
#434=LINE('',#3369,#734);
#435=LINE('',#3370,#735);
#436=LINE('',#3373,#736);
#437=LINE('',#3374,#737);
#438=LINE('',#3376,#738);
#439=LINE('',#3380,#739);
#440=LINE('',#3385,#740);
#441=LINE('',#3388,#741);
#442=LINE('',#3389,#742);
#443=LINE('',#3393,#743);
#444=LINE('',#3398,#744);
#445=LINE('',#3401,#745);
#446=LINE('',#3402,#746);
#447=LINE('',#3406,#747);
#448=LINE('',#3411,#748);
#449=LINE('',#3414,#749);
#450=LINE('',#3415,#750);
#451=LINE('',#3419,#751);
#452=LINE('',#3424,#752);
#453=LINE('',#3427,#753);
#454=LINE('',#3428,#754);
#455=LINE('',#3432,#755);
#456=LINE('',#3434,#756);
#457=LINE('',#3436,#757);
#458=LINE('',#3437,#758);
#459=LINE('',#3441,#759);
#460=LINE('',#3443,#760);
#461=LINE('',#3445,#761);
#462=LINE('',#3446,#762);
#463=LINE('',#3450,#763);
#464=LINE('',#3452,#764);
#465=LINE('',#3454,#765);
#466=LINE('',#3455,#766);
#467=LINE('',#3459,#767);
#468=LINE('',#3461,#768);
#469=LINE('',#3463,#769);
#470=LINE('',#3464,#770);
#471=LINE('',#3468,#771);
#472=LINE('',#3470,#772);
#473=LINE('',#3472,#773);
#474=LINE('',#3474,#774);
#475=LINE('',#3476,#775);
#476=LINE('',#3478,#776);
#477=LINE('',#3480,#777);
#478=LINE('',#3482,#778);
#479=LINE('',#3484,#779);
#480=LINE('',#3486,#780);
#481=LINE('',#3488,#781);
#482=LINE('',#3490,#782);
#483=LINE('',#3492,#783);
#484=LINE('',#3494,#784);
#485=LINE('',#3496,#785);
#486=LINE('',#3498,#786);
#487=LINE('',#3500,#787);
#488=LINE('',#3502,#788);
#489=LINE('',#3504,#789);
#490=LINE('',#3506,#790);
#491=LINE('',#3508,#791);
#492=LINE('',#3510,#792);
#493=LINE('',#3512,#793);
#494=LINE('',#3514,#794);
#495=LINE('',#3516,#795);
#496=LINE('',#3518,#796);
#497=LINE('',#3520,#797);
#498=LINE('',#3522,#798);
#499=LINE('',#3524,#799);
#500=LINE('',#3526,#800);
#501=LINE('',#3528,#801);
#502=LINE('',#3530,#802);
#503=LINE('',#3532,#803);
#504=LINE('',#3534,#804);
#505=LINE('',#3536,#805);
#506=LINE('',#3537,#806);
#507=LINE('',#3541,#807);
#508=LINE('',#3543,#808);
#509=LINE('',#3545,#809);
#510=LINE('',#3546,#810);
#511=LINE('',#3550,#811);
#512=LINE('',#3552,#812);
#513=LINE('',#3554,#813);
#514=LINE('',#3556,#814);
#515=LINE('',#3558,#815);
#516=LINE('',#3560,#816);
#517=LINE('',#3562,#817);
#518=LINE('',#3563,#818);
#519=LINE('',#3566,#819);
#520=LINE('',#3568,#820);
#521=LINE('',#3570,#821);
#522=LINE('',#3572,#822);
#523=LINE('',#3574,#823);
#524=LINE('',#3576,#824);
#525=LINE('',#3577,#825);
#526=LINE('',#3580,#826);
#527=LINE('',#3582,#827);
#528=LINE('',#3583,#828);
#529=LINE('',#3586,#829);
#530=LINE('',#3588,#830);
#531=LINE('',#3590,#831);
#532=LINE('',#3592,#832);
#533=LINE('',#3594,#833);
#534=LINE('',#3596,#834);
#535=LINE('',#3597,#835);
#536=LINE('',#3599,#836);
#537=LINE('',#3601,#837);
#538=LINE('',#3603,#838);
#539=LINE('',#3605,#839);
#540=LINE('',#3607,#840);
#541=LINE('',#3608,#841);
#542=LINE('',#3610,#842);
#543=LINE('',#3611,#843);
#544=LINE('',#3614,#844);
#545=LINE('',#3615,#845);
#546=LINE('',#3618,#846);
#547=LINE('',#3619,#847);
#548=LINE('',#3621,#848);
#549=LINE('',#3622,#849);
#550=LINE('',#3625,#850);
#551=LINE('',#3626,#851);
#552=LINE('',#3629,#852);
#553=LINE('',#3630,#853);
#554=LINE('',#3633,#854);
#555=LINE('',#3635,#855);
#556=LINE('',#3636,#856);
#557=LINE('',#3638,#857);
#558=LINE('',#3639,#858);
#559=LINE('',#3642,#859);
#560=LINE('',#3643,#860);
#561=LINE('',#3646,#861);
#562=LINE('',#3647,#862);
#563=LINE('',#3649,#863);
#564=LINE('',#3650,#864);
#565=LINE('',#3652,#865);
#566=LINE('',#3654,#866);
#567=LINE('',#3658,#867);
#568=LINE('',#3660,#868);
#569=LINE('',#3663,#869);
#570=LINE('',#3669,#870);
#571=LINE('',#3671,#871);
#572=LINE('',#3673,#872);
#573=LINE('',#3680,#873);
#574=LINE('',#3684,#874);
#575=LINE('',#3685,#875);
#576=LINE('',#3691,#876);
#577=LINE('',#3695,#877);
#578=LINE('',#3696,#878);
#579=LINE('',#3701,#879);
#580=LINE('',#3703,#880);
#581=LINE('',#3704,#881);
#582=LINE('',#3706,#882);
#583=LINE('',#3707,#883);
#584=LINE('',#3709,#884);
#585=LINE('',#3711,#885);
#586=LINE('',#3713,#886);
#587=LINE('',#3714,#887);
#588=LINE('',#3716,#888);
#589=LINE('',#3719,#889);
#590=LINE('',#3720,#890);
#591=LINE('',#3722,#891);
#592=LINE('',#3725,#892);
#593=LINE('',#3726,#893);
#594=LINE('',#3728,#894);
#595=LINE('',#3737,#895);
#596=LINE('',#3746,#896);
#597=LINE('',#3755,#897);
#598=LINE('',#3764,#898);
#599=LINE('',#3767,#899);
#600=LINE('',#3769,#900);
#601=LINE('',#3771,#901);
#602=LINE('',#3773,#902);
#603=LINE('',#3776,#903);
#604=LINE('',#3778,#904);
#605=LINE('',#3779,#905);
#606=LINE('',#3783,#906);
#607=LINE('',#3786,#907);
#608=LINE('',#3789,#908);
#609=LINE('',#3792,#909);
#610=LINE('',#3794,#910);
#611=LINE('',#3795,#911);
#612=LINE('',#3799,#912);
#613=LINE('',#3801,#913);
#614=LINE('',#3802,#914);
#615=LINE('',#3803,#915);
#616=LINE('',#3807,#916);
#617=LINE('',#3810,#917);
#618=LINE('',#3813,#918);
#619=LINE('',#3816,#919);
#620=LINE('',#3817,#920);
#621=LINE('',#3819,#921);
#622=LINE('',#3821,#922);
#623=LINE('',#3822,#923);
#624=LINE('',#3823,#924);
#625=LINE('',#3825,#925);
#626=LINE('',#3826,#926);
#627=LINE('',#3829,#927);
#628=LINE('',#3830,#928);
#629=LINE('',#3833,#929);
#630=LINE('',#3835,#930);
#631=LINE('',#3836,#931);
#632=LINE('',#3838,#932);
#633=LINE('',#3839,#933);
#634=LINE('',#3841,#934);
#635=LINE('',#3843,#935);
#636=LINE('',#3847,#936);
#637=LINE('',#3848,#937);
#638=LINE('',#3851,#938);
#639=LINE('',#3853,#939);
#640=LINE('',#3854,#940);
#641=LINE('',#3856,#941);
#642=LINE('',#3857,#942);
#643=LINE('',#3859,#943);
#644=LINE('',#3861,#944);
#645=LINE('',#3865,#945);
#646=LINE('',#3866,#946);
#647=LINE('',#3868,#947);
#648=LINE('',#3870,#948);
#649=LINE('',#3871,#949);
#650=LINE('',#3874,#950);
#651=LINE('',#3876,#951);
#652=LINE('',#3877,#952);
#653=LINE('',#3878,#953);
#654=LINE('',#3880,#954);
#655=LINE('',#3882,#955);
#656=LINE('',#3884,#956);
#657=LINE('',#3888,#957);
#658=LINE('',#3889,#958);
#659=LINE('',#3893,#959);
#660=LINE('',#3895,#960);
#661=LINE('',#3896,#961);
#662=LINE('',#3897,#962);
#663=LINE('',#3898,#963);
#664=LINE('',#3901,#964);
#665=LINE('',#3903,#965);
#666=LINE('',#3905,#966);
#667=VECTOR('',#2605,10.);
#668=VECTOR('',#2606,10.);
#669=VECTOR('',#2607,10.);
#670=VECTOR('',#2608,10.);
#671=VECTOR('',#2611,10.);
#672=VECTOR('',#2612,10.);
#673=VECTOR('',#2613,10.);
#674=VECTOR('',#2616,10.);
#675=VECTOR('',#2617,10.);
#676=VECTOR('',#2620,10.);
#677=VECTOR('',#2621,10.);
#678=VECTOR('',#2624,10.);
#679=VECTOR('',#2627,10.);
#680=VECTOR('',#2628,10.);
#681=VECTOR('',#2629,10.);
#682=VECTOR('',#2630,10.);
#683=VECTOR('',#2633,10.);
#684=VECTOR('',#2634,10.);
#685=VECTOR('',#2635,10.);
#686=VECTOR('',#2638,10.);
#687=VECTOR('',#2639,10.);
#688=VECTOR('',#2642,10.);
#689=VECTOR('',#2643,10.);
#690=VECTOR('',#2646,10.);
#691=VECTOR('',#2649,10.);
#692=VECTOR('',#2650,10.);
#693=VECTOR('',#2651,10.);
#694=VECTOR('',#2652,10.);
#695=VECTOR('',#2655,10.);
#696=VECTOR('',#2656,10.);
#697=VECTOR('',#2657,10.);
#698=VECTOR('',#2660,10.);
#699=VECTOR('',#2661,10.);
#700=VECTOR('',#2664,10.);
#701=VECTOR('',#2665,10.);
#702=VECTOR('',#2668,10.);
#703=VECTOR('',#2671,10.);
#704=VECTOR('',#2672,10.);
#705=VECTOR('',#2673,10.);
#706=VECTOR('',#2674,10.);
#707=VECTOR('',#2677,10.);
#708=VECTOR('',#2678,10.);
#709=VECTOR('',#2679,10.);
#710=VECTOR('',#2682,10.);
#711=VECTOR('',#2683,10.);
#712=VECTOR('',#2686,10.);
#713=VECTOR('',#2687,10.);
#714=VECTOR('',#2690,10.);
#715=VECTOR('',#2693,10.);
#716=VECTOR('',#2694,10.);
#717=VECTOR('',#2695,10.);
#718=VECTOR('',#2696,10.);
#719=VECTOR('',#2699,10.);
#720=VECTOR('',#2700,10.);
#721=VECTOR('',#2701,10.);
#722=VECTOR('',#2704,10.);
#723=VECTOR('',#2705,10.);
#724=VECTOR('',#2708,10.);
#725=VECTOR('',#2709,10.);
#726=VECTOR('',#2712,10.);
#727=VECTOR('',#2715,10.);
#728=VECTOR('',#2716,10.);
#729=VECTOR('',#2717,10.);
#730=VECTOR('',#2718,10.);
#731=VECTOR('',#2721,10.);
#732=VECTOR('',#2722,10.);
#733=VECTOR('',#2723,10.);
#734=VECTOR('',#2726,10.);
#735=VECTOR('',#2727,10.);
#736=VECTOR('',#2730,10.);
#737=VECTOR('',#2731,10.);
#738=VECTOR('',#2734,10.);
#739=VECTOR('',#2737,10.);
#740=VECTOR('',#2742,10.);
#741=VECTOR('',#2747,10.);
#742=VECTOR('',#2748,10.);
#743=VECTOR('',#2751,10.);
#744=VECTOR('',#2756,10.);
#745=VECTOR('',#2761,10.);
#746=VECTOR('',#2762,10.);
#747=VECTOR('',#2765,10.);
#748=VECTOR('',#2770,10.);
#749=VECTOR('',#2775,10.);
#750=VECTOR('',#2776,10.);
#751=VECTOR('',#2779,10.);
#752=VECTOR('',#2784,10.);
#753=VECTOR('',#2789,10.);
#754=VECTOR('',#2790,10.);
#755=VECTOR('',#2793,10.);
#756=VECTOR('',#2794,10.);
#757=VECTOR('',#2795,10.);
#758=VECTOR('',#2796,10.);
#759=VECTOR('',#2799,10.);
#760=VECTOR('',#2800,10.);
#761=VECTOR('',#2801,10.);
#762=VECTOR('',#2802,10.);
#763=VECTOR('',#2805,10.);
#764=VECTOR('',#2806,10.);
#765=VECTOR('',#2807,10.);
#766=VECTOR('',#2808,10.);
#767=VECTOR('',#2811,10.);
#768=VECTOR('',#2812,10.);
#769=VECTOR('',#2813,10.);
#770=VECTOR('',#2814,10.);
#771=VECTOR('',#2817,10.);
#772=VECTOR('',#2818,10.);
#773=VECTOR('',#2819,10.);
#774=VECTOR('',#2820,10.);
#775=VECTOR('',#2821,10.);
#776=VECTOR('',#2822,10.);
#777=VECTOR('',#2823,10.);
#778=VECTOR('',#2824,10.);
#779=VECTOR('',#2825,10.);
#780=VECTOR('',#2826,10.);
#781=VECTOR('',#2827,10.);
#782=VECTOR('',#2828,10.);
#783=VECTOR('',#2829,10.);
#784=VECTOR('',#2830,10.);
#785=VECTOR('',#2831,10.);
#786=VECTOR('',#2832,10.);
#787=VECTOR('',#2833,10.);
#788=VECTOR('',#2834,10.);
#789=VECTOR('',#2835,10.);
#790=VECTOR('',#2836,10.);
#791=VECTOR('',#2837,10.);
#792=VECTOR('',#2838,10.);
#793=VECTOR('',#2839,10.);
#794=VECTOR('',#2840,10.);
#795=VECTOR('',#2841,10.);
#796=VECTOR('',#2842,10.);
#797=VECTOR('',#2843,10.);
#798=VECTOR('',#2844,10.);
#799=VECTOR('',#2845,10.);
#800=VECTOR('',#2846,10.);
#801=VECTOR('',#2847,10.);
#802=VECTOR('',#2848,10.);
#803=VECTOR('',#2849,10.);
#804=VECTOR('',#2850,10.);
#805=VECTOR('',#2851,10.);
#806=VECTOR('',#2852,10.);
#807=VECTOR('',#2855,10.);
#808=VECTOR('',#2856,10.);
#809=VECTOR('',#2857,10.);
#810=VECTOR('',#2858,10.);
#811=VECTOR('',#2861,10.);
#812=VECTOR('',#2862,10.);
#813=VECTOR('',#2863,10.);
#814=VECTOR('',#2864,10.);
#815=VECTOR('',#2865,10.);
#816=VECTOR('',#2866,10.);
#817=VECTOR('',#2867,10.);
#818=VECTOR('',#2868,10.);
#819=VECTOR('',#2871,10.);
#820=VECTOR('',#2872,10.);
#821=VECTOR('',#2873,10.);
#822=VECTOR('',#2874,10.);
#823=VECTOR('',#2875,10.);
#824=VECTOR('',#2876,10.);
#825=VECTOR('',#2877,10.);
#826=VECTOR('',#2880,10.);
#827=VECTOR('',#2881,10.);
#828=VECTOR('',#2882,10.);
#829=VECTOR('',#2885,10.);
#830=VECTOR('',#2886,10.);
#831=VECTOR('',#2887,10.);
#832=VECTOR('',#2888,10.);
#833=VECTOR('',#2889,10.);
#834=VECTOR('',#2890,10.);
#835=VECTOR('',#2891,10.);
#836=VECTOR('',#2894,10.);
#837=VECTOR('',#2895,10.);
#838=VECTOR('',#2896,10.);
#839=VECTOR('',#2897,10.);
#840=VECTOR('',#2898,10.);
#841=VECTOR('',#2899,10.);
#842=VECTOR('',#2902,10.);
#843=VECTOR('',#2903,10.);
#844=VECTOR('',#2906,10.);
#845=VECTOR('',#2907,10.);
#846=VECTOR('',#2910,10.);
#847=VECTOR('',#2911,10.);
#848=VECTOR('',#2914,10.);
#849=VECTOR('',#2915,10.);
#850=VECTOR('',#2918,10.);
#851=VECTOR('',#2919,10.);
#852=VECTOR('',#2922,10.);
#853=VECTOR('',#2923,10.);
#854=VECTOR('',#2926,10.);
#855=VECTOR('',#2927,10.);
#856=VECTOR('',#2928,10.);
#857=VECTOR('',#2931,10.);
#858=VECTOR('',#2932,10.);
#859=VECTOR('',#2935,10.);
#860=VECTOR('',#2936,10.);
#861=VECTOR('',#2939,10.);
#862=VECTOR('',#2940,10.);
#863=VECTOR('',#2943,10.);
#864=VECTOR('',#2944,10.);
#865=VECTOR('',#2947,10.);
#866=VECTOR('',#2950,10.);
#867=VECTOR('',#2953,10.);
#868=VECTOR('',#2954,10.);
#869=VECTOR('',#2957,10.);
#870=VECTOR('',#2962,10.);
#871=VECTOR('',#2963,10.);
#872=VECTOR('',#2964,10.);
#873=VECTOR('',#2971,10.);
#874=VECTOR('',#2974,10.);
#875=VECTOR('',#2975,10.);
#876=VECTOR('',#2980,10.);
#877=VECTOR('',#2983,10.);
#878=VECTOR('',#2984,10.);
#879=VECTOR('',#2989,10.);
#880=VECTOR('',#2990,10.);
#881=VECTOR('',#2991,10.);
#882=VECTOR('',#2994,10.);
#883=VECTOR('',#2995,10.);
#884=VECTOR('',#2998,10.);
#885=VECTOR('',#3001,10.);
#886=VECTOR('',#3004,10.);
#887=VECTOR('',#3005,10.);
#888=VECTOR('',#3008,10.);
#889=VECTOR('',#3013,10.);
#890=VECTOR('',#3014,10.);
#891=VECTOR('',#3017,10.);
#892=VECTOR('',#3022,10.);
#893=VECTOR('',#3023,10.);
#894=VECTOR('',#3026,10.);
#895=VECTOR('',#3037,2.65000000000001);
#896=VECTOR('',#3048,2.65);
#897=VECTOR('',#3059,2.65000000000001);
#898=VECTOR('',#3070,2.65);
#899=VECTOR('',#3075,1.40000000000001);
#900=VECTOR('',#3078,1.4);
#901=VECTOR('',#3081,1.4);
#902=VECTOR('',#3084,1.40000000000001);
#903=VECTOR('',#3087,10.);
#904=VECTOR('',#3088,10.);
#905=VECTOR('',#3089,10.);
#906=VECTOR('',#3094,10.);
#907=VECTOR('',#3097,10.);
#908=VECTOR('',#3100,10.);
#909=VECTOR('',#3103,10.);
#910=VECTOR('',#3104,10.);
#911=VECTOR('',#3105,10.);
#912=VECTOR('',#3108,10.);
#913=VECTOR('',#3109,10.);
#914=VECTOR('',#3110,10.);
#915=VECTOR('',#3111,10.);
#916=VECTOR('',#3116,10.);
#917=VECTOR('',#3119,10.);
#918=VECTOR('',#3122,10.);
#919=VECTOR('',#3125,10.);
#920=VECTOR('',#3126,10.);
#921=VECTOR('',#3129,10.);
#922=VECTOR('',#3130,10.);
#923=VECTOR('',#3131,10.);
#924=VECTOR('',#3132,10.);
#925=VECTOR('',#3133,10.);
#926=VECTOR('',#3134,10.);
#927=VECTOR('',#3137,10.);
#928=VECTOR('',#3138,10.);
#929=VECTOR('',#3141,10.);
#930=VECTOR('',#3142,10.);
#931=VECTOR('',#3143,10.);
#932=VECTOR('',#3144,10.);
#933=VECTOR('',#3145,10.);
#934=VECTOR('',#3148,10.);
#935=VECTOR('',#3151,10.);
#936=VECTOR('',#3156,10.);
#937=VECTOR('',#3157,10.);
#938=VECTOR('',#3160,10.);
#939=VECTOR('',#3161,10.);
#940=VECTOR('',#3162,10.);
#941=VECTOR('',#3163,10.);
#942=VECTOR('',#3164,10.);
#943=VECTOR('',#3167,10.);
#944=VECTOR('',#3170,10.);
#945=VECTOR('',#3175,10.);
#946=VECTOR('',#3176,10.);
#947=VECTOR('',#3179,10.);
#948=VECTOR('',#3180,10.);
#949=VECTOR('',#3181,10.);
#950=VECTOR('',#3184,10.);
#951=VECTOR('',#3185,10.);
#952=VECTOR('',#3186,10.);
#953=VECTOR('',#3187,10.);
#954=VECTOR('',#3190,10.);
#955=VECTOR('',#3193,10.);
#956=VECTOR('',#3196,10.);
#957=VECTOR('',#3201,10.);
#958=VECTOR('',#3202,10.);
#959=VECTOR('',#3205,10.);
#960=VECTOR('',#3206,10.);
#961=VECTOR('',#3207,10.);
#962=VECTOR('',#3208,10.);
#963=VECTOR('',#3209,10.);
#964=VECTOR('',#3214,10.);
#965=VECTOR('',#3217,10.);
#966=VECTOR('',#3220,10.);
#967=VERTEX_POINT('',#3228);
#968=VERTEX_POINT('',#3229);
#969=VERTEX_POINT('',#3231);
#970=VERTEX_POINT('',#3233);
#971=VERTEX_POINT('',#3237);
#972=VERTEX_POINT('',#3239);
#973=VERTEX_POINT('',#3243);
#974=VERTEX_POINT('',#3247);
#975=VERTEX_POINT('',#3253);
#976=VERTEX_POINT('',#3254);
#977=VERTEX_POINT('',#3256);
#978=VERTEX_POINT('',#3258);
#979=VERTEX_POINT('',#3262);
#980=VERTEX_POINT('',#3264);
#981=VERTEX_POINT('',#3268);
#982=VERTEX_POINT('',#3272);
#983=VERTEX_POINT('',#3278);
#984=VERTEX_POINT('',#3279);
#985=VERTEX_POINT('',#3281);
#986=VERTEX_POINT('',#3283);
#987=VERTEX_POINT('',#3287);
#988=VERTEX_POINT('',#3289);
#989=VERTEX_POINT('',#3293);
#990=VERTEX_POINT('',#3297);
#991=VERTEX_POINT('',#3303);
#992=VERTEX_POINT('',#3304);
#993=VERTEX_POINT('',#3306);
#994=VERTEX_POINT('',#3308);
#995=VERTEX_POINT('',#3312);
#996=VERTEX_POINT('',#3314);
#997=VERTEX_POINT('',#3318);
#998=VERTEX_POINT('',#3322);
#999=VERTEX_POINT('',#3328);
#1000=VERTEX_POINT('',#3329);
#1001=VERTEX_POINT('',#3331);
#1002=VERTEX_POINT('',#3333);
#1003=VERTEX_POINT('',#3337);
#1004=VERTEX_POINT('',#3339);
#1005=VERTEX_POINT('',#3343);
#1006=VERTEX_POINT('',#3347);
#1007=VERTEX_POINT('',#3353);
#1008=VERTEX_POINT('',#3354);
#1009=VERTEX_POINT('',#3356);
#1010=VERTEX_POINT('',#3358);
#1011=VERTEX_POINT('',#3362);
#1012=VERTEX_POINT('',#3364);
#1013=VERTEX_POINT('',#3368);
#1014=VERTEX_POINT('',#3372);
#1015=VERTEX_POINT('',#3378);
#1016=VERTEX_POINT('',#3379);
#1017=VERTEX_POINT('',#3383);
#1018=VERTEX_POINT('',#3384);
#1019=VERTEX_POINT('',#3391);
#1020=VERTEX_POINT('',#3392);
#1021=VERTEX_POINT('',#3396);
#1022=VERTEX_POINT('',#3397);
#1023=VERTEX_POINT('',#3404);
#1024=VERTEX_POINT('',#3405);
#1025=VERTEX_POINT('',#3409);
#1026=VERTEX_POINT('',#3410);
#1027=VERTEX_POINT('',#3417);
#1028=VERTEX_POINT('',#3418);
#1029=VERTEX_POINT('',#3422);
#1030=VERTEX_POINT('',#3423);
#1031=VERTEX_POINT('',#3430);
#1032=VERTEX_POINT('',#3431);
#1033=VERTEX_POINT('',#3433);
#1034=VERTEX_POINT('',#3435);
#1035=VERTEX_POINT('',#3439);
#1036=VERTEX_POINT('',#3440);
#1037=VERTEX_POINT('',#3442);
#1038=VERTEX_POINT('',#3444);
#1039=VERTEX_POINT('',#3448);
#1040=VERTEX_POINT('',#3449);
#1041=VERTEX_POINT('',#3451);
#1042=VERTEX_POINT('',#3453);
#1043=VERTEX_POINT('',#3457);
#1044=VERTEX_POINT('',#3458);
#1045=VERTEX_POINT('',#3460);
#1046=VERTEX_POINT('',#3462);
#1047=VERTEX_POINT('',#3466);
#1048=VERTEX_POINT('',#3467);
#1049=VERTEX_POINT('',#3469);
#1050=VERTEX_POINT('',#3471);
#1051=VERTEX_POINT('',#3473);
#1052=VERTEX_POINT('',#3475);
#1053=VERTEX_POINT('',#3477);
#1054=VERTEX_POINT('',#3479);
#1055=VERTEX_POINT('',#3481);
#1056=VERTEX_POINT('',#3483);
#1057=VERTEX_POINT('',#3485);
#1058=VERTEX_POINT('',#3487);
#1059=VERTEX_POINT('',#3489);
#1060=VERTEX_POINT('',#3491);
#1061=VERTEX_POINT('',#3493);
#1062=VERTEX_POINT('',#3495);
#1063=VERTEX_POINT('',#3497);
#1064=VERTEX_POINT('',#3499);
#1065=VERTEX_POINT('',#3501);
#1066=VERTEX_POINT('',#3503);
#1067=VERTEX_POINT('',#3505);
#1068=VERTEX_POINT('',#3507);
#1069=VERTEX_POINT('',#3509);
#1070=VERTEX_POINT('',#3511);
#1071=VERTEX_POINT('',#3513);
#1072=VERTEX_POINT('',#3515);
#1073=VERTEX_POINT('',#3517);
#1074=VERTEX_POINT('',#3519);
#1075=VERTEX_POINT('',#3521);
#1076=VERTEX_POINT('',#3523);
#1077=VERTEX_POINT('',#3525);
#1078=VERTEX_POINT('',#3527);
#1079=VERTEX_POINT('',#3529);
#1080=VERTEX_POINT('',#3531);
#1081=VERTEX_POINT('',#3533);
#1082=VERTEX_POINT('',#3535);
#1083=VERTEX_POINT('',#3539);
#1084=VERTEX_POINT('',#3540);
#1085=VERTEX_POINT('',#3542);
#1086=VERTEX_POINT('',#3544);
#1087=VERTEX_POINT('',#3548);
#1088=VERTEX_POINT('',#3549);
#1089=VERTEX_POINT('',#3551);
#1090=VERTEX_POINT('',#3553);
#1091=VERTEX_POINT('',#3555);
#1092=VERTEX_POINT('',#3557);
#1093=VERTEX_POINT('',#3559);
#1094=VERTEX_POINT('',#3561);
#1095=VERTEX_POINT('',#3565);
#1096=VERTEX_POINT('',#3567);
#1097=VERTEX_POINT('',#3569);
#1098=VERTEX_POINT('',#3571);
#1099=VERTEX_POINT('',#3573);
#1100=VERTEX_POINT('',#3575);
#1101=VERTEX_POINT('',#3579);
#1102=VERTEX_POINT('',#3581);
#1103=VERTEX_POINT('',#3585);
#1104=VERTEX_POINT('',#3587);
#1105=VERTEX_POINT('',#3589);
#1106=VERTEX_POINT('',#3591);
#1107=VERTEX_POINT('',#3593);
#1108=VERTEX_POINT('',#3595);
#1109=VERTEX_POINT('',#3600);
#1110=VERTEX_POINT('',#3602);
#1111=VERTEX_POINT('',#3604);
#1112=VERTEX_POINT('',#3606);
#1113=VERTEX_POINT('',#3613);
#1114=VERTEX_POINT('',#3617);
#1115=VERTEX_POINT('',#3624);
#1116=VERTEX_POINT('',#3628);
#1117=VERTEX_POINT('',#3632);
#1118=VERTEX_POINT('',#3634);
#1119=VERTEX_POINT('',#3641);
#1120=VERTEX_POINT('',#3645);
#1121=VERTEX_POINT('',#3656);
#1122=VERTEX_POINT('',#3657);
#1123=VERTEX_POINT('',#3659);
#1124=VERTEX_POINT('',#3661);
#1125=VERTEX_POINT('',#3664);
#1126=VERTEX_POINT('',#3667);
#1127=VERTEX_POINT('',#3668);
#1128=VERTEX_POINT('',#3670);
#1129=VERTEX_POINT('',#3672);
#1130=VERTEX_POINT('',#3675);
#1131=VERTEX_POINT('',#3678);
#1132=VERTEX_POINT('',#3679);
#1133=VERTEX_POINT('',#3681);
#1134=VERTEX_POINT('',#3683);
#1135=VERTEX_POINT('',#3686);
#1136=VERTEX_POINT('',#3689);
#1137=VERTEX_POINT('',#3690);
#1138=VERTEX_POINT('',#3692);
#1139=VERTEX_POINT('',#3694);
#1140=VERTEX_POINT('',#3697);
#1141=VERTEX_POINT('',#3700);
#1142=VERTEX_POINT('',#3702);
#1143=VERTEX_POINT('',#3731);
#1144=VERTEX_POINT('',#3733);
#1145=VERTEX_POINT('',#3736);
#1146=VERTEX_POINT('',#3740);
#1147=VERTEX_POINT('',#3742);
#1148=VERTEX_POINT('',#3745);
#1149=VERTEX_POINT('',#3749);
#1150=VERTEX_POINT('',#3751);
#1151=VERTEX_POINT('',#3754);
#1152=VERTEX_POINT('',#3758);
#1153=VERTEX_POINT('',#3760);
#1154=VERTEX_POINT('',#3763);
#1155=VERTEX_POINT('',#3775);
#1156=VERTEX_POINT('',#3777);
#1157=VERTEX_POINT('',#3781);
#1158=VERTEX_POINT('',#3785);
#1159=VERTEX_POINT('',#3787);
#1160=VERTEX_POINT('',#3791);
#1161=VERTEX_POINT('',#3793);
#1162=VERTEX_POINT('',#3797);
#1163=VERTEX_POINT('',#3798);
#1164=VERTEX_POINT('',#3800);
#1165=VERTEX_POINT('',#3805);
#1166=VERTEX_POINT('',#3809);
#1167=VERTEX_POINT('',#3811);
#1168=VERTEX_POINT('',#3815);
#1169=VERTEX_POINT('',#3820);
#1170=VERTEX_POINT('',#3824);
#1171=VERTEX_POINT('',#3828);
#1172=VERTEX_POINT('',#3832);
#1173=VERTEX_POINT('',#3834);
#1174=VERTEX_POINT('',#3837);
#1175=VERTEX_POINT('',#3846);
#1176=VERTEX_POINT('',#3850);
#1177=VERTEX_POINT('',#3852);
#1178=VERTEX_POINT('',#3855);
#1179=VERTEX_POINT('',#3864);
#1180=VERTEX_POINT('',#3869);
#1181=VERTEX_POINT('',#3873);
#1182=VERTEX_POINT('',#3875);
#1183=VERTEX_POINT('',#3887);
#1184=VERTEX_POINT('',#3891);
#1185=VERTEX_POINT('',#3892);
#1186=VERTEX_POINT('',#3894);
#1187=EDGE_CURVE('',#967,#968,#367,.T.);
#1188=EDGE_CURVE('',#968,#969,#368,.T.);
#1189=EDGE_CURVE('',#969,#970,#369,.T.);
#1190=EDGE_CURVE('',#970,#967,#370,.T.);
#1191=EDGE_CURVE('',#970,#971,#371,.T.);
#1192=EDGE_CURVE('',#972,#971,#372,.T.);
#1193=EDGE_CURVE('',#967,#972,#373,.T.);
#1194=EDGE_CURVE('',#973,#972,#374,.T.);
#1195=EDGE_CURVE('',#968,#973,#375,.T.);
#1196=EDGE_CURVE('',#969,#974,#376,.T.);
#1197=EDGE_CURVE('',#971,#974,#377,.T.);
#1198=EDGE_CURVE('',#974,#973,#378,.T.);
#1199=EDGE_CURVE('',#975,#976,#379,.T.);
#1200=EDGE_CURVE('',#976,#977,#380,.T.);
#1201=EDGE_CURVE('',#977,#978,#381,.T.);
#1202=EDGE_CURVE('',#978,#975,#382,.T.);
#1203=EDGE_CURVE('',#978,#979,#383,.T.);
#1204=EDGE_CURVE('',#980,#979,#384,.T.);
#1205=EDGE_CURVE('',#975,#980,#385,.T.);
#1206=EDGE_CURVE('',#981,#980,#386,.T.);
#1207=EDGE_CURVE('',#976,#981,#387,.T.);
#1208=EDGE_CURVE('',#977,#982,#388,.T.);
#1209=EDGE_CURVE('',#979,#982,#389,.T.);
#1210=EDGE_CURVE('',#982,#981,#390,.T.);
#1211=EDGE_CURVE('',#983,#984,#391,.T.);
#1212=EDGE_CURVE('',#984,#985,#392,.T.);
#1213=EDGE_CURVE('',#985,#986,#393,.T.);
#1214=EDGE_CURVE('',#986,#983,#394,.T.);
#1215=EDGE_CURVE('',#986,#987,#395,.T.);
#1216=EDGE_CURVE('',#988,#987,#396,.T.);
#1217=EDGE_CURVE('',#983,#988,#397,.T.);
#1218=EDGE_CURVE('',#989,#988,#398,.T.);
#1219=EDGE_CURVE('',#984,#989,#399,.T.);
#1220=EDGE_CURVE('',#985,#990,#400,.T.);
#1221=EDGE_CURVE('',#987,#990,#401,.T.);
#1222=EDGE_CURVE('',#990,#989,#402,.T.);
#1223=EDGE_CURVE('',#991,#992,#403,.T.);
#1224=EDGE_CURVE('',#992,#993,#404,.T.);
#1225=EDGE_CURVE('',#993,#994,#405,.T.);
#1226=EDGE_CURVE('',#994,#991,#406,.T.);
#1227=EDGE_CURVE('',#994,#995,#407,.T.);
#1228=EDGE_CURVE('',#996,#995,#408,.T.);
#1229=EDGE_CURVE('',#991,#996,#409,.T.);
#1230=EDGE_CURVE('',#997,#996,#410,.T.);
#1231=EDGE_CURVE('',#992,#997,#411,.T.);
#1232=EDGE_CURVE('',#993,#998,#412,.T.);
#1233=EDGE_CURVE('',#995,#998,#413,.T.);
#1234=EDGE_CURVE('',#998,#997,#414,.T.);
#1235=EDGE_CURVE('',#999,#1000,#415,.T.);
#1236=EDGE_CURVE('',#1000,#1001,#416,.T.);
#1237=EDGE_CURVE('',#1001,#1002,#417,.T.);
#1238=EDGE_CURVE('',#1002,#999,#418,.T.);
#1239=EDGE_CURVE('',#1002,#1003,#419,.T.);
#1240=EDGE_CURVE('',#1004,#1003,#420,.T.);
#1241=EDGE_CURVE('',#999,#1004,#421,.T.);
#1242=EDGE_CURVE('',#1005,#1004,#422,.T.);
#1243=EDGE_CURVE('',#1000,#1005,#423,.T.);
#1244=EDGE_CURVE('',#1001,#1006,#424,.T.);
#1245=EDGE_CURVE('',#1003,#1006,#425,.T.);
#1246=EDGE_CURVE('',#1006,#1005,#426,.T.);
#1247=EDGE_CURVE('',#1007,#1008,#427,.T.);
#1248=EDGE_CURVE('',#1008,#1009,#428,.T.);
#1249=EDGE_CURVE('',#1009,#1010,#429,.T.);
#1250=EDGE_CURVE('',#1010,#1007,#430,.T.);
#1251=EDGE_CURVE('',#1010,#1011,#431,.T.);
#1252=EDGE_CURVE('',#1012,#1011,#432,.T.);
#1253=EDGE_CURVE('',#1007,#1012,#433,.T.);
#1254=EDGE_CURVE('',#1013,#1012,#434,.T.);
#1255=EDGE_CURVE('',#1008,#1013,#435,.T.);
#1256=EDGE_CURVE('',#1009,#1014,#436,.T.);
#1257=EDGE_CURVE('',#1011,#1014,#437,.T.);
#1258=EDGE_CURVE('',#1014,#1013,#438,.T.);
#1259=EDGE_CURVE('',#1015,#1016,#439,.T.);
#1260=EDGE_CURVE('',#1016,#1015,#57,.T.);
#1261=EDGE_CURVE('',#1017,#1018,#440,.T.);
#1262=EDGE_CURVE('',#1017,#1018,#58,.T.);
#1263=EDGE_CURVE('',#1018,#1015,#441,.T.);
#1264=EDGE_CURVE('',#1016,#1017,#442,.T.);
#1265=EDGE_CURVE('',#1019,#1020,#443,.T.);
#1266=EDGE_CURVE('',#1020,#1019,#59,.T.);
#1267=EDGE_CURVE('',#1021,#1022,#444,.T.);
#1268=EDGE_CURVE('',#1021,#1022,#60,.T.);
#1269=EDGE_CURVE('',#1022,#1019,#445,.T.);
#1270=EDGE_CURVE('',#1020,#1021,#446,.T.);
#1271=EDGE_CURVE('',#1023,#1024,#447,.T.);
#1272=EDGE_CURVE('',#1024,#1023,#61,.T.);
#1273=EDGE_CURVE('',#1025,#1026,#448,.T.);
#1274=EDGE_CURVE('',#1025,#1026,#62,.T.);
#1275=EDGE_CURVE('',#1026,#1023,#449,.T.);
#1276=EDGE_CURVE('',#1024,#1025,#450,.T.);
#1277=EDGE_CURVE('',#1027,#1028,#451,.T.);
#1278=EDGE_CURVE('',#1028,#1027,#63,.T.);
#1279=EDGE_CURVE('',#1029,#1030,#452,.T.);
#1280=EDGE_CURVE('',#1029,#1030,#64,.T.);
#1281=EDGE_CURVE('',#1030,#1027,#453,.T.);
#1282=EDGE_CURVE('',#1028,#1029,#454,.T.);
#1283=EDGE_CURVE('',#1031,#1032,#455,.T.);
#1284=EDGE_CURVE('',#1032,#1033,#456,.T.);
#1285=EDGE_CURVE('',#1033,#1034,#457,.T.);
#1286=EDGE_CURVE('',#1031,#1034,#458,.T.);
#1287=EDGE_CURVE('',#1035,#1036,#459,.T.);
#1288=EDGE_CURVE('',#1036,#1037,#460,.T.);
#1289=EDGE_CURVE('',#1037,#1038,#461,.T.);
#1290=EDGE_CURVE('',#1035,#1038,#462,.T.);
#1291=EDGE_CURVE('',#1039,#1040,#463,.T.);
#1292=EDGE_CURVE('',#1040,#1041,#464,.T.);
#1293=EDGE_CURVE('',#1041,#1042,#465,.T.);
#1294=EDGE_CURVE('',#1039,#1042,#466,.T.);
#1295=EDGE_CURVE('',#1043,#1044,#467,.T.);
#1296=EDGE_CURVE('',#1044,#1045,#468,.T.);
#1297=EDGE_CURVE('',#1045,#1046,#469,.T.);
#1298=EDGE_CURVE('',#1043,#1046,#470,.T.);
#1299=EDGE_CURVE('',#1047,#1048,#471,.T.);
#1300=EDGE_CURVE('',#1049,#1048,#472,.T.);
#1301=EDGE_CURVE('',#1050,#1049,#473,.T.);
#1302=EDGE_CURVE('',#1051,#1050,#474,.T.);
#1303=EDGE_CURVE('',#1051,#1052,#475,.T.);
#1304=EDGE_CURVE('',#1052,#1053,#476,.T.);
#1305=EDGE_CURVE('',#1053,#1054,#477,.T.);
#1306=EDGE_CURVE('',#1054,#1055,#478,.T.);
#1307=EDGE_CURVE('',#1055,#1056,#479,.T.);
#1308=EDGE_CURVE('',#1056,#1057,#480,.T.);
#1309=EDGE_CURVE('',#1058,#1057,#481,.T.);
#1310=EDGE_CURVE('',#1059,#1058,#482,.T.);
#1311=EDGE_CURVE('',#1060,#1059,#483,.T.);
#1312=EDGE_CURVE('',#1060,#1061,#484,.T.);
#1313=EDGE_CURVE('',#1061,#1062,#485,.T.);
#1314=EDGE_CURVE('',#1062,#1063,#486,.T.);
#1315=EDGE_CURVE('',#1063,#1064,#487,.T.);
#1316=EDGE_CURVE('',#1064,#1065,#488,.T.);
#1317=EDGE_CURVE('',#1065,#1066,#489,.T.);
#1318=EDGE_CURVE('',#1067,#1066,#490,.T.);
#1319=EDGE_CURVE('',#1068,#1067,#491,.T.);
#1320=EDGE_CURVE('',#1069,#1068,#492,.T.);
#1321=EDGE_CURVE('',#1069,#1070,#493,.T.);
#1322=EDGE_CURVE('',#1070,#1071,#494,.T.);
#1323=EDGE_CURVE('',#1071,#1072,#495,.T.);
#1324=EDGE_CURVE('',#1072,#1073,#496,.T.);
#1325=EDGE_CURVE('',#1073,#1074,#497,.T.);
#1326=EDGE_CURVE('',#1074,#1075,#498,.T.);
#1327=EDGE_CURVE('',#1076,#1075,#499,.T.);
#1328=EDGE_CURVE('',#1077,#1076,#500,.T.);
#1329=EDGE_CURVE('',#1078,#1077,#501,.T.);
#1330=EDGE_CURVE('',#1078,#1079,#502,.T.);
#1331=EDGE_CURVE('',#1079,#1080,#503,.T.);
#1332=EDGE_CURVE('',#1080,#1081,#504,.T.);
#1333=EDGE_CURVE('',#1081,#1082,#505,.T.);
#1334=EDGE_CURVE('',#1082,#1047,#506,.T.);
#1335=EDGE_CURVE('',#1083,#1084,#507,.T.);
#1336=EDGE_CURVE('',#1084,#1085,#508,.T.);
#1337=EDGE_CURVE('',#1085,#1086,#509,.T.);
#1338=EDGE_CURVE('',#1083,#1086,#510,.T.);
#1339=EDGE_CURVE('',#1087,#1088,#511,.T.);
#1340=EDGE_CURVE('',#1089,#1087,#512,.T.);
#1341=EDGE_CURVE('',#1090,#1089,#513,.T.);
#1342=EDGE_CURVE('',#1091,#1090,#514,.T.);
#1343=EDGE_CURVE('',#1092,#1091,#515,.T.);
#1344=EDGE_CURVE('',#1093,#1092,#516,.T.);
#1345=EDGE_CURVE('',#1094,#1093,#517,.T.);
#1346=EDGE_CURVE('',#1088,#1094,#518,.T.);
#1347=EDGE_CURVE('',#1095,#1041,#519,.T.);
#1348=EDGE_CURVE('',#1096,#1095,#520,.T.);
#1349=EDGE_CURVE('',#1097,#1096,#521,.T.);
#1350=EDGE_CURVE('',#1098,#1097,#522,.T.);
#1351=EDGE_CURVE('',#1099,#1098,#523,.T.);
#1352=EDGE_CURVE('',#1100,#1099,#524,.T.);
#1353=EDGE_CURVE('',#1042,#1100,#525,.T.);
#1354=EDGE_CURVE('',#1101,#1037,#526,.T.);
#1355=EDGE_CURVE('',#1102,#1101,#527,.T.);
#1356=EDGE_CURVE('',#1038,#1102,#528,.T.);
#1357=EDGE_CURVE('',#1103,#1085,#529,.T.);
#1358=EDGE_CURVE('',#1104,#1103,#530,.T.);
#1359=EDGE_CURVE('',#1105,#1104,#531,.T.);
#1360=EDGE_CURVE('',#1106,#1105,#532,.T.);
#1361=EDGE_CURVE('',#1107,#1106,#533,.T.);
#1362=EDGE_CURVE('',#1108,#1107,#534,.T.);
#1363=EDGE_CURVE('',#1086,#1108,#535,.T.);
#1364=EDGE_CURVE('',#1046,#1033,#536,.T.);
#1365=EDGE_CURVE('',#1109,#1045,#537,.T.);
#1366=EDGE_CURVE('',#1110,#1109,#538,.T.);
#1367=EDGE_CURVE('',#1111,#1110,#539,.T.);
#1368=EDGE_CURVE('',#1112,#1111,#540,.T.);
#1369=EDGE_CURVE('',#1034,#1112,#541,.T.);
#1370=EDGE_CURVE('',#1073,#1091,#542,.T.);
#1371=EDGE_CURVE('',#1072,#1092,#543,.T.);
#1372=EDGE_CURVE('',#1113,#1090,#544,.T.);
#1373=EDGE_CURVE('',#1074,#1113,#545,.T.);
#1374=EDGE_CURVE('',#1114,#1113,#546,.T.);
#1375=EDGE_CURVE('',#1114,#1089,#547,.T.);
#1376=EDGE_CURVE('',#1064,#1097,#548,.T.);
#1377=EDGE_CURVE('',#1063,#1098,#549,.T.);
#1378=EDGE_CURVE('',#1115,#1096,#550,.T.);
#1379=EDGE_CURVE('',#1065,#1115,#551,.T.);
#1380=EDGE_CURVE('',#1116,#1115,#552,.T.);
#1381=EDGE_CURVE('',#1116,#1095,#553,.T.);
#1382=EDGE_CURVE('',#1117,#1101,#554,.T.);
#1383=EDGE_CURVE('',#1117,#1118,#555,.T.);
#1384=EDGE_CURVE('',#1102,#1118,#556,.T.);
#1385=EDGE_CURVE('',#1082,#1105,#557,.T.);
#1386=EDGE_CURVE('',#1081,#1106,#558,.T.);
#1387=EDGE_CURVE('',#1119,#1104,#559,.T.);
#1388=EDGE_CURVE('',#1047,#1119,#560,.T.);
#1389=EDGE_CURVE('',#1120,#1119,#561,.T.);
#1390=EDGE_CURVE('',#1120,#1103,#562,.T.);
#1391=EDGE_CURVE('',#1054,#1110,#563,.T.);
#1392=EDGE_CURVE('',#1053,#1111,#564,.T.);
#1393=EDGE_CURVE('',#1055,#1109,#565,.T.);
#1394=EDGE_CURVE('',#1056,#1044,#566,.T.);
#1395=EDGE_CURVE('',#1121,#1122,#567,.T.);
#1396=EDGE_CURVE('',#1121,#1123,#568,.T.);
#1397=EDGE_CURVE('',#1123,#1124,#65,.T.);
#1398=EDGE_CURVE('',#1124,#1122,#569,.T.);
#1399=EDGE_CURVE('',#1125,#1125,#66,.T.);
#1400=EDGE_CURVE('',#1126,#1127,#570,.T.);
#1401=EDGE_CURVE('',#1128,#1127,#571,.T.);
#1402=EDGE_CURVE('',#1128,#1129,#572,.T.);
#1403=EDGE_CURVE('',#1129,#1126,#67,.T.);
#1404=EDGE_CURVE('',#1130,#1130,#68,.T.);
#1405=EDGE_CURVE('',#1131,#1132,#573,.T.);
#1406=EDGE_CURVE('',#1132,#1133,#69,.T.);
#1407=EDGE_CURVE('',#1133,#1134,#574,.T.);
#1408=EDGE_CURVE('',#1131,#1134,#575,.T.);
#1409=EDGE_CURVE('',#1135,#1135,#70,.T.);
#1410=EDGE_CURVE('',#1136,#1137,#576,.T.);
#1411=EDGE_CURVE('',#1137,#1138,#71,.T.);
#1412=EDGE_CURVE('',#1138,#1139,#577,.T.);
#1413=EDGE_CURVE('',#1136,#1139,#578,.T.);
#1414=EDGE_CURVE('',#1140,#1140,#72,.T.);
#1415=EDGE_CURVE('',#1141,#1088,#579,.T.);
#1416=EDGE_CURVE('',#1141,#1142,#580,.T.);
#1417=EDGE_CURVE('',#1087,#1142,#581,.T.);
#1418=EDGE_CURVE('',#1118,#1141,#582,.T.);
#1419=EDGE_CURVE('',#1142,#1117,#583,.T.);
#1420=EDGE_CURVE('',#1052,#1112,#584,.T.);
#1421=EDGE_CURVE('',#1031,#1051,#585,.T.);
#1422=EDGE_CURVE('',#1061,#1100,#586,.T.);
#1423=EDGE_CURVE('',#1039,#1060,#587,.T.);
#1424=EDGE_CURVE('',#1062,#1099,#588,.T.);
#1425=EDGE_CURVE('',#1070,#1094,#589,.T.);
#1426=EDGE_CURVE('',#1035,#1069,#590,.T.);
#1427=EDGE_CURVE('',#1071,#1093,#591,.T.);
#1428=EDGE_CURVE('',#1079,#1108,#592,.T.);
#1429=EDGE_CURVE('',#1083,#1078,#593,.T.);
#1430=EDGE_CURVE('',#1080,#1107,#594,.T.);
#1431=EDGE_CURVE('',#1143,#1143,#73,.T.);
#1432=EDGE_CURVE('',#1144,#1144,#74,.T.);
#1433=EDGE_CURVE('',#1143,#1145,#595,.T.);
#1434=EDGE_CURVE('',#1145,#1145,#75,.T.);
#1435=EDGE_CURVE('',#1146,#1146,#76,.T.);
#1436=EDGE_CURVE('',#1147,#1147,#77,.T.);
#1437=EDGE_CURVE('',#1146,#1148,#596,.T.);
#1438=EDGE_CURVE('',#1148,#1148,#78,.T.);
#1439=EDGE_CURVE('',#1149,#1149,#79,.T.);
#1440=EDGE_CURVE('',#1150,#1150,#80,.T.);
#1441=EDGE_CURVE('',#1149,#1151,#597,.T.);
#1442=EDGE_CURVE('',#1151,#1151,#81,.T.);
#1443=EDGE_CURVE('',#1152,#1152,#82,.T.);
#1444=EDGE_CURVE('',#1153,#1153,#83,.T.);
#1445=EDGE_CURVE('',#1152,#1154,#598,.T.);
#1446=EDGE_CURVE('',#1154,#1154,#84,.T.);
#1447=EDGE_CURVE('',#1150,#1125,#599,.T.);
#1448=EDGE_CURVE('',#1147,#1135,#600,.T.);
#1449=EDGE_CURVE('',#1153,#1130,#601,.T.);
#1450=EDGE_CURVE('',#1144,#1140,#602,.T.);
#1451=EDGE_CURVE('',#1155,#1128,#603,.T.);
#1452=EDGE_CURVE('',#1156,#1155,#604,.T.);
#1453=EDGE_CURVE('',#1156,#1129,#605,.T.);
#1454=EDGE_CURVE('',#1157,#1156,#85,.T.);
#1455=EDGE_CURVE('',#1157,#1126,#606,.T.);
#1456=EDGE_CURVE('',#1158,#1132,#607,.T.);
#1457=EDGE_CURVE('',#1159,#1158,#86,.T.);
#1458=EDGE_CURVE('',#1159,#1133,#608,.T.);
#1459=EDGE_CURVE('',#1160,#1159,#609,.T.);
#1460=EDGE_CURVE('',#1161,#1160,#610,.T.);
#1461=EDGE_CURVE('',#1161,#1134,#611,.T.);
#1462=EDGE_CURVE('',#1162,#1163,#612,.T.);
#1463=EDGE_CURVE('',#1164,#1163,#613,.T.);
#1464=EDGE_CURVE('',#1164,#1137,#614,.T.);
#1465=EDGE_CURVE('',#1162,#1136,#615,.T.);
#1466=EDGE_CURVE('',#1165,#1164,#87,.T.);
#1467=EDGE_CURVE('',#1165,#1138,#616,.T.);
#1468=EDGE_CURVE('',#1166,#1123,#617,.T.);
#1469=EDGE_CURVE('',#1167,#1166,#88,.T.);
#1470=EDGE_CURVE('',#1167,#1124,#618,.T.);
#1471=EDGE_CURVE('',#1168,#1167,#619,.T.);
#1472=EDGE_CURVE('',#1168,#1122,#620,.T.);
#1473=EDGE_CURVE('',#1155,#1168,#621,.T.);
#1474=EDGE_CURVE('',#1166,#1169,#622,.T.);
#1475=EDGE_CURVE('',#1169,#1165,#623,.T.);
#1476=EDGE_CURVE('',#1163,#1160,#624,.T.);
#1477=EDGE_CURVE('',#1158,#1170,#625,.T.);
#1478=EDGE_CURVE('',#1170,#1157,#626,.T.);
#1479=EDGE_CURVE('',#1077,#1171,#627,.T.);
#1480=EDGE_CURVE('',#1171,#1083,#628,.T.);
#1481=EDGE_CURVE('',#1172,#1171,#629,.T.);
#1482=EDGE_CURVE('',#1173,#1172,#630,.T.);
#1483=EDGE_CURVE('',#1113,#1173,#631,.T.);
#1484=EDGE_CURVE('',#1174,#1114,#632,.T.);
#1485=EDGE_CURVE('',#1084,#1174,#633,.T.);
#1486=EDGE_CURVE('',#1075,#1173,#634,.T.);
#1487=EDGE_CURVE('',#1076,#1172,#635,.T.);
#1488=EDGE_CURVE('',#1059,#1175,#636,.T.);
#1489=EDGE_CURVE('',#1175,#1039,#637,.T.);
#1490=EDGE_CURVE('',#1176,#1175,#638,.T.);
#1491=EDGE_CURVE('',#1177,#1176,#639,.T.);
#1492=EDGE_CURVE('',#1044,#1177,#640,.T.);
#1493=EDGE_CURVE('',#1178,#1043,#641,.T.);
#1494=EDGE_CURVE('',#1040,#1178,#642,.T.);
#1495=EDGE_CURVE('',#1057,#1177,#643,.T.);
#1496=EDGE_CURVE('',#1058,#1176,#644,.T.);
#1497=EDGE_CURVE('',#1068,#1179,#645,.T.);
#1498=EDGE_CURVE('',#1179,#1035,#646,.T.);
#1499=EDGE_CURVE('',#1127,#1174,#647,.T.);
#1500=EDGE_CURVE('',#1036,#1180,#648,.T.);
#1501=EDGE_CURVE('',#1121,#1180,#649,.T.);
#1502=EDGE_CURVE('',#1181,#1179,#650,.T.);
#1503=EDGE_CURVE('',#1182,#1181,#651,.T.);
#1504=EDGE_CURVE('',#1115,#1182,#652,.T.);
#1505=EDGE_CURVE('',#1180,#1116,#653,.T.);
#1506=EDGE_CURVE('',#1139,#1178,#654,.T.);
#1507=EDGE_CURVE('',#1066,#1182,#655,.T.);
#1508=EDGE_CURVE('',#1067,#1181,#656,.T.);
#1509=EDGE_CURVE('',#1032,#1183,#657,.T.);
#1510=EDGE_CURVE('',#1131,#1183,#658,.T.);
#1511=EDGE_CURVE('',#1184,#1185,#659,.T.);
#1512=EDGE_CURVE('',#1186,#1184,#660,.T.);
#1513=EDGE_CURVE('',#1119,#1186,#661,.T.);
#1514=EDGE_CURVE('',#1183,#1120,#662,.T.);
#1515=EDGE_CURVE('',#1185,#1031,#663,.T.);
#1516=EDGE_CURVE('',#1048,#1186,#664,.T.);
#1517=EDGE_CURVE('',#1049,#1184,#665,.T.);
#1518=EDGE_CURVE('',#1050,#1185,#666,.T.);
#1519=ORIENTED_EDGE('',*,*,#1187,.T.);
#1520=ORIENTED_EDGE('',*,*,#1188,.T.);
#1521=ORIENTED_EDGE('',*,*,#1189,.T.);
#1522=ORIENTED_EDGE('',*,*,#1190,.T.);
#1523=ORIENTED_EDGE('',*,*,#1190,.F.);
#1524=ORIENTED_EDGE('',*,*,#1191,.T.);
#1525=ORIENTED_EDGE('',*,*,#1192,.F.);
#1526=ORIENTED_EDGE('',*,*,#1193,.F.);
#1527=ORIENTED_EDGE('',*,*,#1187,.F.);
#1528=ORIENTED_EDGE('',*,*,#1193,.T.);
#1529=ORIENTED_EDGE('',*,*,#1194,.F.);
#1530=ORIENTED_EDGE('',*,*,#1195,.F.);
#1531=ORIENTED_EDGE('',*,*,#1189,.F.);
#1532=ORIENTED_EDGE('',*,*,#1196,.T.);
#1533=ORIENTED_EDGE('',*,*,#1197,.F.);
#1534=ORIENTED_EDGE('',*,*,#1191,.F.);
#1535=ORIENTED_EDGE('',*,*,#1188,.F.);
#1536=ORIENTED_EDGE('',*,*,#1195,.T.);
#1537=ORIENTED_EDGE('',*,*,#1198,.F.);
#1538=ORIENTED_EDGE('',*,*,#1196,.F.);
#1539=ORIENTED_EDGE('',*,*,#1199,.T.);
#1540=ORIENTED_EDGE('',*,*,#1200,.T.);
#1541=ORIENTED_EDGE('',*,*,#1201,.T.);
#1542=ORIENTED_EDGE('',*,*,#1202,.T.);
#1543=ORIENTED_EDGE('',*,*,#1202,.F.);
#1544=ORIENTED_EDGE('',*,*,#1203,.T.);
#1545=ORIENTED_EDGE('',*,*,#1204,.F.);
#1546=ORIENTED_EDGE('',*,*,#1205,.F.);
#1547=ORIENTED_EDGE('',*,*,#1199,.F.);
#1548=ORIENTED_EDGE('',*,*,#1205,.T.);
#1549=ORIENTED_EDGE('',*,*,#1206,.F.);
#1550=ORIENTED_EDGE('',*,*,#1207,.F.);
#1551=ORIENTED_EDGE('',*,*,#1201,.F.);
#1552=ORIENTED_EDGE('',*,*,#1208,.T.);
#1553=ORIENTED_EDGE('',*,*,#1209,.F.);
#1554=ORIENTED_EDGE('',*,*,#1203,.F.);
#1555=ORIENTED_EDGE('',*,*,#1200,.F.);
#1556=ORIENTED_EDGE('',*,*,#1207,.T.);
#1557=ORIENTED_EDGE('',*,*,#1210,.F.);
#1558=ORIENTED_EDGE('',*,*,#1208,.F.);
#1559=ORIENTED_EDGE('',*,*,#1211,.T.);
#1560=ORIENTED_EDGE('',*,*,#1212,.T.);
#1561=ORIENTED_EDGE('',*,*,#1213,.T.);
#1562=ORIENTED_EDGE('',*,*,#1214,.T.);
#1563=ORIENTED_EDGE('',*,*,#1214,.F.);
#1564=ORIENTED_EDGE('',*,*,#1215,.T.);
#1565=ORIENTED_EDGE('',*,*,#1216,.F.);
#1566=ORIENTED_EDGE('',*,*,#1217,.F.);
#1567=ORIENTED_EDGE('',*,*,#1211,.F.);
#1568=ORIENTED_EDGE('',*,*,#1217,.T.);
#1569=ORIENTED_EDGE('',*,*,#1218,.F.);
#1570=ORIENTED_EDGE('',*,*,#1219,.F.);
#1571=ORIENTED_EDGE('',*,*,#1213,.F.);
#1572=ORIENTED_EDGE('',*,*,#1220,.T.);
#1573=ORIENTED_EDGE('',*,*,#1221,.F.);
#1574=ORIENTED_EDGE('',*,*,#1215,.F.);
#1575=ORIENTED_EDGE('',*,*,#1212,.F.);
#1576=ORIENTED_EDGE('',*,*,#1219,.T.);
#1577=ORIENTED_EDGE('',*,*,#1222,.F.);
#1578=ORIENTED_EDGE('',*,*,#1220,.F.);
#1579=ORIENTED_EDGE('',*,*,#1223,.T.);
#1580=ORIENTED_EDGE('',*,*,#1224,.T.);
#1581=ORIENTED_EDGE('',*,*,#1225,.T.);
#1582=ORIENTED_EDGE('',*,*,#1226,.T.);
#1583=ORIENTED_EDGE('',*,*,#1226,.F.);
#1584=ORIENTED_EDGE('',*,*,#1227,.T.);
#1585=ORIENTED_EDGE('',*,*,#1228,.F.);
#1586=ORIENTED_EDGE('',*,*,#1229,.F.);
#1587=ORIENTED_EDGE('',*,*,#1223,.F.);
#1588=ORIENTED_EDGE('',*,*,#1229,.T.);
#1589=ORIENTED_EDGE('',*,*,#1230,.F.);
#1590=ORIENTED_EDGE('',*,*,#1231,.F.);
#1591=ORIENTED_EDGE('',*,*,#1225,.F.);
#1592=ORIENTED_EDGE('',*,*,#1232,.T.);
#1593=ORIENTED_EDGE('',*,*,#1233,.F.);
#1594=ORIENTED_EDGE('',*,*,#1227,.F.);
#1595=ORIENTED_EDGE('',*,*,#1224,.F.);
#1596=ORIENTED_EDGE('',*,*,#1231,.T.);
#1597=ORIENTED_EDGE('',*,*,#1234,.F.);
#1598=ORIENTED_EDGE('',*,*,#1232,.F.);
#1599=ORIENTED_EDGE('',*,*,#1235,.T.);
#1600=ORIENTED_EDGE('',*,*,#1236,.T.);
#1601=ORIENTED_EDGE('',*,*,#1237,.T.);
#1602=ORIENTED_EDGE('',*,*,#1238,.T.);
#1603=ORIENTED_EDGE('',*,*,#1238,.F.);
#1604=ORIENTED_EDGE('',*,*,#1239,.T.);
#1605=ORIENTED_EDGE('',*,*,#1240,.F.);
#1606=ORIENTED_EDGE('',*,*,#1241,.F.);
#1607=ORIENTED_EDGE('',*,*,#1235,.F.);
#1608=ORIENTED_EDGE('',*,*,#1241,.T.);
#1609=ORIENTED_EDGE('',*,*,#1242,.F.);
#1610=ORIENTED_EDGE('',*,*,#1243,.F.);
#1611=ORIENTED_EDGE('',*,*,#1237,.F.);
#1612=ORIENTED_EDGE('',*,*,#1244,.T.);
#1613=ORIENTED_EDGE('',*,*,#1245,.F.);
#1614=ORIENTED_EDGE('',*,*,#1239,.F.);
#1615=ORIENTED_EDGE('',*,*,#1236,.F.);
#1616=ORIENTED_EDGE('',*,*,#1243,.T.);
#1617=ORIENTED_EDGE('',*,*,#1246,.F.);
#1618=ORIENTED_EDGE('',*,*,#1244,.F.);
#1619=ORIENTED_EDGE('',*,*,#1247,.T.);
#1620=ORIENTED_EDGE('',*,*,#1248,.T.);
#1621=ORIENTED_EDGE('',*,*,#1249,.T.);
#1622=ORIENTED_EDGE('',*,*,#1250,.T.);
#1623=ORIENTED_EDGE('',*,*,#1250,.F.);
#1624=ORIENTED_EDGE('',*,*,#1251,.T.);
#1625=ORIENTED_EDGE('',*,*,#1252,.F.);
#1626=ORIENTED_EDGE('',*,*,#1253,.F.);
#1627=ORIENTED_EDGE('',*,*,#1247,.F.);
#1628=ORIENTED_EDGE('',*,*,#1253,.T.);
#1629=ORIENTED_EDGE('',*,*,#1254,.F.);
#1630=ORIENTED_EDGE('',*,*,#1255,.F.);
#1631=ORIENTED_EDGE('',*,*,#1249,.F.);
#1632=ORIENTED_EDGE('',*,*,#1256,.T.);
#1633=ORIENTED_EDGE('',*,*,#1257,.F.);
#1634=ORIENTED_EDGE('',*,*,#1251,.F.);
#1635=ORIENTED_EDGE('',*,*,#1248,.F.);
#1636=ORIENTED_EDGE('',*,*,#1255,.T.);
#1637=ORIENTED_EDGE('',*,*,#1258,.F.);
#1638=ORIENTED_EDGE('',*,*,#1256,.F.);
#1639=ORIENTED_EDGE('',*,*,#1259,.F.);
#1640=ORIENTED_EDGE('',*,*,#1260,.F.);
#1641=ORIENTED_EDGE('',*,*,#1261,.F.);
#1642=ORIENTED_EDGE('',*,*,#1262,.T.);
#1643=ORIENTED_EDGE('',*,*,#1263,.F.);
#1644=ORIENTED_EDGE('',*,*,#1262,.F.);
#1645=ORIENTED_EDGE('',*,*,#1264,.F.);
#1646=ORIENTED_EDGE('',*,*,#1260,.T.);
#1647=ORIENTED_EDGE('',*,*,#1265,.F.);
#1648=ORIENTED_EDGE('',*,*,#1266,.F.);
#1649=ORIENTED_EDGE('',*,*,#1267,.F.);
#1650=ORIENTED_EDGE('',*,*,#1268,.T.);
#1651=ORIENTED_EDGE('',*,*,#1269,.F.);
#1652=ORIENTED_EDGE('',*,*,#1268,.F.);
#1653=ORIENTED_EDGE('',*,*,#1270,.F.);
#1654=ORIENTED_EDGE('',*,*,#1266,.T.);
#1655=ORIENTED_EDGE('',*,*,#1271,.F.);
#1656=ORIENTED_EDGE('',*,*,#1272,.F.);
#1657=ORIENTED_EDGE('',*,*,#1273,.F.);
#1658=ORIENTED_EDGE('',*,*,#1274,.T.);
#1659=ORIENTED_EDGE('',*,*,#1275,.F.);
#1660=ORIENTED_EDGE('',*,*,#1274,.F.);
#1661=ORIENTED_EDGE('',*,*,#1276,.F.);
#1662=ORIENTED_EDGE('',*,*,#1272,.T.);
#1663=ORIENTED_EDGE('',*,*,#1277,.F.);
#1664=ORIENTED_EDGE('',*,*,#1278,.F.);
#1665=ORIENTED_EDGE('',*,*,#1279,.F.);
#1666=ORIENTED_EDGE('',*,*,#1280,.T.);
#1667=ORIENTED_EDGE('',*,*,#1281,.F.);
#1668=ORIENTED_EDGE('',*,*,#1280,.F.);
#1669=ORIENTED_EDGE('',*,*,#1282,.F.);
#1670=ORIENTED_EDGE('',*,*,#1278,.T.);
#1671=ORIENTED_EDGE('',*,*,#1283,.T.);
#1672=ORIENTED_EDGE('',*,*,#1284,.T.);
#1673=ORIENTED_EDGE('',*,*,#1285,.T.);
#1674=ORIENTED_EDGE('',*,*,#1286,.F.);
#1675=ORIENTED_EDGE('',*,*,#1287,.T.);
#1676=ORIENTED_EDGE('',*,*,#1288,.T.);
#1677=ORIENTED_EDGE('',*,*,#1289,.T.);
#1678=ORIENTED_EDGE('',*,*,#1290,.F.);
#1679=ORIENTED_EDGE('',*,*,#1291,.T.);
#1680=ORIENTED_EDGE('',*,*,#1292,.T.);
#1681=ORIENTED_EDGE('',*,*,#1293,.T.);
#1682=ORIENTED_EDGE('',*,*,#1294,.F.);
#1683=ORIENTED_EDGE('',*,*,#1295,.T.);
#1684=ORIENTED_EDGE('',*,*,#1296,.T.);
#1685=ORIENTED_EDGE('',*,*,#1297,.T.);
#1686=ORIENTED_EDGE('',*,*,#1298,.F.);
#1687=ORIENTED_EDGE('',*,*,#1299,.T.);
#1688=ORIENTED_EDGE('',*,*,#1300,.F.);
#1689=ORIENTED_EDGE('',*,*,#1301,.F.);
#1690=ORIENTED_EDGE('',*,*,#1302,.F.);
#1691=ORIENTED_EDGE('',*,*,#1303,.T.);
#1692=ORIENTED_EDGE('',*,*,#1304,.T.);
#1693=ORIENTED_EDGE('',*,*,#1305,.T.);
#1694=ORIENTED_EDGE('',*,*,#1306,.T.);
#1695=ORIENTED_EDGE('',*,*,#1307,.T.);
#1696=ORIENTED_EDGE('',*,*,#1308,.T.);
#1697=ORIENTED_EDGE('',*,*,#1309,.F.);
#1698=ORIENTED_EDGE('',*,*,#1310,.F.);
#1699=ORIENTED_EDGE('',*,*,#1311,.F.);
#1700=ORIENTED_EDGE('',*,*,#1312,.T.);
#1701=ORIENTED_EDGE('',*,*,#1313,.T.);
#1702=ORIENTED_EDGE('',*,*,#1314,.T.);
#1703=ORIENTED_EDGE('',*,*,#1315,.T.);
#1704=ORIENTED_EDGE('',*,*,#1316,.T.);
#1705=ORIENTED_EDGE('',*,*,#1317,.T.);
#1706=ORIENTED_EDGE('',*,*,#1318,.F.);
#1707=ORIENTED_EDGE('',*,*,#1319,.F.);
#1708=ORIENTED_EDGE('',*,*,#1320,.F.);
#1709=ORIENTED_EDGE('',*,*,#1321,.T.);
#1710=ORIENTED_EDGE('',*,*,#1322,.T.);
#1711=ORIENTED_EDGE('',*,*,#1323,.T.);
#1712=ORIENTED_EDGE('',*,*,#1324,.T.);
#1713=ORIENTED_EDGE('',*,*,#1325,.T.);
#1714=ORIENTED_EDGE('',*,*,#1326,.T.);
#1715=ORIENTED_EDGE('',*,*,#1327,.F.);
#1716=ORIENTED_EDGE('',*,*,#1328,.F.);
#1717=ORIENTED_EDGE('',*,*,#1329,.F.);
#1718=ORIENTED_EDGE('',*,*,#1330,.T.);
#1719=ORIENTED_EDGE('',*,*,#1331,.T.);
#1720=ORIENTED_EDGE('',*,*,#1332,.T.);
#1721=ORIENTED_EDGE('',*,*,#1333,.T.);
#1722=ORIENTED_EDGE('',*,*,#1334,.T.);
#1723=ORIENTED_EDGE('',*,*,#1335,.T.);
#1724=ORIENTED_EDGE('',*,*,#1336,.T.);
#1725=ORIENTED_EDGE('',*,*,#1337,.T.);
#1726=ORIENTED_EDGE('',*,*,#1338,.F.);
#1727=ORIENTED_EDGE('',*,*,#1339,.F.);
#1728=ORIENTED_EDGE('',*,*,#1340,.F.);
#1729=ORIENTED_EDGE('',*,*,#1341,.F.);
#1730=ORIENTED_EDGE('',*,*,#1342,.F.);
#1731=ORIENTED_EDGE('',*,*,#1343,.F.);
#1732=ORIENTED_EDGE('',*,*,#1344,.F.);
#1733=ORIENTED_EDGE('',*,*,#1345,.F.);
#1734=ORIENTED_EDGE('',*,*,#1346,.F.);
#1735=ORIENTED_EDGE('',*,*,#1293,.F.);
#1736=ORIENTED_EDGE('',*,*,#1347,.F.);
#1737=ORIENTED_EDGE('',*,*,#1348,.F.);
#1738=ORIENTED_EDGE('',*,*,#1349,.F.);
#1739=ORIENTED_EDGE('',*,*,#1350,.F.);
#1740=ORIENTED_EDGE('',*,*,#1351,.F.);
#1741=ORIENTED_EDGE('',*,*,#1352,.F.);
#1742=ORIENTED_EDGE('',*,*,#1353,.F.);
#1743=ORIENTED_EDGE('',*,*,#1289,.F.);
#1744=ORIENTED_EDGE('',*,*,#1354,.F.);
#1745=ORIENTED_EDGE('',*,*,#1355,.F.);
#1746=ORIENTED_EDGE('',*,*,#1356,.F.);
#1747=ORIENTED_EDGE('',*,*,#1337,.F.);
#1748=ORIENTED_EDGE('',*,*,#1357,.F.);
#1749=ORIENTED_EDGE('',*,*,#1358,.F.);
#1750=ORIENTED_EDGE('',*,*,#1359,.F.);
#1751=ORIENTED_EDGE('',*,*,#1360,.F.);
#1752=ORIENTED_EDGE('',*,*,#1361,.F.);
#1753=ORIENTED_EDGE('',*,*,#1362,.F.);
#1754=ORIENTED_EDGE('',*,*,#1363,.F.);
#1755=ORIENTED_EDGE('',*,*,#1364,.F.);
#1756=ORIENTED_EDGE('',*,*,#1297,.F.);
#1757=ORIENTED_EDGE('',*,*,#1365,.F.);
#1758=ORIENTED_EDGE('',*,*,#1366,.F.);
#1759=ORIENTED_EDGE('',*,*,#1367,.F.);
#1760=ORIENTED_EDGE('',*,*,#1368,.F.);
#1761=ORIENTED_EDGE('',*,*,#1369,.F.);
#1762=ORIENTED_EDGE('',*,*,#1285,.F.);
#1763=ORIENTED_EDGE('',*,*,#1343,.T.);
#1764=ORIENTED_EDGE('',*,*,#1370,.F.);
#1765=ORIENTED_EDGE('',*,*,#1324,.F.);
#1766=ORIENTED_EDGE('',*,*,#1371,.T.);
#1767=ORIENTED_EDGE('',*,*,#1342,.T.);
#1768=ORIENTED_EDGE('',*,*,#1372,.F.);
#1769=ORIENTED_EDGE('',*,*,#1373,.F.);
#1770=ORIENTED_EDGE('',*,*,#1325,.F.);
#1771=ORIENTED_EDGE('',*,*,#1370,.T.);
#1772=ORIENTED_EDGE('',*,*,#1374,.T.);
#1773=ORIENTED_EDGE('',*,*,#1372,.T.);
#1774=ORIENTED_EDGE('',*,*,#1341,.T.);
#1775=ORIENTED_EDGE('',*,*,#1375,.F.);
#1776=ORIENTED_EDGE('',*,*,#1350,.T.);
#1777=ORIENTED_EDGE('',*,*,#1376,.F.);
#1778=ORIENTED_EDGE('',*,*,#1315,.F.);
#1779=ORIENTED_EDGE('',*,*,#1377,.T.);
#1780=ORIENTED_EDGE('',*,*,#1349,.T.);
#1781=ORIENTED_EDGE('',*,*,#1378,.F.);
#1782=ORIENTED_EDGE('',*,*,#1379,.F.);
#1783=ORIENTED_EDGE('',*,*,#1316,.F.);
#1784=ORIENTED_EDGE('',*,*,#1376,.T.);
#1785=ORIENTED_EDGE('',*,*,#1380,.T.);
#1786=ORIENTED_EDGE('',*,*,#1378,.T.);
#1787=ORIENTED_EDGE('',*,*,#1348,.T.);
#1788=ORIENTED_EDGE('',*,*,#1381,.F.);
#1789=ORIENTED_EDGE('',*,*,#1355,.T.);
#1790=ORIENTED_EDGE('',*,*,#1382,.F.);
#1791=ORIENTED_EDGE('',*,*,#1383,.T.);
#1792=ORIENTED_EDGE('',*,*,#1384,.F.);
#1793=ORIENTED_EDGE('',*,*,#1360,.T.);
#1794=ORIENTED_EDGE('',*,*,#1385,.F.);
#1795=ORIENTED_EDGE('',*,*,#1333,.F.);
#1796=ORIENTED_EDGE('',*,*,#1386,.T.);
#1797=ORIENTED_EDGE('',*,*,#1359,.T.);
#1798=ORIENTED_EDGE('',*,*,#1387,.F.);
#1799=ORIENTED_EDGE('',*,*,#1388,.F.);
#1800=ORIENTED_EDGE('',*,*,#1334,.F.);
#1801=ORIENTED_EDGE('',*,*,#1385,.T.);
#1802=ORIENTED_EDGE('',*,*,#1389,.T.);
#1803=ORIENTED_EDGE('',*,*,#1387,.T.);
#1804=ORIENTED_EDGE('',*,*,#1358,.T.);
#1805=ORIENTED_EDGE('',*,*,#1390,.F.);
#1806=ORIENTED_EDGE('',*,*,#1367,.T.);
#1807=ORIENTED_EDGE('',*,*,#1391,.F.);
#1808=ORIENTED_EDGE('',*,*,#1305,.F.);
#1809=ORIENTED_EDGE('',*,*,#1392,.T.);
#1810=ORIENTED_EDGE('',*,*,#1366,.T.);
#1811=ORIENTED_EDGE('',*,*,#1393,.F.);
#1812=ORIENTED_EDGE('',*,*,#1306,.F.);
#1813=ORIENTED_EDGE('',*,*,#1391,.T.);
#1814=ORIENTED_EDGE('',*,*,#1365,.T.);
#1815=ORIENTED_EDGE('',*,*,#1296,.F.);
#1816=ORIENTED_EDGE('',*,*,#1394,.F.);
#1817=ORIENTED_EDGE('',*,*,#1307,.F.);
#1818=ORIENTED_EDGE('',*,*,#1393,.T.);
#1819=ORIENTED_EDGE('',*,*,#1395,.F.);
#1820=ORIENTED_EDGE('',*,*,#1396,.T.);
#1821=ORIENTED_EDGE('',*,*,#1397,.T.);
#1822=ORIENTED_EDGE('',*,*,#1398,.T.);
#1823=ORIENTED_EDGE('',*,*,#1399,.T.);
#1824=ORIENTED_EDGE('',*,*,#1400,.T.);
#1825=ORIENTED_EDGE('',*,*,#1401,.F.);
#1826=ORIENTED_EDGE('',*,*,#1402,.T.);
#1827=ORIENTED_EDGE('',*,*,#1403,.T.);
#1828=ORIENTED_EDGE('',*,*,#1404,.T.);
#1829=ORIENTED_EDGE('',*,*,#1405,.T.);
#1830=ORIENTED_EDGE('',*,*,#1406,.T.);
#1831=ORIENTED_EDGE('',*,*,#1407,.T.);
#1832=ORIENTED_EDGE('',*,*,#1408,.F.);
#1833=ORIENTED_EDGE('',*,*,#1409,.T.);
#1834=ORIENTED_EDGE('',*,*,#1410,.T.);
#1835=ORIENTED_EDGE('',*,*,#1411,.T.);
#1836=ORIENTED_EDGE('',*,*,#1412,.T.);
#1837=ORIENTED_EDGE('',*,*,#1413,.F.);
#1838=ORIENTED_EDGE('',*,*,#1414,.T.);
#1839=ORIENTED_EDGE('',*,*,#1339,.T.);
#1840=ORIENTED_EDGE('',*,*,#1415,.F.);
#1841=ORIENTED_EDGE('',*,*,#1416,.T.);
#1842=ORIENTED_EDGE('',*,*,#1417,.F.);
#1843=ORIENTED_EDGE('',*,*,#1416,.F.);
#1844=ORIENTED_EDGE('',*,*,#1418,.F.);
#1845=ORIENTED_EDGE('',*,*,#1383,.F.);
#1846=ORIENTED_EDGE('',*,*,#1419,.F.);
#1847=ORIENTED_EDGE('',*,*,#1368,.T.);
#1848=ORIENTED_EDGE('',*,*,#1392,.F.);
#1849=ORIENTED_EDGE('',*,*,#1304,.F.);
#1850=ORIENTED_EDGE('',*,*,#1420,.T.);
#1851=ORIENTED_EDGE('',*,*,#1369,.T.);
#1852=ORIENTED_EDGE('',*,*,#1420,.F.);
#1853=ORIENTED_EDGE('',*,*,#1303,.F.);
#1854=ORIENTED_EDGE('',*,*,#1421,.F.);
#1855=ORIENTED_EDGE('',*,*,#1286,.T.);
#1856=ORIENTED_EDGE('',*,*,#1353,.T.);
#1857=ORIENTED_EDGE('',*,*,#1422,.F.);
#1858=ORIENTED_EDGE('',*,*,#1312,.F.);
#1859=ORIENTED_EDGE('',*,*,#1423,.F.);
#1860=ORIENTED_EDGE('',*,*,#1294,.T.);
#1861=ORIENTED_EDGE('',*,*,#1352,.T.);
#1862=ORIENTED_EDGE('',*,*,#1424,.F.);
#1863=ORIENTED_EDGE('',*,*,#1313,.F.);
#1864=ORIENTED_EDGE('',*,*,#1422,.T.);
#1865=ORIENTED_EDGE('',*,*,#1351,.T.);
#1866=ORIENTED_EDGE('',*,*,#1377,.F.);
#1867=ORIENTED_EDGE('',*,*,#1314,.F.);
#1868=ORIENTED_EDGE('',*,*,#1424,.T.);
#1869=ORIENTED_EDGE('',*,*,#1346,.T.);
#1870=ORIENTED_EDGE('',*,*,#1425,.F.);
#1871=ORIENTED_EDGE('',*,*,#1321,.F.);
#1872=ORIENTED_EDGE('',*,*,#1426,.F.);
#1873=ORIENTED_EDGE('',*,*,#1290,.T.);
#1874=ORIENTED_EDGE('',*,*,#1356,.T.);
#1875=ORIENTED_EDGE('',*,*,#1384,.T.);
#1876=ORIENTED_EDGE('',*,*,#1418,.T.);
#1877=ORIENTED_EDGE('',*,*,#1415,.T.);
#1878=ORIENTED_EDGE('',*,*,#1345,.T.);
#1879=ORIENTED_EDGE('',*,*,#1427,.F.);
#1880=ORIENTED_EDGE('',*,*,#1322,.F.);
#1881=ORIENTED_EDGE('',*,*,#1425,.T.);
#1882=ORIENTED_EDGE('',*,*,#1344,.T.);
#1883=ORIENTED_EDGE('',*,*,#1371,.F.);
#1884=ORIENTED_EDGE('',*,*,#1323,.F.);
#1885=ORIENTED_EDGE('',*,*,#1427,.T.);
#1886=ORIENTED_EDGE('',*,*,#1363,.T.);
#1887=ORIENTED_EDGE('',*,*,#1428,.F.);
#1888=ORIENTED_EDGE('',*,*,#1330,.F.);
#1889=ORIENTED_EDGE('',*,*,#1429,.F.);
#1890=ORIENTED_EDGE('',*,*,#1338,.T.);
#1891=ORIENTED_EDGE('',*,*,#1362,.T.);
#1892=ORIENTED_EDGE('',*,*,#1430,.F.);
#1893=ORIENTED_EDGE('',*,*,#1331,.F.);
#1894=ORIENTED_EDGE('',*,*,#1428,.T.);
#1895=ORIENTED_EDGE('',*,*,#1361,.T.);
#1896=ORIENTED_EDGE('',*,*,#1386,.F.);
#1897=ORIENTED_EDGE('',*,*,#1332,.F.);
#1898=ORIENTED_EDGE('',*,*,#1430,.T.);
#1899=ORIENTED_EDGE('',*,*,#1431,.T.);
#1900=ORIENTED_EDGE('',*,*,#1432,.F.);
#1901=ORIENTED_EDGE('',*,*,#1431,.F.);
#1902=ORIENTED_EDGE('',*,*,#1433,.T.);
#1903=ORIENTED_EDGE('',*,*,#1434,.F.);
#1904=ORIENTED_EDGE('',*,*,#1433,.F.);
#1905=ORIENTED_EDGE('',*,*,#1435,.T.);
#1906=ORIENTED_EDGE('',*,*,#1436,.F.);
#1907=ORIENTED_EDGE('',*,*,#1435,.F.);
#1908=ORIENTED_EDGE('',*,*,#1437,.T.);
#1909=ORIENTED_EDGE('',*,*,#1438,.F.);
#1910=ORIENTED_EDGE('',*,*,#1437,.F.);
#1911=ORIENTED_EDGE('',*,*,#1439,.T.);
#1912=ORIENTED_EDGE('',*,*,#1440,.F.);
#1913=ORIENTED_EDGE('',*,*,#1439,.F.);
#1914=ORIENTED_EDGE('',*,*,#1441,.T.);
#1915=ORIENTED_EDGE('',*,*,#1442,.F.);
#1916=ORIENTED_EDGE('',*,*,#1441,.F.);
#1917=ORIENTED_EDGE('',*,*,#1443,.T.);
#1918=ORIENTED_EDGE('',*,*,#1444,.F.);
#1919=ORIENTED_EDGE('',*,*,#1443,.F.);
#1920=ORIENTED_EDGE('',*,*,#1445,.T.);
#1921=ORIENTED_EDGE('',*,*,#1446,.F.);
#1922=ORIENTED_EDGE('',*,*,#1445,.F.);
#1923=ORIENTED_EDGE('',*,*,#1440,.T.);
#1924=ORIENTED_EDGE('',*,*,#1447,.T.);
#1925=ORIENTED_EDGE('',*,*,#1399,.F.);
#1926=ORIENTED_EDGE('',*,*,#1447,.F.);
#1927=ORIENTED_EDGE('',*,*,#1436,.T.);
#1928=ORIENTED_EDGE('',*,*,#1448,.T.);
#1929=ORIENTED_EDGE('',*,*,#1409,.F.);
#1930=ORIENTED_EDGE('',*,*,#1448,.F.);
#1931=ORIENTED_EDGE('',*,*,#1444,.T.);
#1932=ORIENTED_EDGE('',*,*,#1449,.T.);
#1933=ORIENTED_EDGE('',*,*,#1404,.F.);
#1934=ORIENTED_EDGE('',*,*,#1449,.F.);
#1935=ORIENTED_EDGE('',*,*,#1432,.T.);
#1936=ORIENTED_EDGE('',*,*,#1450,.T.);
#1937=ORIENTED_EDGE('',*,*,#1414,.F.);
#1938=ORIENTED_EDGE('',*,*,#1450,.F.);
#1939=ORIENTED_EDGE('',*,*,#1451,.F.);
#1940=ORIENTED_EDGE('',*,*,#1452,.F.);
#1941=ORIENTED_EDGE('',*,*,#1453,.T.);
#1942=ORIENTED_EDGE('',*,*,#1402,.F.);
#1943=ORIENTED_EDGE('',*,*,#1453,.F.);
#1944=ORIENTED_EDGE('',*,*,#1454,.F.);
#1945=ORIENTED_EDGE('',*,*,#1455,.T.);
#1946=ORIENTED_EDGE('',*,*,#1403,.F.);
#1947=ORIENTED_EDGE('',*,*,#1456,.F.);
#1948=ORIENTED_EDGE('',*,*,#1457,.F.);
#1949=ORIENTED_EDGE('',*,*,#1458,.T.);
#1950=ORIENTED_EDGE('',*,*,#1406,.F.);
#1951=ORIENTED_EDGE('',*,*,#1458,.F.);
#1952=ORIENTED_EDGE('',*,*,#1459,.F.);
#1953=ORIENTED_EDGE('',*,*,#1460,.F.);
#1954=ORIENTED_EDGE('',*,*,#1461,.T.);
#1955=ORIENTED_EDGE('',*,*,#1407,.F.);
#1956=ORIENTED_EDGE('',*,*,#1462,.T.);
#1957=ORIENTED_EDGE('',*,*,#1463,.F.);
#1958=ORIENTED_EDGE('',*,*,#1464,.T.);
#1959=ORIENTED_EDGE('',*,*,#1410,.F.);
#1960=ORIENTED_EDGE('',*,*,#1465,.F.);
#1961=ORIENTED_EDGE('',*,*,#1464,.F.);
#1962=ORIENTED_EDGE('',*,*,#1466,.F.);
#1963=ORIENTED_EDGE('',*,*,#1467,.T.);
#1964=ORIENTED_EDGE('',*,*,#1411,.F.);
#1965=ORIENTED_EDGE('',*,*,#1468,.F.);
#1966=ORIENTED_EDGE('',*,*,#1469,.F.);
#1967=ORIENTED_EDGE('',*,*,#1470,.T.);
#1968=ORIENTED_EDGE('',*,*,#1397,.F.);
#1969=ORIENTED_EDGE('',*,*,#1470,.F.);
#1970=ORIENTED_EDGE('',*,*,#1471,.F.);
#1971=ORIENTED_EDGE('',*,*,#1472,.T.);
#1972=ORIENTED_EDGE('',*,*,#1398,.F.);
#1973=ORIENTED_EDGE('',*,*,#1473,.T.);
#1974=ORIENTED_EDGE('',*,*,#1471,.T.);
#1975=ORIENTED_EDGE('',*,*,#1469,.T.);
#1976=ORIENTED_EDGE('',*,*,#1474,.T.);
#1977=ORIENTED_EDGE('',*,*,#1475,.T.);
#1978=ORIENTED_EDGE('',*,*,#1466,.T.);
#1979=ORIENTED_EDGE('',*,*,#1463,.T.);
#1980=ORIENTED_EDGE('',*,*,#1476,.T.);
#1981=ORIENTED_EDGE('',*,*,#1459,.T.);
#1982=ORIENTED_EDGE('',*,*,#1457,.T.);
#1983=ORIENTED_EDGE('',*,*,#1477,.T.);
#1984=ORIENTED_EDGE('',*,*,#1478,.T.);
#1985=ORIENTED_EDGE('',*,*,#1454,.T.);
#1986=ORIENTED_EDGE('',*,*,#1452,.T.);
#1987=ORIENTED_EDGE('',*,*,#1434,.T.);
#1988=ORIENTED_EDGE('',*,*,#1438,.T.);
#1989=ORIENTED_EDGE('',*,*,#1442,.T.);
#1990=ORIENTED_EDGE('',*,*,#1446,.T.);
#1991=ORIENTED_EDGE('',*,*,#1252,.T.);
#1992=ORIENTED_EDGE('',*,*,#1257,.T.);
#1993=ORIENTED_EDGE('',*,*,#1258,.T.);
#1994=ORIENTED_EDGE('',*,*,#1254,.T.);
#1995=ORIENTED_EDGE('',*,*,#1240,.T.);
#1996=ORIENTED_EDGE('',*,*,#1245,.T.);
#1997=ORIENTED_EDGE('',*,*,#1246,.T.);
#1998=ORIENTED_EDGE('',*,*,#1242,.T.);
#1999=ORIENTED_EDGE('',*,*,#1228,.T.);
#2000=ORIENTED_EDGE('',*,*,#1233,.T.);
#2001=ORIENTED_EDGE('',*,*,#1234,.T.);
#2002=ORIENTED_EDGE('',*,*,#1230,.T.);
#2003=ORIENTED_EDGE('',*,*,#1216,.T.);
#2004=ORIENTED_EDGE('',*,*,#1221,.T.);
#2005=ORIENTED_EDGE('',*,*,#1222,.T.);
#2006=ORIENTED_EDGE('',*,*,#1218,.T.);
#2007=ORIENTED_EDGE('',*,*,#1204,.T.);
#2008=ORIENTED_EDGE('',*,*,#1209,.T.);
#2009=ORIENTED_EDGE('',*,*,#1210,.T.);
#2010=ORIENTED_EDGE('',*,*,#1206,.T.);
#2011=ORIENTED_EDGE('',*,*,#1192,.T.);
#2012=ORIENTED_EDGE('',*,*,#1197,.T.);
#2013=ORIENTED_EDGE('',*,*,#1198,.T.);
#2014=ORIENTED_EDGE('',*,*,#1194,.T.);
#2015=ORIENTED_EDGE('',*,*,#1429,.T.);
#2016=ORIENTED_EDGE('',*,*,#1329,.T.);
#2017=ORIENTED_EDGE('',*,*,#1479,.T.);
#2018=ORIENTED_EDGE('',*,*,#1480,.T.);
#2019=ORIENTED_EDGE('',*,*,#1480,.F.);
#2020=ORIENTED_EDGE('',*,*,#1481,.F.);
#2021=ORIENTED_EDGE('',*,*,#1482,.F.);
#2022=ORIENTED_EDGE('',*,*,#1483,.F.);
#2023=ORIENTED_EDGE('',*,*,#1374,.F.);
#2024=ORIENTED_EDGE('',*,*,#1484,.F.);
#2025=ORIENTED_EDGE('',*,*,#1485,.F.);
#2026=ORIENTED_EDGE('',*,*,#1335,.F.);
#2027=ORIENTED_EDGE('',*,*,#1373,.T.);
#2028=ORIENTED_EDGE('',*,*,#1483,.T.);
#2029=ORIENTED_EDGE('',*,*,#1486,.F.);
#2030=ORIENTED_EDGE('',*,*,#1326,.F.);
#2031=ORIENTED_EDGE('',*,*,#1482,.T.);
#2032=ORIENTED_EDGE('',*,*,#1487,.F.);
#2033=ORIENTED_EDGE('',*,*,#1327,.T.);
#2034=ORIENTED_EDGE('',*,*,#1486,.T.);
#2035=ORIENTED_EDGE('',*,*,#1279,.T.);
#2036=ORIENTED_EDGE('',*,*,#1281,.T.);
#2037=ORIENTED_EDGE('',*,*,#1277,.T.);
#2038=ORIENTED_EDGE('',*,*,#1282,.T.);
#2039=ORIENTED_EDGE('',*,*,#1481,.T.);
#2040=ORIENTED_EDGE('',*,*,#1479,.F.);
#2041=ORIENTED_EDGE('',*,*,#1328,.T.);
#2042=ORIENTED_EDGE('',*,*,#1487,.T.);
#2043=ORIENTED_EDGE('',*,*,#1423,.T.);
#2044=ORIENTED_EDGE('',*,*,#1311,.T.);
#2045=ORIENTED_EDGE('',*,*,#1488,.T.);
#2046=ORIENTED_EDGE('',*,*,#1489,.T.);
#2047=ORIENTED_EDGE('',*,*,#1489,.F.);
#2048=ORIENTED_EDGE('',*,*,#1490,.F.);
#2049=ORIENTED_EDGE('',*,*,#1491,.F.);
#2050=ORIENTED_EDGE('',*,*,#1492,.F.);
#2051=ORIENTED_EDGE('',*,*,#1295,.F.);
#2052=ORIENTED_EDGE('',*,*,#1493,.F.);
#2053=ORIENTED_EDGE('',*,*,#1494,.F.);
#2054=ORIENTED_EDGE('',*,*,#1291,.F.);
#2055=ORIENTED_EDGE('',*,*,#1394,.T.);
#2056=ORIENTED_EDGE('',*,*,#1492,.T.);
#2057=ORIENTED_EDGE('',*,*,#1495,.F.);
#2058=ORIENTED_EDGE('',*,*,#1308,.F.);
#2059=ORIENTED_EDGE('',*,*,#1491,.T.);
#2060=ORIENTED_EDGE('',*,*,#1496,.F.);
#2061=ORIENTED_EDGE('',*,*,#1309,.T.);
#2062=ORIENTED_EDGE('',*,*,#1495,.T.);
#2063=ORIENTED_EDGE('',*,*,#1261,.T.);
#2064=ORIENTED_EDGE('',*,*,#1263,.T.);
#2065=ORIENTED_EDGE('',*,*,#1259,.T.);
#2066=ORIENTED_EDGE('',*,*,#1264,.T.);
#2067=ORIENTED_EDGE('',*,*,#1490,.T.);
#2068=ORIENTED_EDGE('',*,*,#1488,.F.);
#2069=ORIENTED_EDGE('',*,*,#1310,.T.);
#2070=ORIENTED_EDGE('',*,*,#1496,.T.);
#2071=ORIENTED_EDGE('',*,*,#1426,.T.);
#2072=ORIENTED_EDGE('',*,*,#1320,.T.);
#2073=ORIENTED_EDGE('',*,*,#1497,.T.);
#2074=ORIENTED_EDGE('',*,*,#1498,.T.);
#2075=ORIENTED_EDGE('',*,*,#1395,.T.);
#2076=ORIENTED_EDGE('',*,*,#1472,.F.);
#2077=ORIENTED_EDGE('',*,*,#1473,.F.);
#2078=ORIENTED_EDGE('',*,*,#1451,.T.);
#2079=ORIENTED_EDGE('',*,*,#1401,.T.);
#2080=ORIENTED_EDGE('',*,*,#1499,.T.);
#2081=ORIENTED_EDGE('',*,*,#1484,.T.);
#2082=ORIENTED_EDGE('',*,*,#1375,.T.);
#2083=ORIENTED_EDGE('',*,*,#1340,.T.);
#2084=ORIENTED_EDGE('',*,*,#1417,.T.);
#2085=ORIENTED_EDGE('',*,*,#1419,.T.);
#2086=ORIENTED_EDGE('',*,*,#1382,.T.);
#2087=ORIENTED_EDGE('',*,*,#1354,.T.);
#2088=ORIENTED_EDGE('',*,*,#1288,.F.);
#2089=ORIENTED_EDGE('',*,*,#1500,.T.);
#2090=ORIENTED_EDGE('',*,*,#1501,.F.);
#2091=ORIENTED_EDGE('',*,*,#1502,.F.);
#2092=ORIENTED_EDGE('',*,*,#1503,.F.);
#2093=ORIENTED_EDGE('',*,*,#1504,.F.);
#2094=ORIENTED_EDGE('',*,*,#1380,.F.);
#2095=ORIENTED_EDGE('',*,*,#1505,.F.);
#2096=ORIENTED_EDGE('',*,*,#1500,.F.);
#2097=ORIENTED_EDGE('',*,*,#1287,.F.);
#2098=ORIENTED_EDGE('',*,*,#1498,.F.);
#2099=ORIENTED_EDGE('',*,*,#1505,.T.);
#2100=ORIENTED_EDGE('',*,*,#1381,.T.);
#2101=ORIENTED_EDGE('',*,*,#1347,.T.);
#2102=ORIENTED_EDGE('',*,*,#1292,.F.);
#2103=ORIENTED_EDGE('',*,*,#1494,.T.);
#2104=ORIENTED_EDGE('',*,*,#1506,.F.);
#2105=ORIENTED_EDGE('',*,*,#1412,.F.);
#2106=ORIENTED_EDGE('',*,*,#1467,.F.);
#2107=ORIENTED_EDGE('',*,*,#1475,.F.);
#2108=ORIENTED_EDGE('',*,*,#1474,.F.);
#2109=ORIENTED_EDGE('',*,*,#1468,.T.);
#2110=ORIENTED_EDGE('',*,*,#1396,.F.);
#2111=ORIENTED_EDGE('',*,*,#1501,.T.);
#2112=ORIENTED_EDGE('',*,*,#1379,.T.);
#2113=ORIENTED_EDGE('',*,*,#1504,.T.);
#2114=ORIENTED_EDGE('',*,*,#1507,.F.);
#2115=ORIENTED_EDGE('',*,*,#1317,.F.);
#2116=ORIENTED_EDGE('',*,*,#1503,.T.);
#2117=ORIENTED_EDGE('',*,*,#1508,.F.);
#2118=ORIENTED_EDGE('',*,*,#1318,.T.);
#2119=ORIENTED_EDGE('',*,*,#1507,.T.);
#2120=ORIENTED_EDGE('',*,*,#1502,.T.);
#2121=ORIENTED_EDGE('',*,*,#1497,.F.);
#2122=ORIENTED_EDGE('',*,*,#1319,.T.);
#2123=ORIENTED_EDGE('',*,*,#1508,.T.);
#2124=ORIENTED_EDGE('',*,*,#1273,.T.);
#2125=ORIENTED_EDGE('',*,*,#1275,.T.);
#2126=ORIENTED_EDGE('',*,*,#1271,.T.);
#2127=ORIENTED_EDGE('',*,*,#1276,.T.);
#2128=ORIENTED_EDGE('',*,*,#1408,.T.);
#2129=ORIENTED_EDGE('',*,*,#1461,.F.);
#2130=ORIENTED_EDGE('',*,*,#1460,.T.);
#2131=ORIENTED_EDGE('',*,*,#1476,.F.);
#2132=ORIENTED_EDGE('',*,*,#1462,.F.);
#2133=ORIENTED_EDGE('',*,*,#1465,.T.);
#2134=ORIENTED_EDGE('',*,*,#1413,.T.);
#2135=ORIENTED_EDGE('',*,*,#1506,.T.);
#2136=ORIENTED_EDGE('',*,*,#1493,.T.);
#2137=ORIENTED_EDGE('',*,*,#1298,.T.);
#2138=ORIENTED_EDGE('',*,*,#1364,.T.);
#2139=ORIENTED_EDGE('',*,*,#1284,.F.);
#2140=ORIENTED_EDGE('',*,*,#1509,.T.);
#2141=ORIENTED_EDGE('',*,*,#1510,.F.);
#2142=ORIENTED_EDGE('',*,*,#1511,.F.);
#2143=ORIENTED_EDGE('',*,*,#1512,.F.);
#2144=ORIENTED_EDGE('',*,*,#1513,.F.);
#2145=ORIENTED_EDGE('',*,*,#1389,.F.);
#2146=ORIENTED_EDGE('',*,*,#1514,.F.);
#2147=ORIENTED_EDGE('',*,*,#1509,.F.);
#2148=ORIENTED_EDGE('',*,*,#1283,.F.);
#2149=ORIENTED_EDGE('',*,*,#1515,.F.);
#2150=ORIENTED_EDGE('',*,*,#1514,.T.);
#2151=ORIENTED_EDGE('',*,*,#1390,.T.);
#2152=ORIENTED_EDGE('',*,*,#1357,.T.);
#2153=ORIENTED_EDGE('',*,*,#1336,.F.);
#2154=ORIENTED_EDGE('',*,*,#1485,.T.);
#2155=ORIENTED_EDGE('',*,*,#1499,.F.);
#2156=ORIENTED_EDGE('',*,*,#1400,.F.);
#2157=ORIENTED_EDGE('',*,*,#1455,.F.);
#2158=ORIENTED_EDGE('',*,*,#1478,.F.);
#2159=ORIENTED_EDGE('',*,*,#1477,.F.);
#2160=ORIENTED_EDGE('',*,*,#1456,.T.);
#2161=ORIENTED_EDGE('',*,*,#1405,.F.);
#2162=ORIENTED_EDGE('',*,*,#1510,.T.);
#2163=ORIENTED_EDGE('',*,*,#1388,.T.);
#2164=ORIENTED_EDGE('',*,*,#1513,.T.);
#2165=ORIENTED_EDGE('',*,*,#1516,.F.);
#2166=ORIENTED_EDGE('',*,*,#1299,.F.);
#2167=ORIENTED_EDGE('',*,*,#1512,.T.);
#2168=ORIENTED_EDGE('',*,*,#1517,.F.);
#2169=ORIENTED_EDGE('',*,*,#1300,.T.);
#2170=ORIENTED_EDGE('',*,*,#1516,.T.);
#2171=ORIENTED_EDGE('',*,*,#1511,.T.);
#2172=ORIENTED_EDGE('',*,*,#1518,.F.);
#2173=ORIENTED_EDGE('',*,*,#1301,.T.);
#2174=ORIENTED_EDGE('',*,*,#1517,.T.);
#2175=ORIENTED_EDGE('',*,*,#1267,.T.);
#2176=ORIENTED_EDGE('',*,*,#1269,.T.);
#2177=ORIENTED_EDGE('',*,*,#1265,.T.);
#2178=ORIENTED_EDGE('',*,*,#1270,.T.);
#2179=ORIENTED_EDGE('',*,*,#1421,.T.);
#2180=ORIENTED_EDGE('',*,*,#1302,.T.);
#2181=ORIENTED_EDGE('',*,*,#1518,.T.);
#2182=ORIENTED_EDGE('',*,*,#1515,.T.);
#2183=PLANE('',#2438);
#2184=PLANE('',#2439);
#2185=PLANE('',#2440);
#2186=PLANE('',#2441);
#2187=PLANE('',#2442);
#2188=PLANE('',#2443);
#2189=PLANE('',#2444);
#2190=PLANE('',#2445);
#2191=PLANE('',#2446);
#2192=PLANE('',#2447);
#2193=PLANE('',#2448);
#2194=PLANE('',#2449);
#2195=PLANE('',#2450);
#2196=PLANE('',#2451);
#2197=PLANE('',#2452);
#2198=PLANE('',#2453);
#2199=PLANE('',#2454);
#2200=PLANE('',#2455);
#2201=PLANE('',#2456);
#2202=PLANE('',#2457);
#2203=PLANE('',#2458);
#2204=PLANE('',#2459);
#2205=PLANE('',#2460);
#2206=PLANE('',#2461);
#2207=PLANE('',#2462);
#2208=PLANE('',#2463);
#2209=PLANE('',#2464);
#2210=PLANE('',#2465);
#2211=PLANE('',#2466);
#2212=PLANE('',#2467);
#2213=PLANE('',#2468);
#2214=PLANE('',#2470);
#2215=PLANE('',#2473);
#2216=PLANE('',#2475);
#2217=PLANE('',#2478);
#2218=PLANE('',#2480);
#2219=PLANE('',#2483);
#2220=PLANE('',#2485);
#2221=PLANE('',#2488);
#2222=PLANE('',#2489);
#2223=PLANE('',#2490);
#2224=PLANE('',#2491);
#2225=PLANE('',#2492);
#2226=PLANE('',#2493);
#2227=PLANE('',#2494);
#2228=PLANE('',#2495);
#2229=PLANE('',#2496);
#2230=PLANE('',#2497);
#2231=PLANE('',#2498);
#2232=PLANE('',#2499);
#2233=PLANE('',#2500);
#2234=PLANE('',#2501);
#2235=PLANE('',#2502);
#2236=PLANE('',#2503);
#2237=PLANE('',#2504);
#2238=PLANE('',#2505);
#2239=PLANE('',#2506);
#2240=PLANE('',#2507);
#2241=PLANE('',#2508);
#2242=PLANE('',#2509);
#2243=PLANE('',#2510);
#2244=PLANE('',#2511);
#2245=PLANE('',#2512);
#2246=PLANE('',#2515);
#2247=PLANE('',#2518);
#2248=PLANE('',#2521);
#2249=PLANE('',#2524);
#2250=PLANE('',#2525);
#2251=PLANE('',#2526);
#2252=PLANE('',#2527);
#2253=PLANE('',#2528);
#2254=PLANE('',#2529);
#2255=PLANE('',#2530);
#2256=PLANE('',#2531);
#2257=PLANE('',#2532);
#2258=PLANE('',#2533);
#2259=PLANE('',#2534);
#2260=PLANE('',#2535);
#2261=PLANE('',#2536);
#2262=PLANE('',#2537);
#2263=PLANE('',#2542);
#2264=PLANE('',#2547);
#2265=PLANE('',#2552);
#2266=PLANE('',#2561);
#2267=PLANE('',#2566);
#2268=PLANE('',#2567);
#2269=PLANE('',#2572);
#2270=PLANE('',#2573);
#2271=PLANE('',#2574);
#2272=PLANE('',#2575);
#2273=PLANE('',#2576);
#2274=PLANE('',#2577);
#2275=PLANE('',#2578);
#2276=PLANE('',#2579);
#2277=PLANE('',#2580);
#2278=PLANE('',#2581);
#2279=PLANE('',#2582);
#2280=PLANE('',#2583);
#2281=PLANE('',#2584);
#2282=PLANE('',#2585);
#2283=PLANE('',#2586);
#2284=PLANE('',#2587);
#2285=PLANE('',#2588);
#2286=PLANE('',#2589);
#2287=PLANE('',#2590);
#2288=PLANE('',#2591);
#2289=PLANE('',#2592);
#2290=PLANE('',#2593);
#2291=PLANE('',#2594);
#2292=PLANE('',#2595);
#2293=PLANE('',#2596);
#2294=PLANE('',#2597);
#2295=ADVANCED_FACE('',(#89),#2183,.T.);
#2296=ADVANCED_FACE('',(#90),#2184,.F.);
#2297=ADVANCED_FACE('',(#91),#2185,.F.);
#2298=ADVANCED_FACE('',(#92),#2186,.F.);
#2299=ADVANCED_FACE('',(#93),#2187,.F.);
#2300=ADVANCED_FACE('',(#94),#2188,.T.);
#2301=ADVANCED_FACE('',(#95),#2189,.F.);
#2302=ADVANCED_FACE('',(#96),#2190,.F.);
#2303=ADVANCED_FACE('',(#97),#2191,.F.);
#2304=ADVANCED_FACE('',(#98),#2192,.F.);
#2305=ADVANCED_FACE('',(#99),#2193,.T.);
#2306=ADVANCED_FACE('',(#100),#2194,.F.);
#2307=ADVANCED_FACE('',(#101),#2195,.F.);
#2308=ADVANCED_FACE('',(#102),#2196,.F.);
#2309=ADVANCED_FACE('',(#103),#2197,.F.);
#2310=ADVANCED_FACE('',(#104),#2198,.T.);
#2311=ADVANCED_FACE('',(#105),#2199,.F.);
#2312=ADVANCED_FACE('',(#106),#2200,.F.);
#2313=ADVANCED_FACE('',(#107),#2201,.F.);
#2314=ADVANCED_FACE('',(#108),#2202,.F.);
#2315=ADVANCED_FACE('',(#109),#2203,.T.);
#2316=ADVANCED_FACE('',(#110),#2204,.F.);
#2317=ADVANCED_FACE('',(#111),#2205,.F.);
#2318=ADVANCED_FACE('',(#112),#2206,.F.);
#2319=ADVANCED_FACE('',(#113),#2207,.F.);
#2320=ADVANCED_FACE('',(#114),#2208,.T.);
#2321=ADVANCED_FACE('',(#115),#2209,.F.);
#2322=ADVANCED_FACE('',(#116),#2210,.F.);
#2323=ADVANCED_FACE('',(#117),#2211,.F.);
#2324=ADVANCED_FACE('',(#118),#2212,.F.);
#2325=ADVANCED_FACE('',(#119),#2213,.F.);
#2326=ADVANCED_FACE('',(#120),#2214,.T.);
#2327=ADVANCED_FACE('',(#121),#41,.F.);
#2328=ADVANCED_FACE('',(#122),#2215,.F.);
#2329=ADVANCED_FACE('',(#123),#2216,.T.);
#2330=ADVANCED_FACE('',(#124),#42,.F.);
#2331=ADVANCED_FACE('',(#125),#2217,.F.);
#2332=ADVANCED_FACE('',(#126),#2218,.T.);
#2333=ADVANCED_FACE('',(#127),#43,.F.);
#2334=ADVANCED_FACE('',(#128),#2219,.F.);
#2335=ADVANCED_FACE('',(#129),#2220,.T.);
#2336=ADVANCED_FACE('',(#130),#44,.F.);
#2337=ADVANCED_FACE('',(#131),#2221,.T.);
#2338=ADVANCED_FACE('',(#132),#2222,.T.);
#2339=ADVANCED_FACE('',(#133),#2223,.T.);
#2340=ADVANCED_FACE('',(#134),#2224,.T.);
#2341=ADVANCED_FACE('',(#135),#2225,.T.);
#2342=ADVANCED_FACE('',(#136),#2226,.T.);
#2343=ADVANCED_FACE('',(#137),#2227,.F.);
#2344=ADVANCED_FACE('',(#138),#2228,.F.);
#2345=ADVANCED_FACE('',(#139),#2229,.F.);
#2346=ADVANCED_FACE('',(#140),#2230,.F.);
#2347=ADVANCED_FACE('',(#141),#2231,.F.);
#2348=ADVANCED_FACE('',(#142),#2232,.T.);
#2349=ADVANCED_FACE('',(#143),#2233,.T.);
#2350=ADVANCED_FACE('',(#144),#2234,.T.);
#2351=ADVANCED_FACE('',(#145),#2235,.T.);
#2352=ADVANCED_FACE('',(#146),#2236,.T.);
#2353=ADVANCED_FACE('',(#147),#2237,.T.);
#2354=ADVANCED_FACE('',(#148),#2238,.F.);
#2355=ADVANCED_FACE('',(#149),#2239,.T.);
#2356=ADVANCED_FACE('',(#150),#2240,.T.);
#2357=ADVANCED_FACE('',(#151),#2241,.T.);
#2358=ADVANCED_FACE('',(#152),#2242,.T.);
#2359=ADVANCED_FACE('',(#153),#2243,.T.);
#2360=ADVANCED_FACE('',(#154),#2244,.T.);
#2361=ADVANCED_FACE('',(#155,#19),#2245,.T.);
#2362=ADVANCED_FACE('',(#156,#20),#2246,.T.);
#2363=ADVANCED_FACE('',(#157,#21),#2247,.T.);
#2364=ADVANCED_FACE('',(#158,#22),#2248,.T.);
#2365=ADVANCED_FACE('',(#159),#2249,.F.);
#2366=ADVANCED_FACE('',(#160),#2250,.F.);
#2367=ADVANCED_FACE('',(#161),#2251,.T.);
#2368=ADVANCED_FACE('',(#162),#2252,.T.);
#2369=ADVANCED_FACE('',(#163),#2253,.T.);
#2370=ADVANCED_FACE('',(#164),#2254,.T.);
#2371=ADVANCED_FACE('',(#165),#2255,.T.);
#2372=ADVANCED_FACE('',(#166),#2256,.T.);
#2373=ADVANCED_FACE('',(#167),#2257,.T.);
#2374=ADVANCED_FACE('',(#168),#2258,.T.);
#2375=ADVANCED_FACE('',(#169),#2259,.T.);
#2376=ADVANCED_FACE('',(#170),#2260,.T.);
#2377=ADVANCED_FACE('',(#171),#2261,.T.);
#2378=ADVANCED_FACE('',(#172,#23),#2262,.F.);
#2379=ADVANCED_FACE('',(#173),#45,.F.);
#2380=ADVANCED_FACE('',(#174,#24),#2263,.F.);
#2381=ADVANCED_FACE('',(#175),#46,.F.);
#2382=ADVANCED_FACE('',(#176,#25),#2264,.F.);
#2383=ADVANCED_FACE('',(#177),#47,.F.);
#2384=ADVANCED_FACE('',(#178,#26),#2265,.F.);
#2385=ADVANCED_FACE('',(#179),#48,.F.);
#2386=ADVANCED_FACE('',(#180),#49,.F.);
#2387=ADVANCED_FACE('',(#181),#50,.F.);
#2388=ADVANCED_FACE('',(#182),#51,.F.);
#2389=ADVANCED_FACE('',(#183),#52,.F.);
#2390=ADVANCED_FACE('',(#184),#2266,.T.);
#2391=ADVANCED_FACE('',(#185),#53,.T.);
#2392=ADVANCED_FACE('',(#186),#54,.T.);
#2393=ADVANCED_FACE('',(#187),#2267,.T.);
#2394=ADVANCED_FACE('',(#188),#2268,.T.);
#2395=ADVANCED_FACE('',(#189),#55,.T.);
#2396=ADVANCED_FACE('',(#190),#56,.T.);
#2397=ADVANCED_FACE('',(#191),#2269,.T.);
#2398=ADVANCED_FACE('',(#192,#27,#28,#29,#30,#31,#32,#33,#34,#35,#36),#2270,
 .F.);
#2399=ADVANCED_FACE('',(#193),#2271,.T.);
#2400=ADVANCED_FACE('',(#194),#2272,.F.);
#2401=ADVANCED_FACE('',(#195),#2273,.T.);
#2402=ADVANCED_FACE('',(#196,#37),#2274,.T.);
#2403=ADVANCED_FACE('',(#197),#2275,.T.);
#2404=ADVANCED_FACE('',(#198),#2276,.T.);
#2405=ADVANCED_FACE('',(#199),#2277,.F.);
#2406=ADVANCED_FACE('',(#200),#2278,.T.);
#2407=ADVANCED_FACE('',(#201,#38),#2279,.T.);
#2408=ADVANCED_FACE('',(#202),#2280,.T.);
#2409=ADVANCED_FACE('',(#203),#2281,.T.);
#2410=ADVANCED_FACE('',(#204),#2282,.T.);
#2411=ADVANCED_FACE('',(#205),#2283,.F.);
#2412=ADVANCED_FACE('',(#206),#2284,.T.);
#2413=ADVANCED_FACE('',(#207),#2285,.T.);
#2414=ADVANCED_FACE('',(#208),#2286,.T.);
#2415=ADVANCED_FACE('',(#209,#39),#2287,.T.);
#2416=ADVANCED_FACE('',(#210),#2288,.T.);
#2417=ADVANCED_FACE('',(#211),#2289,.F.);
#2418=ADVANCED_FACE('',(#212),#2290,.T.);
#2419=ADVANCED_FACE('',(#213),#2291,.T.);
#2420=ADVANCED_FACE('',(#214),#2292,.T.);
#2421=ADVANCED_FACE('',(#215,#40),#2293,.T.);
#2422=ADVANCED_FACE('',(#216),#2294,.T.);
#2423=CLOSED_SHELL('',(#2295,#2296,#2297,#2298,#2299,#2300,#2301,#2302,
#2303,#2304,#2305,#2306,#2307,#2308,#2309,#2310,#2311,#2312,#2313,#2314,
#2315,#2316,#2317,#2318,#2319,#2320,#2321,#2322,#2323,#2324,#2325,#2326,
#2327,#2328,#2329,#2330,#2331,#2332,#2333,#2334,#2335,#2336,#2337,#2338,
#2339,#2340,#2341,#2342,#2343,#2344,#2345,#2346,#2347,#2348,#2349,#2350,
#2351,#2352,#2353,#2354,#2355,#2356,#2357,#2358,#2359,#2360,#2361,#2362,
#2363,#2364,#2365,#2366,#2367,#2368,#2369,#2370,#2371,#2372,#2373,#2374,
#2375,#2376,#2377,#2378,#2379,#2380,#2381,#2382,#2383,#2384,#2385,#2386,
#2387,#2388,#2389,#2390,#2391,#2392,#2393,#2394,#2395,#2396,#2397,#2398,
#2399,#2400,#2401,#2402,#2403,#2404,#2405,#2406,#2407,#2408,#2409,#2410,
#2411,#2412,#2413,#2414,#2415,#2416,#2417,#2418,#2419,#2420,#2421,#2422));
#2424=DERIVED_UNIT_ELEMENT(#2426,1.);
#2425=DERIVED_UNIT_ELEMENT(#3915,-3.);
#2426=(
MASS_UNIT()
NAMED_UNIT(*)
SI_UNIT(.KILO.,.GRAM.)
);
#2427=DERIVED_UNIT((#2424,#2425));
#2428=MEASURE_REPRESENTATION_ITEM('density measure',
POSITIVE_RATIO_MEASURE(7850.),#2427);
#2429=PROPERTY_DEFINITION_REPRESENTATION(#2434,#2431);
#2430=PROPERTY_DEFINITION_REPRESENTATION(#2435,#2432);
#2431=REPRESENTATION('material name',(#2433),#3912);
#2432=REPRESENTATION('density',(#2428),#3912);
#2433=DESCRIPTIVE_REPRESENTATION_ITEM('Steel','Steel');
#2434=PROPERTY_DEFINITION('material property','material name',#3927);
#2435=PROPERTY_DEFINITION('material property','density of part',#3927);
#2436=AXIS2_PLACEMENT_3D('',#3225,#2599,#2600);
#2437=AXIS2_PLACEMENT_3D('',#3226,#2601,#2602);
#2438=AXIS2_PLACEMENT_3D('',#3227,#2603,#2604);
#2439=AXIS2_PLACEMENT_3D('',#3236,#2609,#2610);
#2440=AXIS2_PLACEMENT_3D('',#3242,#2614,#2615);
#2441=AXIS2_PLACEMENT_3D('',#3246,#2618,#2619);
#2442=AXIS2_PLACEMENT_3D('',#3250,#2622,#2623);
#2443=AXIS2_PLACEMENT_3D('',#3252,#2625,#2626);
#2444=AXIS2_PLACEMENT_3D('',#3261,#2631,#2632);
#2445=AXIS2_PLACEMENT_3D('',#3267,#2636,#2637);
#2446=AXIS2_PLACEMENT_3D('',#3271,#2640,#2641);
#2447=AXIS2_PLACEMENT_3D('',#3275,#2644,#2645);
#2448=AXIS2_PLACEMENT_3D('',#3277,#2647,#2648);
#2449=AXIS2_PLACEMENT_3D('',#3286,#2653,#2654);
#2450=AXIS2_PLACEMENT_3D('',#3292,#2658,#2659);
#2451=AXIS2_PLACEMENT_3D('',#3296,#2662,#2663);
#2452=AXIS2_PLACEMENT_3D('',#3300,#2666,#2667);
#2453=AXIS2_PLACEMENT_3D('',#3302,#2669,#2670);
#2454=AXIS2_PLACEMENT_3D('',#3311,#2675,#2676);
#2455=AXIS2_PLACEMENT_3D('',#3317,#2680,#2681);
#2456=AXIS2_PLACEMENT_3D('',#3321,#2684,#2685);
#2457=AXIS2_PLACEMENT_3D('',#3325,#2688,#2689);
#2458=AXIS2_PLACEMENT_3D('',#3327,#2691,#2692);
#2459=AXIS2_PLACEMENT_3D('',#3336,#2697,#2698);
#2460=AXIS2_PLACEMENT_3D('',#3342,#2702,#2703);
#2461=AXIS2_PLACEMENT_3D('',#3346,#2706,#2707);
#2462=AXIS2_PLACEMENT_3D('',#3350,#2710,#2711);
#2463=AXIS2_PLACEMENT_3D('',#3352,#2713,#2714);
#2464=AXIS2_PLACEMENT_3D('',#3361,#2719,#2720);
#2465=AXIS2_PLACEMENT_3D('',#3367,#2724,#2725);
#2466=AXIS2_PLACEMENT_3D('',#3371,#2728,#2729);
#2467=AXIS2_PLACEMENT_3D('',#3375,#2732,#2733);
#2468=AXIS2_PLACEMENT_3D('',#3377,#2735,#2736);
#2469=AXIS2_PLACEMENT_3D('',#3381,#2738,#2739);
#2470=AXIS2_PLACEMENT_3D('',#3382,#2740,#2741);
#2471=AXIS2_PLACEMENT_3D('',#3386,#2743,#2744);
#2472=AXIS2_PLACEMENT_3D('',#3387,#2745,#2746);
#2473=AXIS2_PLACEMENT_3D('',#3390,#2749,#2750);
#2474=AXIS2_PLACEMENT_3D('',#3394,#2752,#2753);
#2475=AXIS2_PLACEMENT_3D('',#3395,#2754,#2755);
#2476=AXIS2_PLACEMENT_3D('',#3399,#2757,#2758);
#2477=AXIS2_PLACEMENT_3D('',#3400,#2759,#2760);
#2478=AXIS2_PLACEMENT_3D('',#3403,#2763,#2764);
#2479=AXIS2_PLACEMENT_3D('',#3407,#2766,#2767);
#2480=AXIS2_PLACEMENT_3D('',#3408,#2768,#2769);
#2481=AXIS2_PLACEMENT_3D('',#3412,#2771,#2772);
#2482=AXIS2_PLACEMENT_3D('',#3413,#2773,#2774);
#2483=AXIS2_PLACEMENT_3D('',#3416,#2777,#2778);
#2484=AXIS2_PLACEMENT_3D('',#3420,#2780,#2781);
#2485=AXIS2_PLACEMENT_3D('',#3421,#2782,#2783);
#2486=AXIS2_PLACEMENT_3D('',#3425,#2785,#2786);
#2487=AXIS2_PLACEMENT_3D('',#3426,#2787,#2788);
#2488=AXIS2_PLACEMENT_3D('',#3429,#2791,#2792);
#2489=AXIS2_PLACEMENT_3D('',#3438,#2797,#2798);
#2490=AXIS2_PLACEMENT_3D('',#3447,#2803,#2804);
#2491=AXIS2_PLACEMENT_3D('',#3456,#2809,#2810);
#2492=AXIS2_PLACEMENT_3D('',#3465,#2815,#2816);
#2493=AXIS2_PLACEMENT_3D('',#3538,#2853,#2854);
#2494=AXIS2_PLACEMENT_3D('',#3547,#2859,#2860);
#2495=AXIS2_PLACEMENT_3D('',#3564,#2869,#2870);
#2496=AXIS2_PLACEMENT_3D('',#3578,#2878,#2879);
#2497=AXIS2_PLACEMENT_3D('',#3584,#2883,#2884);
#2498=AXIS2_PLACEMENT_3D('',#3598,#2892,#2893);
#2499=AXIS2_PLACEMENT_3D('',#3609,#2900,#2901);
#2500=AXIS2_PLACEMENT_3D('',#3612,#2904,#2905);
#2501=AXIS2_PLACEMENT_3D('',#3616,#2908,#2909);
#2502=AXIS2_PLACEMENT_3D('',#3620,#2912,#2913);
#2503=AXIS2_PLACEMENT_3D('',#3623,#2916,#2917);
#2504=AXIS2_PLACEMENT_3D('',#3627,#2920,#2921);
#2505=AXIS2_PLACEMENT_3D('',#3631,#2924,#2925);
#2506=AXIS2_PLACEMENT_3D('',#3637,#2929,#2930);
#2507=AXIS2_PLACEMENT_3D('',#3640,#2933,#2934);
#2508=AXIS2_PLACEMENT_3D('',#3644,#2937,#2938);
#2509=AXIS2_PLACEMENT_3D('',#3648,#2941,#2942);
#2510=AXIS2_PLACEMENT_3D('',#3651,#2945,#2946);
#2511=AXIS2_PLACEMENT_3D('',#3653,#2948,#2949);
#2512=AXIS2_PLACEMENT_3D('',#3655,#2951,#2952);
#2513=AXIS2_PLACEMENT_3D('',#3662,#2955,#2956);
#2514=AXIS2_PLACEMENT_3D('',#3665,#2958,#2959);
#2515=AXIS2_PLACEMENT_3D('',#3666,#2960,#2961);
#2516=AXIS2_PLACEMENT_3D('',#3674,#2965,#2966);
#2517=AXIS2_PLACEMENT_3D('',#3676,#2967,#2968);
#2518=AXIS2_PLACEMENT_3D('',#3677,#2969,#2970);
#2519=AXIS2_PLACEMENT_3D('',#3682,#2972,#2973);
#2520=AXIS2_PLACEMENT_3D('',#3687,#2976,#2977);
#2521=AXIS2_PLACEMENT_3D('',#3688,#2978,#2979);
#2522=AXIS2_PLACEMENT_3D('',#3693,#2981,#2982);
#2523=AXIS2_PLACEMENT_3D('',#3698,#2985,#2986);
#2524=AXIS2_PLACEMENT_3D('',#3699,#2987,#2988);
#2525=AXIS2_PLACEMENT_3D('',#3705,#2992,#2993);
#2526=AXIS2_PLACEMENT_3D('',#3708,#2996,#2997);
#2527=AXIS2_PLACEMENT_3D('',#3710,#2999,#3000);
#2528=AXIS2_PLACEMENT_3D('',#3712,#3002,#3003);
#2529=AXIS2_PLACEMENT_3D('',#3715,#3006,#3007);
#2530=AXIS2_PLACEMENT_3D('',#3717,#3009,#3010);
#2531=AXIS2_PLACEMENT_3D('',#3718,#3011,#3012);
#2532=AXIS2_PLACEMENT_3D('',#3721,#3015,#3016);
#2533=AXIS2_PLACEMENT_3D('',#3723,#3018,#3019);
#2534=AXIS2_PLACEMENT_3D('',#3724,#3020,#3021);
#2535=AXIS2_PLACEMENT_3D('',#3727,#3024,#3025);
#2536=AXIS2_PLACEMENT_3D('',#3729,#3027,#3028);
#2537=AXIS2_PLACEMENT_3D('',#3730,#3029,#3030);
#2538=AXIS2_PLACEMENT_3D('',#3732,#3031,#3032);
#2539=AXIS2_PLACEMENT_3D('',#3734,#3033,#3034);
#2540=AXIS2_PLACEMENT_3D('',#3735,#3035,#3036);
#2541=AXIS2_PLACEMENT_3D('',#3738,#3038,#3039);
#2542=AXIS2_PLACEMENT_3D('',#3739,#3040,#3041);
#2543=AXIS2_PLACEMENT_3D('',#3741,#3042,#3043);
#2544=AXIS2_PLACEMENT_3D('',#3743,#3044,#3045);
#2545=AXIS2_PLACEMENT_3D('',#3744,#3046,#3047);
#2546=AXIS2_PLACEMENT_3D('',#3747,#3049,#3050);
#2547=AXIS2_PLACEMENT_3D('',#3748,#3051,#3052);
#2548=AXIS2_PLACEMENT_3D('',#3750,#3053,#3054);
#2549=AXIS2_PLACEMENT_3D('',#3752,#3055,#3056);
#2550=AXIS2_PLACEMENT_3D('',#3753,#3057,#3058);
#2551=AXIS2_PLACEMENT_3D('',#3756,#3060,#3061);
#2552=AXIS2_PLACEMENT_3D('',#3757,#3062,#3063);
#2553=AXIS2_PLACEMENT_3D('',#3759,#3064,#3065);
#2554=AXIS2_PLACEMENT_3D('',#3761,#3066,#3067);
#2555=AXIS2_PLACEMENT_3D('',#3762,#3068,#3069);
#2556=AXIS2_PLACEMENT_3D('',#3765,#3071,#3072);
#2557=AXIS2_PLACEMENT_3D('',#3766,#3073,#3074);
#2558=AXIS2_PLACEMENT_3D('',#3768,#3076,#3077);
#2559=AXIS2_PLACEMENT_3D('',#3770,#3079,#3080);
#2560=AXIS2_PLACEMENT_3D('',#3772,#3082,#3083);
#2561=AXIS2_PLACEMENT_3D('',#3774,#3085,#3086);
#2562=AXIS2_PLACEMENT_3D('',#3780,#3090,#3091);
#2563=AXIS2_PLACEMENT_3D('',#3782,#3092,#3093);
#2564=AXIS2_PLACEMENT_3D('',#3784,#3095,#3096);
#2565=AXIS2_PLACEMENT_3D('',#3788,#3098,#3099);
#2566=AXIS2_PLACEMENT_3D('',#3790,#3101,#3102);
#2567=AXIS2_PLACEMENT_3D('',#3796,#3106,#3107);
#2568=AXIS2_PLACEMENT_3D('',#3804,#3112,#3113);
#2569=AXIS2_PLACEMENT_3D('',#3806,#3114,#3115);
#2570=AXIS2_PLACEMENT_3D('',#3808,#3117,#3118);
#2571=AXIS2_PLACEMENT_3D('',#3812,#3120,#3121);
#2572=AXIS2_PLACEMENT_3D('',#3814,#3123,#3124);
#2573=AXIS2_PLACEMENT_3D('',#3818,#3127,#3128);
#2574=AXIS2_PLACEMENT_3D('',#3827,#3135,#3136);
#2575=AXIS2_PLACEMENT_3D('',#3831,#3139,#3140);
#2576=AXIS2_PLACEMENT_3D('',#3840,#3146,#3147);
#2577=AXIS2_PLACEMENT_3D('',#3842,#3149,#3150);
#2578=AXIS2_PLACEMENT_3D('',#3844,#3152,#3153);
#2579=AXIS2_PLACEMENT_3D('',#3845,#3154,#3155);
#2580=AXIS2_PLACEMENT_3D('',#3849,#3158,#3159);
#2581=AXIS2_PLACEMENT_3D('',#3858,#3165,#3166);
#2582=AXIS2_PLACEMENT_3D('',#3860,#3168,#3169);
#2583=AXIS2_PLACEMENT_3D('',#3862,#3171,#3172);
#2584=AXIS2_PLACEMENT_3D('',#3863,#3173,#3174);
#2585=AXIS2_PLACEMENT_3D('',#3867,#3177,#3178);
#2586=AXIS2_PLACEMENT_3D('',#3872,#3182,#3183);
#2587=AXIS2_PLACEMENT_3D('',#3879,#3188,#3189);
#2588=AXIS2_PLACEMENT_3D('',#3881,#3191,#3192);
#2589=AXIS2_PLACEMENT_3D('',#3883,#3194,#3195);
#2590=AXIS2_PLACEMENT_3D('',#3885,#3197,#3198);
#2591=AXIS2_PLACEMENT_3D('',#3886,#3199,#3200);
#2592=AXIS2_PLACEMENT_3D('',#3890,#3203,#3204);
#2593=AXIS2_PLACEMENT_3D('',#3899,#3210,#3211);
#2594=AXIS2_PLACEMENT_3D('',#3900,#3212,#3213);
#2595=AXIS2_PLACEMENT_3D('',#3902,#3215,#3216);
#2596=AXIS2_PLACEMENT_3D('',#3904,#3218,#3219);
#2597=AXIS2_PLACEMENT_3D('',#3906,#3221,#3222);
#2598=AXIS2_PLACEMENT_3D('',#3907,#3223,#3224);
#2599=DIRECTION('axis',(0.,0.,1.));
#2600=DIRECTION('refdir',(1.,0.,0.));
#2601=DIRECTION('axis',(0.,0.,1.));
#2602=DIRECTION('refdir',(1.,0.,0.));
#2603=DIRECTION('center_axis',(0.,0.,-1.));
#2604=DIRECTION('ref_axis',(-1.,0.,0.));
#2605=DIRECTION('',(0.,1.,0.));
#2606=DIRECTION('',(1.,0.,0.));
#2607=DIRECTION('',(0.,-1.,0.));
#2608=DIRECTION('',(-1.,0.,0.));
#2609=DIRECTION('center_axis',(0.,-1.,0.));
#2610=DIRECTION('ref_axis',(-1.,0.,0.));
#2611=DIRECTION('',(0.,0.,-1.));
#2612=DIRECTION('',(1.,0.,0.));
#2613=DIRECTION('',(0.,0.,-1.));
#2614=DIRECTION('center_axis',(-1.,0.,0.));
#2615=DIRECTION('ref_axis',(0.,1.,0.));
#2616=DIRECTION('',(0.,-1.,0.));
#2617=DIRECTION('',(0.,0.,-1.));
#2618=DIRECTION('center_axis',(1.,0.,0.));
#2619=DIRECTION('ref_axis',(0.,-1.,0.));
#2620=DIRECTION('',(0.,0.,-1.));
#2621=DIRECTION('',(0.,1.,0.));
#2622=DIRECTION('center_axis',(0.,1.,0.));
#2623=DIRECTION('ref_axis',(1.,0.,0.));
#2624=DIRECTION('',(-1.,0.,0.));
#2625=DIRECTION('center_axis',(0.,0.,-1.));
#2626=DIRECTION('ref_axis',(-1.,0.,0.));
#2627=DIRECTION('',(0.,1.,0.));
#2628=DIRECTION('',(1.,0.,0.));
#2629=DIRECTION('',(0.,-1.,0.));
#2630=DIRECTION('',(-1.,0.,0.));
#2631=DIRECTION('center_axis',(0.,-1.,0.));
#2632=DIRECTION('ref_axis',(-1.,0.,0.));
#2633=DIRECTION('',(0.,0.,-1.));
#2634=DIRECTION('',(1.,0.,0.));
#2635=DIRECTION('',(0.,0.,-1.));
#2636=DIRECTION('center_axis',(-1.,0.,0.));
#2637=DIRECTION('ref_axis',(0.,1.,0.));
#2638=DIRECTION('',(0.,-1.,0.));
#2639=DIRECTION('',(0.,0.,-1.));
#2640=DIRECTION('center_axis',(1.,0.,0.));
#2641=DIRECTION('ref_axis',(0.,-1.,0.));
#2642=DIRECTION('',(0.,0.,-1.));
#2643=DIRECTION('',(0.,1.,0.));
#2644=DIRECTION('center_axis',(0.,1.,0.));
#2645=DIRECTION('ref_axis',(1.,0.,0.));
#2646=DIRECTION('',(-1.,0.,0.));
#2647=DIRECTION('center_axis',(0.,0.,-1.));
#2648=DIRECTION('ref_axis',(-1.,0.,0.));
#2649=DIRECTION('',(0.,1.,0.));
#2650=DIRECTION('',(1.,0.,0.));
#2651=DIRECTION('',(0.,-1.,0.));
#2652=DIRECTION('',(-1.,0.,0.));
#2653=DIRECTION('center_axis',(0.,-1.,0.));
#2654=DIRECTION('ref_axis',(-1.,0.,0.));
#2655=DIRECTION('',(0.,0.,-1.));
#2656=DIRECTION('',(1.,0.,0.));
#2657=DIRECTION('',(0.,0.,-1.));
#2658=DIRECTION('center_axis',(-1.,0.,0.));
#2659=DIRECTION('ref_axis',(0.,1.,0.));
#2660=DIRECTION('',(0.,-1.,0.));
#2661=DIRECTION('',(0.,0.,-1.));
#2662=DIRECTION('center_axis',(1.,0.,0.));
#2663=DIRECTION('ref_axis',(0.,-1.,0.));
#2664=DIRECTION('',(0.,0.,-1.));
#2665=DIRECTION('',(0.,1.,0.));
#2666=DIRECTION('center_axis',(0.,1.,0.));
#2667=DIRECTION('ref_axis',(1.,0.,0.));
#2668=DIRECTION('',(-1.,0.,0.));
#2669=DIRECTION('center_axis',(0.,0.,-1.));
#2670=DIRECTION('ref_axis',(-1.,0.,0.));
#2671=DIRECTION('',(0.,1.,0.));
#2672=DIRECTION('',(1.,0.,0.));
#2673=DIRECTION('',(0.,-1.,0.));
#2674=DIRECTION('',(-1.,0.,0.));
#2675=DIRECTION('center_axis',(0.,-1.,0.));
#2676=DIRECTION('ref_axis',(-1.,0.,0.));
#2677=DIRECTION('',(0.,0.,-1.));
#2678=DIRECTION('',(1.,0.,0.));
#2679=DIRECTION('',(0.,0.,-1.));
#2680=DIRECTION('center_axis',(-1.,0.,0.));
#2681=DIRECTION('ref_axis',(0.,1.,0.));
#2682=DIRECTION('',(0.,-1.,0.));
#2683=DIRECTION('',(0.,0.,-1.));
#2684=DIRECTION('center_axis',(1.,0.,0.));
#2685=DIRECTION('ref_axis',(0.,-1.,0.));
#2686=DIRECTION('',(0.,0.,-1.));
#2687=DIRECTION('',(0.,1.,0.));
#2688=DIRECTION('center_axis',(0.,1.,0.));
#2689=DIRECTION('ref_axis',(1.,0.,0.));
#2690=DIRECTION('',(-1.,0.,0.));
#2691=DIRECTION('center_axis',(0.,0.,-1.));
#2692=DIRECTION('ref_axis',(-1.,0.,0.));
#2693=DIRECTION('',(0.,1.,0.));
#2694=DIRECTION('',(1.,0.,0.));
#2695=DIRECTION('',(0.,-1.,0.));
#2696=DIRECTION('',(-1.,0.,0.));
#2697=DIRECTION('center_axis',(0.,-1.,0.));
#2698=DIRECTION('ref_axis',(-1.,0.,0.));
#2699=DIRECTION('',(0.,0.,-1.));
#2700=DIRECTION('',(1.,0.,0.));
#2701=DIRECTION('',(0.,0.,-1.));
#2702=DIRECTION('center_axis',(-1.,0.,0.));
#2703=DIRECTION('ref_axis',(0.,1.,0.));
#2704=DIRECTION('',(0.,-1.,0.));
#2705=DIRECTION('',(0.,0.,-1.));
#2706=DIRECTION('center_axis',(1.,0.,0.));
#2707=DIRECTION('ref_axis',(0.,-1.,0.));
#2708=DIRECTION('',(0.,0.,-1.));
#2709=DIRECTION('',(0.,1.,0.));
#2710=DIRECTION('center_axis',(0.,1.,0.));
#2711=DIRECTION('ref_axis',(1.,0.,0.));
#2712=DIRECTION('',(-1.,0.,0.));
#2713=DIRECTION('center_axis',(0.,0.,-1.));
#2714=DIRECTION('ref_axis',(-1.,0.,0.));
#2715=DIRECTION('',(0.,1.,0.));
#2716=DIRECTION('',(1.,0.,0.));
#2717=DIRECTION('',(0.,-1.,0.));
#2718=DIRECTION('',(-1.,0.,0.));
#2719=DIRECTION('center_axis',(0.,-1.,0.));
#2720=DIRECTION('ref_axis',(-1.,0.,0.));
#2721=DIRECTION('',(0.,0.,-1.));
#2722=DIRECTION('',(1.,0.,0.));
#2723=DIRECTION('',(0.,0.,-1.));
#2724=DIRECTION('center_axis',(-1.,0.,0.));
#2725=DIRECTION('ref_axis',(0.,1.,0.));
#2726=DIRECTION('',(0.,-1.,0.));
#2727=DIRECTION('',(0.,0.,-1.));
#2728=DIRECTION('center_axis',(1.,0.,0.));
#2729=DIRECTION('ref_axis',(0.,-1.,0.));
#2730=DIRECTION('',(0.,0.,-1.));
#2731=DIRECTION('',(0.,1.,0.));
#2732=DIRECTION('center_axis',(0.,1.,0.));
#2733=DIRECTION('ref_axis',(1.,0.,0.));
#2734=DIRECTION('',(-1.,0.,0.));
#2735=DIRECTION('center_axis',(-4.79481625095341E-32,9.86076131526266E-32,
-1.));
#2736=DIRECTION('ref_axis',(-1.,0.,4.79481625095341E-32));
#2737=DIRECTION('',(1.,0.,-4.79481625095341E-32));
#2738=DIRECTION('center_axis',(-4.79481625095341E-32,9.86076131526266E-32,
-1.));
#2739=DIRECTION('ref_axis',(-1.,0.,4.79481625095341E-32));
#2740=DIRECTION('center_axis',(-4.79481625095341E-32,9.86076131526266E-32,
-1.));
#2741=DIRECTION('ref_axis',(-1.,0.,4.79481625095341E-32));
#2742=DIRECTION('',(-1.,0.,4.79481625095341E-32));
#2743=DIRECTION('center_axis',(-4.79481625095341E-32,9.86076131526266E-32,
-1.));
#2744=DIRECTION('ref_axis',(-1.,0.,0.));
#2745=DIRECTION('center_axis',(0.,0.,-1.));
#2746=DIRECTION('ref_axis',(-6.12323399573677E-17,-1.,0.));
#2747=DIRECTION('',(0.,0.,-1.));
#2748=DIRECTION('',(0.,0.,1.));
#2749=DIRECTION('center_axis',(-1.22464679914735E-16,9.86076131526266E-32,
-1.));
#2750=DIRECTION('ref_axis',(-1.,-1.20759497818925E-47,1.22464679914735E-16));
#2751=DIRECTION('',(1.,0.,-1.22464679914735E-16));
#2752=DIRECTION('center_axis',(-1.22464679914735E-16,9.86076131526266E-32,
-1.));
#2753=DIRECTION('ref_axis',(1.,1.20759497818924E-47,-1.22464679914735E-16));
#2754=DIRECTION('center_axis',(-1.22464679914735E-16,9.86076131526266E-32,
-1.));
#2755=DIRECTION('ref_axis',(-1.,-1.20759497818925E-47,1.22464679914735E-16));
#2756=DIRECTION('',(-1.,0.,1.22464679914735E-16));
#2757=DIRECTION('center_axis',(-1.22464679914735E-16,9.86076131526266E-32,
-1.));
#2758=DIRECTION('ref_axis',(1.,1.20759497818924E-47,0.));
#2759=DIRECTION('center_axis',(0.,0.,-1.));
#2760=DIRECTION('ref_axis',(-1.83697019872103E-16,-1.,0.));
#2761=DIRECTION('',(0.,0.,-1.));
#2762=DIRECTION('',(0.,0.,1.));
#2763=DIRECTION('center_axis',(-4.79481625095341E-32,9.86076131526266E-32,
-1.));
#2764=DIRECTION('ref_axis',(-1.,0.,4.79481625095341E-32));
#2765=DIRECTION('',(-1.,-2.57443020202935E-17,4.79481625095341E-32));
#2766=DIRECTION('center_axis',(-4.79481625095341E-32,9.86076131526266E-32,
-1.));
#2767=DIRECTION('ref_axis',(-1.,0.,4.79481625095341E-32));
#2768=DIRECTION('center_axis',(-4.79481625095341E-32,9.86076131526266E-32,
-1.));
#2769=DIRECTION('ref_axis',(-1.,0.,4.79481625095341E-32));
#2770=DIRECTION('',(1.,2.57443020202935E-17,-4.79481625095341E-32));
#2771=DIRECTION('center_axis',(-4.79481625095341E-32,9.86076131526266E-32,
-1.));
#2772=DIRECTION('ref_axis',(-1.,0.,0.));
#2773=DIRECTION('center_axis',(0.,0.,-1.));
#2774=DIRECTION('ref_axis',(1.83697019872103E-16,1.,0.));
#2775=DIRECTION('',(0.,0.,-1.));
#2776=DIRECTION('',(0.,0.,1.));
#2777=DIRECTION('center_axis',(-1.22464679914735E-16,9.86076131526266E-32,
-1.));
#2778=DIRECTION('ref_axis',(-1.,-1.20759497818925E-47,1.22464679914735E-16));
#2779=DIRECTION('',(-1.,-2.57443020202935E-17,1.22464679914735E-16));
#2780=DIRECTION('center_axis',(-1.22464679914735E-16,9.86076131526266E-32,
-1.));
#2781=DIRECTION('ref_axis',(1.,1.20759497818924E-47,-1.22464679914735E-16));
#2782=DIRECTION('center_axis',(-1.22464679914735E-16,9.86076131526266E-32,
-1.));
#2783=DIRECTION('ref_axis',(-1.,-1.20759497818925E-47,1.22464679914735E-16));
#2784=DIRECTION('',(1.,2.57443020202935E-17,-1.22464679914735E-16));
#2785=DIRECTION('center_axis',(-1.22464679914735E-16,9.86076131526266E-32,
-1.));
#2786=DIRECTION('ref_axis',(1.,1.20759497818924E-47,0.));
#2787=DIRECTION('center_axis',(0.,0.,-1.));
#2788=DIRECTION('ref_axis',(6.12323399573677E-17,1.,0.));
#2789=DIRECTION('',(0.,0.,-1.));
#2790=DIRECTION('',(0.,0.,1.));
#2791=DIRECTION('center_axis',(-1.,0.,0.));
#2792=DIRECTION('ref_axis',(0.,-1.,0.));
#2793=DIRECTION('',(0.,-1.,-9.86076131526266E-32));
#2794=DIRECTION('',(0.,0.,1.));
#2795=DIRECTION('',(0.,1.,7.23811190250423E-48));
#2796=DIRECTION('',(0.,0.,1.));
#2797=DIRECTION('center_axis',(1.,0.,0.));
#2798=DIRECTION('ref_axis',(0.,1.,0.));
#2799=DIRECTION('',(0.,1.,9.86076131526266E-32));
#2800=DIRECTION('',(0.,0.,1.));
#2801=DIRECTION('',(0.,-1.,-7.23811190250423E-48));
#2802=DIRECTION('',(0.,0.,1.));
#2803=DIRECTION('center_axis',(0.,-1.,0.));
#2804=DIRECTION('ref_axis',(1.,0.,0.));
#2805=DIRECTION('',(1.,0.,-4.79481625095341E-32));
#2806=DIRECTION('',(0.,0.,1.));
#2807=DIRECTION('',(-1.,0.,3.7968708390304E-47));
#2808=DIRECTION('',(0.,0.,1.));
#2809=DIRECTION('center_axis',(1.,0.,0.));
#2810=DIRECTION('ref_axis',(0.,1.,0.));
#2811=DIRECTION('',(0.,1.,9.86076131526266E-32));
#2812=DIRECTION('',(0.,0.,1.));
#2813=DIRECTION('',(0.,-1.,-7.23811190250423E-48));
#2814=DIRECTION('',(0.,0.,1.));
#2815=DIRECTION('center_axis',(0.,0.,1.));
#2816=DIRECTION('ref_axis',(1.,0.,0.));
#2817=DIRECTION('',(1.,0.,0.));
#2818=DIRECTION('',(0.,1.,0.));
#2819=DIRECTION('',(-1.,0.,0.));
#2820=DIRECTION('',(0.,1.,0.));
#2821=DIRECTION('',(1.,0.,0.));
#2822=DIRECTION('',(0.,1.,0.));
#2823=DIRECTION('',(1.,0.,0.));
#2824=DIRECTION('',(0.,-1.,0.));
#2825=DIRECTION('',(1.,0.,0.));
#2826=DIRECTION('',(0.,1.,0.));
#2827=DIRECTION('',(-1.,0.,0.));
#2828=DIRECTION('',(0.,-1.,0.));
#2829=DIRECTION('',(-1.,0.,0.));
#2830=DIRECTION('',(0.,1.,0.));
#2831=DIRECTION('',(-1.,0.,0.));
#2832=DIRECTION('',(0.,1.,0.));
#2833=DIRECTION('',(1.,0.,0.));
#2834=DIRECTION('',(0.,1.,0.));
#2835=DIRECTION('',(-1.,0.,0.));
#2836=DIRECTION('',(0.,-1.,0.));
#2837=DIRECTION('',(1.,2.57443020202935E-17,0.));
#2838=DIRECTION('',(0.,-1.,0.));
#2839=DIRECTION('',(-1.,-2.5669896523125E-17,0.));
#2840=DIRECTION('',(0.,-1.,0.));
#2841=DIRECTION('',(-1.,0.,0.));
#2842=DIRECTION('',(0.,1.,0.));
#2843=DIRECTION('',(-1.,-2.5669896523125E-17,0.));
#2844=DIRECTION('',(0.,-1.,0.));
#2845=DIRECTION('',(1.,2.57443020202935E-17,0.));
#2846=DIRECTION('',(0.,1.,0.));
#2847=DIRECTION('',(1.,0.,0.));
#2848=DIRECTION('',(0.,-1.,0.));
#2849=DIRECTION('',(1.,0.,0.));
#2850=DIRECTION('',(0.,-1.,0.));
#2851=DIRECTION('',(-1.,0.,0.));
#2852=DIRECTION('',(0.,-1.,0.));
#2853=DIRECTION('center_axis',(0.,1.,0.));
#2854=DIRECTION('ref_axis',(-1.,0.,0.));
#2855=DIRECTION('',(-1.,0.,4.79481625095341E-32));
#2856=DIRECTION('',(0.,0.,1.));
#2857=DIRECTION('',(1.,0.,-3.7968708390304E-47));
#2858=DIRECTION('',(0.,0.,1.));
#2859=DIRECTION('center_axis',(-3.7968708390304E-47,7.23811190250423E-48,
-1.));
#2860=DIRECTION('ref_axis',(-1.,0.,3.7968708390304E-47));
#2861=DIRECTION('',(0.,-1.,-7.23811190250423E-48));
#2862=DIRECTION('',(1.,2.53765262771464E-17,-3.7968708390304E-47));
#2863=DIRECTION('',(0.,1.,7.23811190250423E-48));
#2864=DIRECTION('',(-1.,-2.5669896523125E-17,3.7968708390304E-47));
#2865=DIRECTION('',(0.,1.,7.23811190250423E-48));
#2866=DIRECTION('',(-1.,0.,3.7968708390304E-47));
#2867=DIRECTION('',(0.,-1.,-7.23811190250423E-48));
#2868=DIRECTION('',(-1.,-2.5669896523125E-17,3.7968708390304E-47));
#2869=DIRECTION('center_axis',(-3.7968708390304E-47,7.23811190250423E-48,
-1.));
#2870=DIRECTION('ref_axis',(-1.,0.,3.7968708390304E-47));
#2871=DIRECTION('',(0.,-1.,-7.23811190250423E-48));
#2872=DIRECTION('',(1.,0.,-3.7968708390304E-47));
#2873=DIRECTION('',(0.,1.,7.23811190250423E-48));
#2874=DIRECTION('',(1.,0.,-3.7968708390304E-47));
#2875=DIRECTION('',(0.,1.,7.23811190250423E-48));
#2876=DIRECTION('',(-1.,0.,3.7968708390304E-47));
#2877=DIRECTION('',(0.,1.,7.23811190250423E-48));
#2878=DIRECTION('center_axis',(-3.7968708390304E-47,7.23811190250423E-48,
-1.));
#2879=DIRECTION('ref_axis',(-1.,0.,3.7968708390304E-47));
#2880=DIRECTION('',(1.,2.53765262771464E-17,-3.7968708390304E-47));
#2881=DIRECTION('',(0.,1.,7.23811190250423E-48));
#2882=DIRECTION('',(-1.,-2.5669896523125E-17,3.7968708390304E-47));
#2883=DIRECTION('center_axis',(-3.7968708390304E-47,7.23811190250423E-48,
-1.));
#2884=DIRECTION('ref_axis',(-1.,0.,3.7968708390304E-47));
#2885=DIRECTION('',(0.,1.,7.23811190250423E-48));
#2886=DIRECTION('',(-1.,0.,3.7968708390304E-47));
#2887=DIRECTION('',(0.,-1.,-7.23811190250423E-48));
#2888=DIRECTION('',(-1.,0.,3.7968708390304E-47));
#2889=DIRECTION('',(0.,-1.,-7.23811190250423E-48));
#2890=DIRECTION('',(1.,0.,-3.7968708390304E-47));
#2891=DIRECTION('',(0.,-1.,-7.23811190250423E-48));
#2892=DIRECTION('center_axis',(-3.7968708390304E-47,7.23811190250423E-48,
-1.));
#2893=DIRECTION('ref_axis',(-1.,0.,3.7968708390304E-47));
#2894=DIRECTION('',(-1.,0.,3.7968708390304E-47));
#2895=DIRECTION('',(1.,0.,-3.7968708390304E-47));
#2896=DIRECTION('',(0.,-1.,-7.23811190250423E-48));
#2897=DIRECTION('',(1.,0.,-3.7968708390304E-47));
#2898=DIRECTION('',(0.,1.,7.23811190250423E-48));
#2899=DIRECTION('',(1.,0.,-3.7968708390304E-47));
#2900=DIRECTION('center_axis',(-1.,0.,0.));
#2901=DIRECTION('ref_axis',(0.,-1.,0.));
#2902=DIRECTION('',(0.,0.,1.));
#2903=DIRECTION('',(0.,0.,1.));
#2904=DIRECTION('center_axis',(2.5669896523125E-17,-1.,0.));
#2905=DIRECTION('ref_axis',(1.,2.5669896523125E-17,0.));
#2906=DIRECTION('',(0.,0.,1.));
#2907=DIRECTION('',(0.,0.,1.));
#2908=DIRECTION('center_axis',(-1.,0.,0.));
#2909=DIRECTION('ref_axis',(0.,-1.,0.));
#2910=DIRECTION('',(0.,-1.,-9.86076131526266E-32));
#2911=DIRECTION('',(0.,0.,1.));
#2912=DIRECTION('center_axis',(0.,1.,0.));
#2913=DIRECTION('ref_axis',(-1.,0.,0.));
#2914=DIRECTION('',(0.,0.,1.));
#2915=DIRECTION('',(0.,0.,1.));
#2916=DIRECTION('center_axis',(-1.,0.,0.));
#2917=DIRECTION('ref_axis',(0.,-1.,0.));
#2918=DIRECTION('',(0.,0.,1.));
#2919=DIRECTION('',(0.,0.,1.));
#2920=DIRECTION('center_axis',(0.,1.,0.));
#2921=DIRECTION('ref_axis',(-1.,0.,0.));
#2922=DIRECTION('',(-1.,0.,4.79481625095341E-32));
#2923=DIRECTION('',(0.,0.,1.));
#2924=DIRECTION('center_axis',(1.,0.,0.));
#2925=DIRECTION('ref_axis',(0.,-1.,0.));
#2926=DIRECTION('',(0.,0.,1.));
#2927=DIRECTION('',(0.,-1.,0.));
#2928=DIRECTION('',(0.,0.,-1.));
#2929=DIRECTION('center_axis',(0.,-1.,0.));
#2930=DIRECTION('ref_axis',(1.,0.,0.));
#2931=DIRECTION('',(0.,0.,1.));
#2932=DIRECTION('',(0.,0.,1.));
#2933=DIRECTION('center_axis',(1.,0.,0.));
#2934=DIRECTION('ref_axis',(0.,1.,0.));
#2935=DIRECTION('',(0.,0.,1.));
#2936=DIRECTION('',(0.,0.,1.));
#2937=DIRECTION('center_axis',(0.,-1.,0.));
#2938=DIRECTION('ref_axis',(1.,0.,0.));
#2939=DIRECTION('',(1.,0.,-4.79481625095341E-32));
#2940=DIRECTION('',(0.,0.,1.));
#2941=DIRECTION('center_axis',(0.,1.,0.));
#2942=DIRECTION('ref_axis',(-1.,0.,0.));
#2943=DIRECTION('',(0.,0.,1.));
#2944=DIRECTION('',(0.,0.,1.));
#2945=DIRECTION('center_axis',(1.,0.,0.));
#2946=DIRECTION('ref_axis',(0.,1.,0.));
#2947=DIRECTION('',(0.,0.,1.));
#2948=DIRECTION('center_axis',(0.,1.,0.));
#2949=DIRECTION('ref_axis',(-1.,0.,0.));
#2950=DIRECTION('',(0.,0.,1.));
#2951=DIRECTION('center_axis',(0.,0.,1.));
#2952=DIRECTION('ref_axis',(1.,0.,0.));
#2953=DIRECTION('',(-1.,0.,0.));
#2954=DIRECTION('',(0.,1.,0.));
#2955=DIRECTION('center_axis',(0.,0.,1.));
#2956=DIRECTION('ref_axis',(0.999999999999343,1.14655702778106E-6,0.));
#2957=DIRECTION('',(0.,-1.,0.));
#2958=DIRECTION('center_axis',(0.,0.,-1.));
#2959=DIRECTION('ref_axis',(1.,0.,0.));
#2960=DIRECTION('center_axis',(0.,0.,1.));
#2961=DIRECTION('ref_axis',(1.,0.,0.));
#2962=DIRECTION('',(0.,-1.,0.));
#2963=DIRECTION('',(-1.,0.,0.));
#2964=DIRECTION('',(0.,1.,0.));
#2965=DIRECTION('center_axis',(0.,0.,1.));
#2966=DIRECTION('ref_axis',(0.999999999999343,1.14655702778106E-6,0.));
#2967=DIRECTION('center_axis',(0.,0.,-1.));
#2968=DIRECTION('ref_axis',(1.,0.,0.));
#2969=DIRECTION('center_axis',(0.,0.,1.));
#2970=DIRECTION('ref_axis',(1.,0.,0.));
#2971=DIRECTION('',(0.,-1.,0.));
#2972=DIRECTION('center_axis',(0.,0.,1.));
#2973=DIRECTION('ref_axis',(-0.999999999999343,-1.14655703188035E-6,0.));
#2974=DIRECTION('',(0.,1.,0.));
#2975=DIRECTION('',(1.,0.,0.));
#2976=DIRECTION('center_axis',(0.,0.,-1.));
#2977=DIRECTION('ref_axis',(1.,0.,0.));
#2978=DIRECTION('center_axis',(0.,0.,1.));
#2979=DIRECTION('ref_axis',(1.,0.,0.));
#2980=DIRECTION('',(0.,-1.,0.));
#2981=DIRECTION('center_axis',(0.,0.,1.));
#2982=DIRECTION('ref_axis',(-0.999999999999343,-1.14655703188035E-6,0.));
#2983=DIRECTION('',(0.,1.,0.));
#2984=DIRECTION('',(1.,0.,0.));
#2985=DIRECTION('center_axis',(0.,0.,-1.));
#2986=DIRECTION('ref_axis',(-1.,0.,0.));
#2987=DIRECTION('center_axis',(-1.,0.,0.));
#2988=DIRECTION('ref_axis',(0.,1.,0.));
#2989=DIRECTION('',(0.,0.,1.));
#2990=DIRECTION('',(0.,1.,0.));
#2991=DIRECTION('',(0.,0.,-1.));
#2992=DIRECTION('center_axis',(0.,0.,-1.));
#2993=DIRECTION('ref_axis',(-1.,0.,0.));
#2994=DIRECTION('',(-1.,-2.5669896523125E-17,0.));
#2995=DIRECTION('',(1.,2.53765262771464E-17,0.));
#2996=DIRECTION('center_axis',(-1.,0.,0.));
#2997=DIRECTION('ref_axis',(0.,-1.,0.));
#2998=DIRECTION('',(0.,0.,1.));
#2999=DIRECTION('center_axis',(0.,1.,0.));
#3000=DIRECTION('ref_axis',(-1.,0.,0.));
#3001=DIRECTION('',(0.,0.,-1.));
#3002=DIRECTION('center_axis',(-1.,0.,0.));
#3003=DIRECTION('ref_axis',(0.,-1.,0.));
#3004=DIRECTION('',(0.,0.,1.));
#3005=DIRECTION('',(0.,0.,-1.));
#3006=DIRECTION('center_axis',(0.,-1.,0.));
#3007=DIRECTION('ref_axis',(1.,0.,0.));
#3008=DIRECTION('',(0.,0.,1.));
#3009=DIRECTION('center_axis',(-1.,0.,0.));
#3010=DIRECTION('ref_axis',(0.,-1.,0.));
#3011=DIRECTION('center_axis',(2.5669896523125E-17,-1.,0.));
#3012=DIRECTION('ref_axis',(1.,2.5669896523125E-17,0.));
#3013=DIRECTION('',(0.,0.,1.));
#3014=DIRECTION('',(0.,0.,-1.));
#3015=DIRECTION('center_axis',(1.,0.,0.));
#3016=DIRECTION('ref_axis',(0.,1.,0.));
#3017=DIRECTION('',(0.,0.,1.));
#3018=DIRECTION('center_axis',(0.,-1.,0.));
#3019=DIRECTION('ref_axis',(1.,0.,0.));
#3020=DIRECTION('center_axis',(1.,0.,0.));
#3021=DIRECTION('ref_axis',(0.,1.,0.));
#3022=DIRECTION('',(0.,0.,1.));
#3023=DIRECTION('',(0.,0.,-1.));
#3024=DIRECTION('center_axis',(0.,1.,0.));
#3025=DIRECTION('ref_axis',(-1.,0.,0.));
#3026=DIRECTION('',(0.,0.,1.));
#3027=DIRECTION('center_axis',(1.,0.,0.));
#3028=DIRECTION('ref_axis',(0.,1.,0.));
#3029=DIRECTION('center_axis',(0.,0.,1.));
#3030=DIRECTION('ref_axis',(1.,0.,0.));
#3031=DIRECTION('center_axis',(0.,0.,-1.));
#3032=DIRECTION('ref_axis',(1.,0.,0.));
#3033=DIRECTION('center_axis',(0.,0.,-1.));
#3034=DIRECTION('ref_axis',(-1.,0.,0.));
#3035=DIRECTION('center_axis',(0.,0.,-1.));
#3036=DIRECTION('ref_axis',(1.,0.,0.));
#3037=DIRECTION('',(0.,0.,-1.));
#3038=DIRECTION('center_axis',(0.,0.,1.));
#3039=DIRECTION('ref_axis',(1.,0.,0.));
#3040=DIRECTION('center_axis',(0.,0.,1.));
#3041=DIRECTION('ref_axis',(1.,0.,0.));
#3042=DIRECTION('center_axis',(0.,0.,-1.));
#3043=DIRECTION('ref_axis',(1.,0.,0.));
#3044=DIRECTION('center_axis',(0.,0.,-1.));
#3045=DIRECTION('ref_axis',(1.,0.,0.));
#3046=DIRECTION('center_axis',(0.,0.,-1.));
#3047=DIRECTION('ref_axis',(1.,0.,0.));
#3048=DIRECTION('',(0.,0.,-1.));
#3049=DIRECTION('center_axis',(0.,0.,1.));
#3050=DIRECTION('ref_axis',(1.,0.,0.));
#3051=DIRECTION('center_axis',(0.,0.,1.));
#3052=DIRECTION('ref_axis',(1.,0.,0.));
#3053=DIRECTION('center_axis',(0.,0.,-1.));
#3054=DIRECTION('ref_axis',(1.,0.,0.));
#3055=DIRECTION('center_axis',(0.,0.,-1.));
#3056=DIRECTION('ref_axis',(1.,0.,0.));
#3057=DIRECTION('center_axis',(0.,0.,-1.));
#3058=DIRECTION('ref_axis',(1.,0.,0.));
#3059=DIRECTION('',(0.,0.,-1.));
#3060=DIRECTION('center_axis',(0.,0.,1.));
#3061=DIRECTION('ref_axis',(1.,0.,0.));
#3062=DIRECTION('center_axis',(0.,0.,1.));
#3063=DIRECTION('ref_axis',(1.,0.,0.));
#3064=DIRECTION('center_axis',(0.,0.,-1.));
#3065=DIRECTION('ref_axis',(1.,0.,0.));
#3066=DIRECTION('center_axis',(0.,0.,-1.));
#3067=DIRECTION('ref_axis',(1.,0.,0.));
#3068=DIRECTION('center_axis',(0.,0.,-1.));
#3069=DIRECTION('ref_axis',(1.,0.,0.));
#3070=DIRECTION('',(0.,0.,-1.));
#3071=DIRECTION('center_axis',(0.,0.,1.));
#3072=DIRECTION('ref_axis',(1.,0.,0.));
#3073=DIRECTION('center_axis',(0.,0.,-1.));
#3074=DIRECTION('ref_axis',(1.,0.,0.));
#3075=DIRECTION('',(0.,0.,1.));
#3076=DIRECTION('center_axis',(0.,0.,-1.));
#3077=DIRECTION('ref_axis',(1.,0.,0.));
#3078=DIRECTION('',(0.,0.,1.));
#3079=DIRECTION('center_axis',(0.,0.,-1.));
#3080=DIRECTION('ref_axis',(1.,0.,0.));
#3081=DIRECTION('',(0.,0.,1.));
#3082=DIRECTION('center_axis',(0.,0.,-1.));
#3083=DIRECTION('ref_axis',(-1.,0.,0.));
#3084=DIRECTION('',(0.,0.,1.));
#3085=DIRECTION('center_axis',(1.,0.,0.));
#3086=DIRECTION('ref_axis',(0.,-1.,0.));
#3087=DIRECTION('',(0.,0.,1.));
#3088=DIRECTION('',(0.,-1.,0.));
#3089=DIRECTION('',(0.,0.,1.));
#3090=DIRECTION('center_axis',(0.,0.,-1.));
#3091=DIRECTION('ref_axis',(0.999999999999343,1.14655702778106E-6,0.));
#3092=DIRECTION('center_axis',(0.,0.,-1.));
#3093=DIRECTION('ref_axis',(0.999999999999343,1.14655702778106E-6,0.));
#3094=DIRECTION('',(0.,0.,1.));
#3095=DIRECTION('center_axis',(0.,0.,-1.));
#3096=DIRECTION('ref_axis',(-0.999999999999343,-1.14655703188035E-6,0.));
#3097=DIRECTION('',(0.,0.,1.));
#3098=DIRECTION('center_axis',(0.,0.,-1.));
#3099=DIRECTION('ref_axis',(-0.999999999999343,-1.14655703188035E-6,0.));
#3100=DIRECTION('',(0.,0.,1.));
#3101=DIRECTION('center_axis',(1.,0.,0.));
#3102=DIRECTION('ref_axis',(0.,-1.,0.));
#3103=DIRECTION('',(0.,-1.,0.));
#3104=DIRECTION('',(0.,0.,-1.));
#3105=DIRECTION('',(0.,0.,1.));
#3106=DIRECTION('center_axis',(-1.,0.,0.));
#3107=DIRECTION('ref_axis',(0.,1.,0.));
#3108=DIRECTION('',(0.,0.,-1.));
#3109=DIRECTION('',(0.,1.,0.));
#3110=DIRECTION('',(0.,0.,1.));
#3111=DIRECTION('',(0.,0.,1.));
#3112=DIRECTION('center_axis',(0.,0.,-1.));
#3113=DIRECTION('ref_axis',(-0.999999999999343,-1.14655703188035E-6,0.));
#3114=DIRECTION('center_axis',(0.,0.,-1.));
#3115=DIRECTION('ref_axis',(-0.999999999999343,-1.14655703188035E-6,0.));
#3116=DIRECTION('',(0.,0.,1.));
#3117=DIRECTION('center_axis',(0.,0.,-1.));
#3118=DIRECTION('ref_axis',(0.999999999999343,1.14655702778106E-6,0.));
#3119=DIRECTION('',(0.,0.,1.));
#3120=DIRECTION('center_axis',(0.,0.,-1.));
#3121=DIRECTION('ref_axis',(0.999999999999343,1.14655702778106E-6,0.));
#3122=DIRECTION('',(0.,0.,1.));
#3123=DIRECTION('center_axis',(-1.,0.,0.));
#3124=DIRECTION('ref_axis',(0.,1.,0.));
#3125=DIRECTION('',(0.,1.,0.));
#3126=DIRECTION('',(0.,0.,1.));
#3127=DIRECTION('center_axis',(0.,0.,1.));
#3128=DIRECTION('ref_axis',(1.,0.,0.));
#3129=DIRECTION('',(1.,2.53765262771464E-17,0.));
#3130=DIRECTION('',(0.,-1.,0.));
#3131=DIRECTION('',(0.,-1.,0.));
#3132=DIRECTION('',(-1.,0.,0.));
#3133=DIRECTION('',(0.,1.,0.));
#3134=DIRECTION('',(0.,1.,0.));
#3135=DIRECTION('center_axis',(0.,-1.,0.));
#3136=DIRECTION('ref_axis',(1.,0.,0.));
#3137=DIRECTION('',(0.,0.,1.));
#3138=DIRECTION('',(-1.,0.,4.79481625095341E-32));
#3139=DIRECTION('center_axis',(-4.79481625095341E-32,9.86076131526266E-32,
-1.));
#3140=DIRECTION('ref_axis',(-1.,0.,4.79481625095341E-32));
#3141=DIRECTION('',(0.,-1.,-9.86076131526266E-32));
#3142=DIRECTION('',(-1.,-2.57443020202935E-17,4.79481625095341E-32));
#3143=DIRECTION('',(0.,-1.,-9.86076131526266E-32));
#3144=DIRECTION('',(1.,0.,-4.79481625095341E-32));
#3145=DIRECTION('',(-1.4210854715202E-16,1.,9.86076131526266E-32));
#3146=DIRECTION('center_axis',(1.,0.,0.));
#3147=DIRECTION('ref_axis',(0.,1.,0.));
#3148=DIRECTION('',(0.,0.,1.));
#3149=DIRECTION('center_axis',(2.57443020202935E-17,-1.,0.));
#3150=DIRECTION('ref_axis',(1.,2.57443020202935E-17,0.));
#3151=DIRECTION('',(0.,0.,1.));
#3152=DIRECTION('center_axis',(1.,0.,0.));
#3153=DIRECTION('ref_axis',(0.,1.,0.));
#3154=DIRECTION('center_axis',(0.,1.,0.));
#3155=DIRECTION('ref_axis',(-1.,0.,0.));
#3156=DIRECTION('',(0.,0.,1.));
#3157=DIRECTION('',(1.,0.,-4.79481625095341E-32));
#3158=DIRECTION('center_axis',(-4.79481625095341E-32,9.86076131526266E-32,
-1.));
#3159=DIRECTION('ref_axis',(-1.,0.,4.79481625095341E-32));
#3160=DIRECTION('',(0.,1.,9.86076131526266E-32));
#3161=DIRECTION('',(1.,0.,-4.79481625095341E-32));
#3162=DIRECTION('',(0.,1.,9.86076131526266E-32));
#3163=DIRECTION('',(-1.,0.,4.79481625095341E-32));
#3164=DIRECTION('',(0.,-1.,-9.86076131526266E-32));
#3165=DIRECTION('center_axis',(-1.,0.,0.));
#3166=DIRECTION('ref_axis',(0.,-1.,0.));
#3167=DIRECTION('',(0.,0.,1.));
#3168=DIRECTION('center_axis',(0.,1.,0.));
#3169=DIRECTION('ref_axis',(-1.,0.,0.));
#3170=DIRECTION('',(0.,0.,1.));
#3171=DIRECTION('center_axis',(-1.,0.,0.));
#3172=DIRECTION('ref_axis',(0.,-1.,0.));
#3173=DIRECTION('center_axis',(-1.,0.,0.));
#3174=DIRECTION('ref_axis',(0.,-1.,0.));
#3175=DIRECTION('',(0.,0.,1.));
#3176=DIRECTION('',(0.,1.,9.86076131526266E-32));
#3177=DIRECTION('center_axis',(0.,1.,0.));
#3178=DIRECTION('ref_axis',(-1.,0.,0.));
#3179=DIRECTION('',(0.,0.,1.));
#3180=DIRECTION('',(1.,0.,-4.79481625095341E-32));
#3181=DIRECTION('',(0.,0.,1.));
#3182=DIRECTION('center_axis',(-4.79481625095341E-32,9.86076131526266E-32,
-1.));
#3183=DIRECTION('ref_axis',(-1.,0.,4.79481625095341E-32));
#3184=DIRECTION('',(-1.,-2.57443020202935E-17,4.79481625095341E-32));
#3185=DIRECTION('',(0.,1.,9.86076131526266E-32));
#3186=DIRECTION('',(-1.,0.,4.79481625095341E-32));
#3187=DIRECTION('',(0.,-1.,-9.86076131526266E-32));
#3188=DIRECTION('center_axis',(1.,0.,0.));
#3189=DIRECTION('ref_axis',(0.,1.,0.));
#3190=DIRECTION('',(0.,0.,1.));
#3191=DIRECTION('center_axis',(0.,-1.,0.));
#3192=DIRECTION('ref_axis',(1.,0.,0.));
#3193=DIRECTION('',(0.,0.,1.));
#3194=DIRECTION('center_axis',(-1.,0.,0.));
#3195=DIRECTION('ref_axis',(0.,-1.,0.));
#3196=DIRECTION('',(0.,0.,1.));
#3197=DIRECTION('center_axis',(2.57443020202935E-17,-1.,0.));
#3198=DIRECTION('ref_axis',(1.,2.57443020202935E-17,0.));
#3199=DIRECTION('center_axis',(0.,-1.,0.));
#3200=DIRECTION('ref_axis',(1.,0.,0.));
#3201=DIRECTION('',(-1.,0.,4.79481625095341E-32));
#3202=DIRECTION('',(0.,0.,1.));
#3203=DIRECTION('center_axis',(-4.79481625095341E-32,9.86076131526266E-32,
-1.));
#3204=DIRECTION('ref_axis',(-1.,0.,4.79481625095341E-32));
#3205=DIRECTION('',(1.,0.,-4.79481625095341E-32));
#3206=DIRECTION('',(0.,-1.,-9.86076131526266E-32));
#3207=DIRECTION('',(1.,0.,-4.79481625095341E-32));
#3208=DIRECTION('',(0.,1.,9.86076131526266E-32));
#3209=DIRECTION('',(0.,-1.,-9.86076131526266E-32));
#3210=DIRECTION('center_axis',(-1.,0.,0.));
#3211=DIRECTION('ref_axis',(0.,-1.,0.));
#3212=DIRECTION('center_axis',(0.,1.,0.));
#3213=DIRECTION('ref_axis',(-1.,0.,0.));
#3214=DIRECTION('',(0.,0.,1.));
#3215=DIRECTION('center_axis',(1.,0.,0.));
#3216=DIRECTION('ref_axis',(0.,1.,0.));
#3217=DIRECTION('',(0.,0.,1.));
#3218=DIRECTION('center_axis',(0.,1.,0.));
#3219=DIRECTION('ref_axis',(-1.,0.,0.));
#3220=DIRECTION('',(0.,0.,1.));
#3221=DIRECTION('center_axis',(1.,0.,0.));
#3222=DIRECTION('ref_axis',(0.,1.,0.));
#3223=DIRECTION('',(0.,0.,1.));
#3224=DIRECTION('',(1.,0.,0.));
#3225=CARTESIAN_POINT('',(0.,0.,0.));
#3226=CARTESIAN_POINT('',(0.,0.,0.));
#3227=CARTESIAN_POINT('Origin',(214.3585,-54.7110067781254,-2.7));
#3228=CARTESIAN_POINT('',(199.3585,-59.2110067781254,-2.7));
#3229=CARTESIAN_POINT('',(199.3585,-50.2110067781254,-2.7));
#3230=CARTESIAN_POINT('',(199.3585,-56.9610067781254,-2.7));
#3231=CARTESIAN_POINT('',(229.3585,-50.2110067781254,-2.7));
#3232=CARTESIAN_POINT('',(206.8585,-50.2110067781254,-2.7));
#3233=CARTESIAN_POINT('',(229.3585,-59.2110067781254,-2.7));
#3234=CARTESIAN_POINT('',(229.3585,-52.4610067781254,-2.7));
#3235=CARTESIAN_POINT('',(221.8585,-59.2110067781254,-2.7));
#3236=CARTESIAN_POINT('Origin',(229.3585,-59.2110067781254,0.));
#3237=CARTESIAN_POINT('',(229.3585,-59.2110067781254,-3.5));
#3238=CARTESIAN_POINT('',(229.3585,-59.2110067781254,0.));
#3239=CARTESIAN_POINT('',(199.3585,-59.2110067781254,-3.5));
#3240=CARTESIAN_POINT('',(221.8585,-59.2110067781254,-3.5));
#3241=CARTESIAN_POINT('',(199.3585,-59.2110067781254,0.));
#3242=CARTESIAN_POINT('Origin',(199.3585,-59.2110067781254,0.));
#3243=CARTESIAN_POINT('',(199.3585,-50.2110067781254,-3.5));
#3244=CARTESIAN_POINT('',(199.3585,-79.9610052522179,-3.5));
#3245=CARTESIAN_POINT('',(199.3585,-50.2110067781254,0.));
#3246=CARTESIAN_POINT('Origin',(229.3585,-50.2110067781254,0.));
#3247=CARTESIAN_POINT('',(229.3585,-50.2110067781254,-3.5));
#3248=CARTESIAN_POINT('',(229.3585,-50.2110067781254,0.));
#3249=CARTESIAN_POINT('',(229.3585,-75.4610052522179,-3.5));
#3250=CARTESIAN_POINT('Origin',(199.3585,-50.2110067781254,0.));
#3251=CARTESIAN_POINT('',(206.8585,-50.2110067781254,-3.5));
#3252=CARTESIAN_POINT('Origin',(352.3585,-54.7110067781254,-2.7));
#3253=CARTESIAN_POINT('',(337.3585,-59.2110067781254,-2.7));
#3254=CARTESIAN_POINT('',(337.3585,-50.2110067781254,-2.7));
#3255=CARTESIAN_POINT('',(337.3585,-56.9610067781254,-2.7));
#3256=CARTESIAN_POINT('',(367.3585,-50.2110067781254,-2.7));
#3257=CARTESIAN_POINT('',(344.8585,-50.2110067781254,-2.7));
#3258=CARTESIAN_POINT('',(367.3585,-59.2110067781254,-2.7));
#3259=CARTESIAN_POINT('',(367.3585,-52.4610067781254,-2.7));
#3260=CARTESIAN_POINT('',(359.8585,-59.2110067781254,-2.7));
#3261=CARTESIAN_POINT('Origin',(367.3585,-59.2110067781254,0.));
#3262=CARTESIAN_POINT('',(367.3585,-59.2110067781254,-3.5));
#3263=CARTESIAN_POINT('',(367.3585,-59.2110067781254,0.));
#3264=CARTESIAN_POINT('',(337.3585,-59.2110067781254,-3.5));
#3265=CARTESIAN_POINT('',(290.8585,-59.2110067781254,-3.5));
#3266=CARTESIAN_POINT('',(337.3585,-59.2110067781254,0.));
#3267=CARTESIAN_POINT('Origin',(337.3585,-59.2110067781254,0.));
#3268=CARTESIAN_POINT('',(337.3585,-50.2110067781254,-3.5));
#3269=CARTESIAN_POINT('',(337.3585,-79.9610052522179,-3.5));
#3270=CARTESIAN_POINT('',(337.3585,-50.2110067781254,0.));
#3271=CARTESIAN_POINT('Origin',(367.3585,-50.2110067781254,0.));
#3272=CARTESIAN_POINT('',(367.3585,-50.2110067781254,-3.5));
#3273=CARTESIAN_POINT('',(367.3585,-50.2110067781254,0.));
#3274=CARTESIAN_POINT('',(367.3585,-75.4610052522179,-3.5));
#3275=CARTESIAN_POINT('Origin',(337.3585,-50.2110067781254,0.));
#3276=CARTESIAN_POINT('',(275.8585,-50.2110067781254,-3.5));
#3277=CARTESIAN_POINT('Origin',(76.3585,-54.7110067781254,-2.7));
#3278=CARTESIAN_POINT('',(61.3585,-59.2110067781254,-2.7));
#3279=CARTESIAN_POINT('',(61.3585,-50.2110067781254,-2.7));
#3280=CARTESIAN_POINT('',(61.3585,-56.9610067781254,-2.7));
#3281=CARTESIAN_POINT('',(91.3585,-50.2110067781254,-2.7));
#3282=CARTESIAN_POINT('',(68.8585,-50.2110067781254,-2.7));
#3283=CARTESIAN_POINT('',(91.3585,-59.2110067781254,-2.7));
#3284=CARTESIAN_POINT('',(91.3585,-52.4610067781254,-2.7));
#3285=CARTESIAN_POINT('',(83.8585,-59.2110067781254,-2.7));
#3286=CARTESIAN_POINT('Origin',(91.3585,-59.2110067781254,0.));
#3287=CARTESIAN_POINT('',(91.3585,-59.2110067781254,-3.5));
#3288=CARTESIAN_POINT('',(91.3585,-59.2110067781254,0.));
#3289=CARTESIAN_POINT('',(61.3585,-59.2110067781254,-3.5));
#3290=CARTESIAN_POINT('',(152.8585,-59.2110067781254,-3.5));
#3291=CARTESIAN_POINT('',(61.3585,-59.2110067781254,0.));
#3292=CARTESIAN_POINT('Origin',(61.3585,-59.2110067781254,0.));
#3293=CARTESIAN_POINT('',(61.3585,-50.2110067781254,-3.5));
#3294=CARTESIAN_POINT('',(61.3585,-79.9610052522179,-3.5));
#3295=CARTESIAN_POINT('',(61.3585,-50.2110067781254,0.));
#3296=CARTESIAN_POINT('Origin',(91.3585,-50.2110067781254,0.));
#3297=CARTESIAN_POINT('',(91.3585,-50.2110067781254,-3.5));
#3298=CARTESIAN_POINT('',(91.3585,-50.2110067781254,0.));
#3299=CARTESIAN_POINT('',(91.3585,-75.4610052522179,-3.5));
#3300=CARTESIAN_POINT('Origin',(61.3585,-50.2110067781254,0.));
#3301=CARTESIAN_POINT('',(137.8585,-50.2110067781254,-3.5));
#3302=CARTESIAN_POINT('Origin',(214.3585,-146.711006778125,-2.7));
#3303=CARTESIAN_POINT('',(199.3585,-151.211006778125,-2.7));
#3304=CARTESIAN_POINT('',(199.3585,-142.211006778125,-2.7));
#3305=CARTESIAN_POINT('',(199.3585,-148.961006778125,-2.7));
#3306=CARTESIAN_POINT('',(229.3585,-142.211006778125,-2.7));
#3307=CARTESIAN_POINT('',(206.8585,-142.211006778125,-2.7));
#3308=CARTESIAN_POINT('',(229.3585,-151.211006778125,-2.7));
#3309=CARTESIAN_POINT('',(229.3585,-144.461006778125,-2.7));
#3310=CARTESIAN_POINT('',(221.8585,-151.211006778125,-2.7));
#3311=CARTESIAN_POINT('Origin',(229.3585,-151.211006778125,0.));
#3312=CARTESIAN_POINT('',(229.3585,-151.211006778125,-3.5));
#3313=CARTESIAN_POINT('',(229.3585,-151.211006778125,0.));
#3314=CARTESIAN_POINT('',(199.3585,-151.211006778125,-3.5));
#3315=CARTESIAN_POINT('',(221.8585,-151.211006778125,-3.5));
#3316=CARTESIAN_POINT('',(199.3585,-151.211006778125,0.));
#3317=CARTESIAN_POINT('Origin',(199.3585,-151.211006778125,0.));
#3318=CARTESIAN_POINT('',(199.3585,-142.211006778125,-3.5));
#3319=CARTESIAN_POINT('',(199.3585,-125.961005252218,-3.5));
#3320=CARTESIAN_POINT('',(199.3585,-142.211006778125,0.));
#3321=CARTESIAN_POINT('Origin',(229.3585,-142.211006778125,0.));
#3322=CARTESIAN_POINT('',(229.3585,-142.211006778125,-3.5));
#3323=CARTESIAN_POINT('',(229.3585,-142.211006778125,0.));
#3324=CARTESIAN_POINT('',(229.3585,-121.461005252218,-3.5));
#3325=CARTESIAN_POINT('Origin',(199.3585,-142.211006778125,0.));
#3326=CARTESIAN_POINT('',(206.8585,-142.211006778125,-3.5));
#3327=CARTESIAN_POINT('Origin',(352.3585,-146.711006778125,-2.7));
#3328=CARTESIAN_POINT('',(337.3585,-151.211006778125,-2.7));
#3329=CARTESIAN_POINT('',(337.3585,-142.211006778125,-2.7));
#3330=CARTESIAN_POINT('',(337.3585,-148.961006778125,-2.7));
#3331=CARTESIAN_POINT('',(367.3585,-142.211006778125,-2.7));
#3332=CARTESIAN_POINT('',(344.8585,-142.211006778125,-2.7));
#3333=CARTESIAN_POINT('',(367.3585,-151.211006778125,-2.7));
#3334=CARTESIAN_POINT('',(367.3585,-144.461006778125,-2.7));
#3335=CARTESIAN_POINT('',(359.8585,-151.211006778125,-2.7));
#3336=CARTESIAN_POINT('Origin',(367.3585,-151.211006778125,0.));
#3337=CARTESIAN_POINT('',(367.3585,-151.211006778125,-3.5));
#3338=CARTESIAN_POINT('',(367.3585,-151.211006778125,0.));
#3339=CARTESIAN_POINT('',(337.3585,-151.211006778125,-3.5));
#3340=CARTESIAN_POINT('',(290.8585,-151.211006778125,-3.5));
#3341=CARTESIAN_POINT('',(337.3585,-151.211006778125,0.));
#3342=CARTESIAN_POINT('Origin',(337.3585,-151.211006778125,0.));
#3343=CARTESIAN_POINT('',(337.3585,-142.211006778125,-3.5));
#3344=CARTESIAN_POINT('',(337.3585,-125.961005252218,-3.5));
#3345=CARTESIAN_POINT('',(337.3585,-142.211006778125,0.));
#3346=CARTESIAN_POINT('Origin',(367.3585,-142.211006778125,0.));
#3347=CARTESIAN_POINT('',(367.3585,-142.211006778125,-3.5));
#3348=CARTESIAN_POINT('',(367.3585,-142.211006778125,0.));
#3349=CARTESIAN_POINT('',(367.3585,-121.461005252218,-3.5));
#3350=CARTESIAN_POINT('Origin',(337.3585,-142.211006778125,0.));
#3351=CARTESIAN_POINT('',(275.8585,-142.211006778125,-3.5));
#3352=CARTESIAN_POINT('Origin',(76.3585,-146.711006778125,-2.7));
#3353=CARTESIAN_POINT('',(61.3585,-151.211006778125,-2.7));
#3354=CARTESIAN_POINT('',(61.3585,-142.211006778125,-2.7));
#3355=CARTESIAN_POINT('',(61.3585,-148.961006778125,-2.7));
#3356=CARTESIAN_POINT('',(91.3585,-142.211006778125,-2.7));
#3357=CARTESIAN_POINT('',(68.8585,-142.211006778125,-2.7));
#3358=CARTESIAN_POINT('',(91.3585,-151.211006778125,-2.7));
#3359=CARTESIAN_POINT('',(91.3585,-144.461006778125,-2.7));
#3360=CARTESIAN_POINT('',(83.8585,-151.211006778125,-2.7));
#3361=CARTESIAN_POINT('Origin',(91.3585,-151.211006778125,0.));
#3362=CARTESIAN_POINT('',(91.3585,-151.211006778125,-3.5));
#3363=CARTESIAN_POINT('',(91.3585,-151.211006778125,0.));
#3364=CARTESIAN_POINT('',(61.3585,-151.211006778125,-3.5));
#3365=CARTESIAN_POINT('',(152.8585,-151.211006778125,-3.5));
#3366=CARTESIAN_POINT('',(61.3585,-151.211006778125,0.));
#3367=CARTESIAN_POINT('Origin',(61.3585,-151.211006778125,0.));
#3368=CARTESIAN_POINT('',(61.3585,-142.211006778125,-3.5));
#3369=CARTESIAN_POINT('',(61.3585,-125.961005252218,-3.5));
#3370=CARTESIAN_POINT('',(61.3585,-142.211006778125,0.));
#3371=CARTESIAN_POINT('Origin',(91.3585,-142.211006778125,0.));
#3372=CARTESIAN_POINT('',(91.3585,-142.211006778125,-3.5));
#3373=CARTESIAN_POINT('',(91.3585,-142.211006778125,0.));
#3374=CARTESIAN_POINT('',(91.3585,-121.461005252218,-3.5));
#3375=CARTESIAN_POINT('Origin',(61.3585,-142.211006778125,0.));
#3376=CARTESIAN_POINT('',(137.8585,-142.211006778125,-3.5));
#3377=CARTESIAN_POINT('Origin',(385.0585,-161.211,7.1734));
#3378=CARTESIAN_POINT('',(383.433692319073,-160.711,7.1734));
#3379=CARTESIAN_POINT('',(386.683307680927,-160.711,7.1734));
#3380=CARTESIAN_POINT('',(385.9585,-160.711,7.1734));
#3381=CARTESIAN_POINT('Origin',(385.0585,-161.211,7.1734));
#3382=CARTESIAN_POINT('Origin',(385.0585,-161.211,7.6734));
#3383=CARTESIAN_POINT('',(386.683307680927,-160.711,7.6734));
#3384=CARTESIAN_POINT('',(383.433692319073,-160.711,7.6734));
#3385=CARTESIAN_POINT('',(385.9585,-160.711,7.6734));
#3386=CARTESIAN_POINT('Origin',(385.0585,-161.211,7.6734));
#3387=CARTESIAN_POINT('Origin',(385.0585,-161.211,8.8734));
#3388=CARTESIAN_POINT('',(383.433692319073,-160.711,8.8734));
#3389=CARTESIAN_POINT('',(386.683307680927,-160.711,8.8734));
#3390=CARTESIAN_POINT('Origin',(43.6584999999999,-161.211,7.1734));
#3391=CARTESIAN_POINT('',(42.0336923190727,-160.711,7.1734));
#3392=CARTESIAN_POINT('',(45.2833076809271,-160.711,7.1734));
#3393=CARTESIAN_POINT('',(44.7585000000001,-160.711,7.1734));
#3394=CARTESIAN_POINT('Origin',(43.6584999999999,-161.211,7.1734));
#3395=CARTESIAN_POINT('Origin',(43.6584999999999,-161.211,7.6734));
#3396=CARTESIAN_POINT('',(45.2833076809271,-160.711,7.6734));
#3397=CARTESIAN_POINT('',(42.0336923190727,-160.711,7.6734));
#3398=CARTESIAN_POINT('',(44.7585000000001,-160.711,7.6734));
#3399=CARTESIAN_POINT('Origin',(43.6584999999999,-161.211,7.6734));
#3400=CARTESIAN_POINT('Origin',(43.6584999999999,-161.211,8.8734));
#3401=CARTESIAN_POINT('',(42.0336923190727,-160.711,8.8734));
#3402=CARTESIAN_POINT('',(45.2833076809271,-160.711,8.8734));
#3403=CARTESIAN_POINT('Origin',(385.0585,-40.211,7.1734));
#3404=CARTESIAN_POINT('',(386.683307680927,-40.711,7.1734));
#3405=CARTESIAN_POINT('',(383.433692319073,-40.711,7.1734));
#3406=CARTESIAN_POINT('',(383.9585,-40.711,7.1734));
#3407=CARTESIAN_POINT('Origin',(385.0585,-40.211,7.1734));
#3408=CARTESIAN_POINT('Origin',(385.0585,-40.211,7.6734));
#3409=CARTESIAN_POINT('',(383.433692319073,-40.711,7.6734));
#3410=CARTESIAN_POINT('',(386.683307680927,-40.711,7.6734));
#3411=CARTESIAN_POINT('',(383.9585,-40.711,7.6734));
#3412=CARTESIAN_POINT('Origin',(385.0585,-40.211,7.6734));
#3413=CARTESIAN_POINT('Origin',(385.0585,-40.211,8.8734));
#3414=CARTESIAN_POINT('',(386.683307680927,-40.711,8.8734));
#3415=CARTESIAN_POINT('',(383.433692319073,-40.711,8.8734));
#3416=CARTESIAN_POINT('Origin',(43.6584999999999,-40.211,7.1734));
#3417=CARTESIAN_POINT('',(45.2833076809271,-40.711,7.1734));
#3418=CARTESIAN_POINT('',(42.0336923190727,-40.711,7.1734));
#3419=CARTESIAN_POINT('',(42.7585,-40.711,7.1734));
#3420=CARTESIAN_POINT('Origin',(43.6584999999999,-40.211,7.1734));
#3421=CARTESIAN_POINT('Origin',(43.6584999999999,-40.211,7.6734));
#3422=CARTESIAN_POINT('',(42.0336923190727,-40.711,7.6734));
#3423=CARTESIAN_POINT('',(45.2833076809271,-40.711,7.6734));
#3424=CARTESIAN_POINT('',(42.7585,-40.711,7.6734));
#3425=CARTESIAN_POINT('Origin',(43.6584999999999,-40.211,7.6734));
#3426=CARTESIAN_POINT('Origin',(43.6584999999999,-40.211,8.8734));
#3427=CARTESIAN_POINT('',(45.2833076809271,-40.711,8.8734));
#3428=CARTESIAN_POINT('',(42.0336923190727,-40.711,8.8734));
#3429=CARTESIAN_POINT('Origin',(45.8585000000004,-161.211,0.));
#3430=CARTESIAN_POINT('',(45.8585000000004,-161.211,7.7534));
#3431=CARTESIAN_POINT('',(45.8585000000004,-163.211007452621,7.7534));
#3432=CARTESIAN_POINT('',(45.8585000000004,-131.961005589466,7.7534));
#3433=CARTESIAN_POINT('',(45.8585000000004,-163.211007452621,11.5));
#3434=CARTESIAN_POINT('',(45.8585000000004,-163.211007452621,0.));
#3435=CARTESIAN_POINT('',(45.8585000000004,-161.211,11.5));
#3436=CARTESIAN_POINT('',(45.8585000000004,-130.961001863155,11.5));
#3437=CARTESIAN_POINT('',(45.8585000000004,-161.211,0.));
#3438=CARTESIAN_POINT('Origin',(382.8585,-40.211,0.));
#3439=CARTESIAN_POINT('',(382.8585,-40.211,7.7534));
#3440=CARTESIAN_POINT('',(382.8585,-38.211,7.7534));
#3441=CARTESIAN_POINT('',(382.8585,-69.4610018631552,7.7534));
#3442=CARTESIAN_POINT('',(382.8585,-38.211,11.5));
#3443=CARTESIAN_POINT('',(382.8585,-38.211,0.));
#3444=CARTESIAN_POINT('',(382.8585,-40.211,11.5));
#3445=CARTESIAN_POINT('',(382.8585,-70.4610018631552,11.5));
#3446=CARTESIAN_POINT('',(382.8585,-40.211,0.));
#3447=CARTESIAN_POINT('Origin',(387.3585,-159.211,0.));
#3448=CARTESIAN_POINT('',(387.3585,-159.211,7.7534));
#3449=CARTESIAN_POINT('',(389.3585,-159.211,7.7534));
#3450=CARTESIAN_POINT('',(301.8585,-159.211,7.7534));
#3451=CARTESIAN_POINT('',(389.3585,-159.211,11.5));
#3452=CARTESIAN_POINT('',(389.3585,-159.211,0.));
#3453=CARTESIAN_POINT('',(387.3585,-159.211,11.5));
#3454=CARTESIAN_POINT('',(300.8585,-159.211,11.5));
#3455=CARTESIAN_POINT('',(387.3585,-159.211,0.));
#3456=CARTESIAN_POINT('Origin',(382.8585,-163.211007452621,0.));
#3457=CARTESIAN_POINT('',(382.8585,-163.211007452621,7.7534));
#3458=CARTESIAN_POINT('',(382.8585,-161.211,7.7534));
#3459=CARTESIAN_POINT('',(382.8585,-130.711001863155,7.7534));
#3460=CARTESIAN_POINT('',(382.8585,-161.211,11.5));
#3461=CARTESIAN_POINT('',(382.8585,-161.211,0.));
#3462=CARTESIAN_POINT('',(382.8585,-163.211007452621,11.5));
#3463=CARTESIAN_POINT('',(382.8585,-131.961005589466,11.5));
#3464=CARTESIAN_POINT('',(382.8585,-163.211007452621,0.));
#3465=CARTESIAN_POINT('Origin',(214.3585,-100.71100372631,0.));
#3466=CARTESIAN_POINT('',(41.3585,-159.211,0.));
#3467=CARTESIAN_POINT('',(41.8585,-159.211,0.));
#3468=CARTESIAN_POINT('',(41.3585,-159.211,0.));
#3469=CARTESIAN_POINT('',(41.8585,-160.711,0.));
#3470=CARTESIAN_POINT('',(41.8585,-160.711,0.));
#3471=CARTESIAN_POINT('',(45.8585000000004,-160.711,0.));
#3472=CARTESIAN_POINT('',(386.8585,-160.711,0.));
#3473=CARTESIAN_POINT('',(45.8585000000004,-161.211,0.));
#3474=CARTESIAN_POINT('',(45.8585000000004,-163.211007452621,0.));
#3475=CARTESIAN_POINT('',(211.3585,-161.211,0.));
#3476=CARTESIAN_POINT('',(212.8585,-161.211,0.));
#3477=CARTESIAN_POINT('',(211.3585,-160.711,0.));
#3478=CARTESIAN_POINT('',(211.3585,-130.711001863155,0.));
#3479=CARTESIAN_POINT('',(217.3585,-160.711,0.));
#3480=CARTESIAN_POINT('',(215.8585,-160.711,0.));
#3481=CARTESIAN_POINT('',(217.3585,-161.211,0.));
#3482=CARTESIAN_POINT('',(217.3585,-130.961001863155,0.));
#3483=CARTESIAN_POINT('',(382.8585,-161.211,0.));
#3484=CARTESIAN_POINT('',(298.6085,-161.211,0.));
#3485=CARTESIAN_POINT('',(382.8585,-160.711,0.));
#3486=CARTESIAN_POINT('',(382.8585,-161.211,0.));
#3487=CARTESIAN_POINT('',(386.8585,-160.711,0.));
#3488=CARTESIAN_POINT('',(386.8585,-160.711,0.));
#3489=CARTESIAN_POINT('',(386.8585,-159.211,0.));
#3490=CARTESIAN_POINT('',(386.8585,-40.711,0.));
#3491=CARTESIAN_POINT('',(387.3585,-159.211,0.));
#3492=CARTESIAN_POINT('',(389.3585,-159.211,0.));
#3493=CARTESIAN_POINT('',(387.3585,-102.211,0.));
#3494=CARTESIAN_POINT('',(387.3585,-101.461001863155,0.));
#3495=CARTESIAN_POINT('',(386.8585,-102.211,0.));
#3496=CARTESIAN_POINT('',(300.6085,-102.211,0.));
#3497=CARTESIAN_POINT('',(386.8585,-99.211,0.));
#3498=CARTESIAN_POINT('',(386.8585,-99.9610018631552,0.));
#3499=CARTESIAN_POINT('',(387.3585,-99.211,0.));
#3500=CARTESIAN_POINT('',(300.8585,-99.211,0.));
#3501=CARTESIAN_POINT('',(387.3585,-42.211,0.));
#3502=CARTESIAN_POINT('',(387.3585,-71.4610018631552,0.));
#3503=CARTESIAN_POINT('',(386.8585,-42.211,0.));
#3504=CARTESIAN_POINT('',(387.3585,-42.211,0.));
#3505=CARTESIAN_POINT('',(386.8585,-40.711,0.));
#3506=CARTESIAN_POINT('',(386.8585,-40.711,0.));
#3507=CARTESIAN_POINT('',(382.8585,-40.711,0.));
#3508=CARTESIAN_POINT('',(41.8585,-40.711,0.));
#3509=CARTESIAN_POINT('',(382.8585,-40.211,0.));
#3510=CARTESIAN_POINT('',(382.8585,-38.211,0.));
#3511=CARTESIAN_POINT('',(217.3585,-40.211,0.));
#3512=CARTESIAN_POINT('',(215.8585,-40.211,0.));
#3513=CARTESIAN_POINT('',(217.3585,-40.711,0.));
#3514=CARTESIAN_POINT('',(217.3585,-70.7110018631552,0.));
#3515=CARTESIAN_POINT('',(211.3585,-40.711,0.));
#3516=CARTESIAN_POINT('',(212.8585,-40.711,0.));
#3517=CARTESIAN_POINT('',(211.3585,-40.211,0.));
#3518=CARTESIAN_POINT('',(211.3585,-70.4610018631552,0.));
#3519=CARTESIAN_POINT('',(45.8585,-40.211,0.));
#3520=CARTESIAN_POINT('',(130.1085,-40.211,0.));
#3521=CARTESIAN_POINT('',(45.8585,-40.711,0.));
#3522=CARTESIAN_POINT('',(45.8585,-40.211,0.));
#3523=CARTESIAN_POINT('',(41.8585,-40.711,0.));
#3524=CARTESIAN_POINT('',(41.8585,-40.711,0.));
#3525=CARTESIAN_POINT('',(41.8585,-42.211,0.));
#3526=CARTESIAN_POINT('',(41.8585,-160.711,0.));
#3527=CARTESIAN_POINT('',(41.3585,-42.211,0.));
#3528=CARTESIAN_POINT('',(39.3585,-42.211,0.));
#3529=CARTESIAN_POINT('',(41.3585,-99.211,0.));
#3530=CARTESIAN_POINT('',(41.3585,-99.9610018631552,0.));
#3531=CARTESIAN_POINT('',(41.8585,-99.211,0.));
#3532=CARTESIAN_POINT('',(128.1085,-99.211,0.));
#3533=CARTESIAN_POINT('',(41.8585,-102.211,0.));
#3534=CARTESIAN_POINT('',(41.8585,-101.461001863155,0.));
#3535=CARTESIAN_POINT('',(41.3585,-102.211,0.));
#3536=CARTESIAN_POINT('',(127.8585,-102.211,0.));
#3537=CARTESIAN_POINT('',(41.3585,-129.961001863155,0.));
#3538=CARTESIAN_POINT('Origin',(41.3585,-42.211,0.));
#3539=CARTESIAN_POINT('',(41.3585,-42.211,7.7534));
#3540=CARTESIAN_POINT('',(39.3585,-42.211,7.7534));
#3541=CARTESIAN_POINT('',(126.8585,-42.211,7.7534));
#3542=CARTESIAN_POINT('',(39.3585,-42.211,11.5));
#3543=CARTESIAN_POINT('',(39.3585,-42.211,0.));
#3544=CARTESIAN_POINT('',(41.3585,-42.211,11.5));
#3545=CARTESIAN_POINT('',(127.8585,-42.211,11.5));
#3546=CARTESIAN_POINT('',(41.3585,-42.211,0.));
#3547=CARTESIAN_POINT('Origin',(214.3585,-100.71100372631,11.5));
#3548=CARTESIAN_POINT('',(329.7585,-38.211,11.5));
#3549=CARTESIAN_POINT('',(329.7585,-40.211,11.5));
#3550=CARTESIAN_POINT('',(329.7585,-70.4610018631551,11.5));
#3551=CARTESIAN_POINT('',(45.8585,-38.211,11.5));
#3552=CARTESIAN_POINT('',(130.1085,-38.211,11.5));
#3553=CARTESIAN_POINT('',(45.8585,-40.211,11.5));
#3554=CARTESIAN_POINT('',(45.8585,-69.4610018631552,11.5));
#3555=CARTESIAN_POINT('',(211.3585,-40.211,11.5));
#3556=CARTESIAN_POINT('',(130.1085,-40.211,11.5));
#3557=CARTESIAN_POINT('',(211.3585,-40.711,11.5));
#3558=CARTESIAN_POINT('',(211.3585,-70.4610018631552,11.5));
#3559=CARTESIAN_POINT('',(217.3585,-40.711,11.5));
#3560=CARTESIAN_POINT('',(212.8585,-40.711,11.5));
#3561=CARTESIAN_POINT('',(217.3585,-40.211,11.5));
#3562=CARTESIAN_POINT('',(217.3585,-70.7110018631552,11.5));
#3563=CARTESIAN_POINT('',(215.8585,-40.211,11.5));
#3564=CARTESIAN_POINT('Origin',(214.3585,-100.71100372631,11.5));
#3565=CARTESIAN_POINT('',(389.3585,-42.211,11.5));
#3566=CARTESIAN_POINT('',(389.3585,-68.4610018631552,11.5));
#3567=CARTESIAN_POINT('',(387.3585,-42.211,11.5));
#3568=CARTESIAN_POINT('',(301.8585,-42.211,11.5));
#3569=CARTESIAN_POINT('',(387.3585,-99.211,11.5));
#3570=CARTESIAN_POINT('',(387.3585,-71.4610018631552,11.5));
#3571=CARTESIAN_POINT('',(386.8585,-99.211,11.5));
#3572=CARTESIAN_POINT('',(300.8585,-99.211,11.5));
#3573=CARTESIAN_POINT('',(386.8585,-102.211,11.5));
#3574=CARTESIAN_POINT('',(386.8585,-99.9610018631552,11.5));
#3575=CARTESIAN_POINT('',(387.3585,-102.211,11.5));
#3576=CARTESIAN_POINT('',(300.6085,-102.211,11.5));
#3577=CARTESIAN_POINT('',(387.3585,-101.461001863155,11.5));
#3578=CARTESIAN_POINT('Origin',(214.3585,-100.71100372631,11.5));
#3579=CARTESIAN_POINT('',(339.7585,-38.211,11.5));
#3580=CARTESIAN_POINT('',(130.1085,-38.211,11.5));
#3581=CARTESIAN_POINT('',(339.7585,-40.211,11.5));
#3582=CARTESIAN_POINT('',(339.7585,-69.4610018631552,11.5));
#3583=CARTESIAN_POINT('',(215.8585,-40.211,11.5));
#3584=CARTESIAN_POINT('Origin',(214.3585,-100.71100372631,11.5));
#3585=CARTESIAN_POINT('',(39.3585,-159.211,11.5));
#3586=CARTESIAN_POINT('',(39.3585000000004,-132.961005589466,11.5));
#3587=CARTESIAN_POINT('',(41.3585,-159.211,11.5));
#3588=CARTESIAN_POINT('',(126.8585,-159.211,11.5));
#3589=CARTESIAN_POINT('',(41.3585,-102.211,11.5));
#3590=CARTESIAN_POINT('',(41.3585,-129.961001863155,11.5));
#3591=CARTESIAN_POINT('',(41.8585,-102.211,11.5));
#3592=CARTESIAN_POINT('',(127.8585,-102.211,11.5));
#3593=CARTESIAN_POINT('',(41.8585,-99.211,11.5));
#3594=CARTESIAN_POINT('',(41.8585,-101.461001863155,11.5));
#3595=CARTESIAN_POINT('',(41.3585,-99.211,11.5));
#3596=CARTESIAN_POINT('',(128.1085,-99.211,11.5));
#3597=CARTESIAN_POINT('',(41.3585,-99.9610018631552,11.5));
#3598=CARTESIAN_POINT('Origin',(214.3585,-100.71100372631,11.5));
#3599=CARTESIAN_POINT('',(298.6085,-163.211,11.5));
#3600=CARTESIAN_POINT('',(217.3585,-161.211,11.5));
#3601=CARTESIAN_POINT('',(298.6085,-161.211,11.5));
#3602=CARTESIAN_POINT('',(217.3585,-160.711,11.5));
#3603=CARTESIAN_POINT('',(217.3585,-130.961001863155,11.5));
#3604=CARTESIAN_POINT('',(211.3585,-160.711,11.5));
#3605=CARTESIAN_POINT('',(215.8585,-160.711,11.5));
#3606=CARTESIAN_POINT('',(211.3585,-161.211,11.5));
#3607=CARTESIAN_POINT('',(211.3585,-130.711001863155,11.5));
#3608=CARTESIAN_POINT('',(212.8585,-161.211,11.5));
#3609=CARTESIAN_POINT('Origin',(211.3585,-40.211,0.));
#3610=CARTESIAN_POINT('',(211.3585,-40.211,0.));
#3611=CARTESIAN_POINT('',(211.3585,-40.711,0.));
#3612=CARTESIAN_POINT('Origin',(45.8585,-40.211,0.));
#3613=CARTESIAN_POINT('',(45.8585,-40.211,7.7534));
#3614=CARTESIAN_POINT('',(45.8585,-40.211,0.));
#3615=CARTESIAN_POINT('',(45.8585,-40.211,0.));
#3616=CARTESIAN_POINT('Origin',(45.8585,-38.211,0.));
#3617=CARTESIAN_POINT('',(45.8585,-38.211,7.7534));
#3618=CARTESIAN_POINT('',(45.8585,-70.7110018631552,7.7534));
#3619=CARTESIAN_POINT('',(45.8585,-38.211,0.));
#3620=CARTESIAN_POINT('Origin',(387.3585,-99.211,0.));
#3621=CARTESIAN_POINT('',(387.3585,-99.211,0.));
#3622=CARTESIAN_POINT('',(386.8585,-99.211,0.));
#3623=CARTESIAN_POINT('Origin',(387.3585,-42.211,0.));
#3624=CARTESIAN_POINT('',(387.3585,-42.211,7.7534));
#3625=CARTESIAN_POINT('',(387.3585,-42.211,0.));
#3626=CARTESIAN_POINT('',(387.3585,-42.211,0.));
#3627=CARTESIAN_POINT('Origin',(389.3585,-42.211,0.));
#3628=CARTESIAN_POINT('',(389.3585,-42.211,7.7534));
#3629=CARTESIAN_POINT('',(300.6085,-42.211,7.7534));
#3630=CARTESIAN_POINT('',(389.3585,-42.211,0.));
#3631=CARTESIAN_POINT('Origin',(339.7585,-38.211,12.));
#3632=CARTESIAN_POINT('',(339.7585,-38.211,9.5));
#3633=CARTESIAN_POINT('',(339.7585,-38.211,6.));
#3634=CARTESIAN_POINT('',(339.7585,-40.211,9.5));
#3635=CARTESIAN_POINT('',(339.7585,-40.211,9.5));
#3636=CARTESIAN_POINT('',(339.7585,-40.211,6.));
#3637=CARTESIAN_POINT('Origin',(41.3585,-102.211,0.));
#3638=CARTESIAN_POINT('',(41.3585,-102.211,0.));
#3639=CARTESIAN_POINT('',(41.8585,-102.211,0.));
#3640=CARTESIAN_POINT('Origin',(41.3585,-159.211,0.));
#3641=CARTESIAN_POINT('',(41.3585,-159.211,7.7534));
#3642=CARTESIAN_POINT('',(41.3585,-159.211,0.));
#3643=CARTESIAN_POINT('',(41.3585,-159.211,0.));
#3644=CARTESIAN_POINT('Origin',(39.3585,-159.211,0.));
#3645=CARTESIAN_POINT('',(39.3585,-159.211,7.7534));
#3646=CARTESIAN_POINT('',(128.1085,-159.211,7.7534));
#3647=CARTESIAN_POINT('',(39.3585,-159.211,0.));
#3648=CARTESIAN_POINT('Origin',(217.3585,-160.711,0.));
#3649=CARTESIAN_POINT('',(217.3585,-160.711,0.));
#3650=CARTESIAN_POINT('',(211.3585,-160.711,0.));
#3651=CARTESIAN_POINT('Origin',(217.3585,-161.211,0.));
#3652=CARTESIAN_POINT('',(217.3585,-161.211,0.));
#3653=CARTESIAN_POINT('Origin',(382.8585,-161.211,0.));
#3654=CARTESIAN_POINT('',(382.8585,-161.211,0.));
#3655=CARTESIAN_POINT('Origin',(214.3585,-100.71100372631,7.));
#3656=CARTESIAN_POINT('',(389.3585,-38.211,7.));
#3657=CARTESIAN_POINT('',(382.8585,-38.211,7.));
#3658=CARTESIAN_POINT('',(301.8585,-38.211,7.));
#3659=CARTESIAN_POINT('',(389.3585,-36.211,7.));
#3660=CARTESIAN_POINT('',(389.3585,-69.4610018631552,7.));
#3661=CARTESIAN_POINT('',(382.858499999998,-36.211004231106,7.));
#3662=CARTESIAN_POINT('Origin',(386.1085,-36.2110037263103,7.));
#3663=CARTESIAN_POINT('',(382.8585,-68.4610039787279,7.));
#3664=CARTESIAN_POINT('',(384.7085,-36.2110037263103,7.));
#3665=CARTESIAN_POINT('Origin',(386.1085,-36.2110037263103,7.));
#3666=CARTESIAN_POINT('Origin',(214.3585,-100.71100372631,7.));
#3667=CARTESIAN_POINT('',(39.3585,-36.2110042311455,7.));
#3668=CARTESIAN_POINT('',(39.3585,-38.211,7.));
#3669=CARTESIAN_POINT('',(39.3585,-68.4610039787279,7.));
#3670=CARTESIAN_POINT('',(45.8585,-38.211,7.));
#3671=CARTESIAN_POINT('',(130.1085,-38.211,7.));
#3672=CARTESIAN_POINT('',(45.8585,-36.211,7.));
#3673=CARTESIAN_POINT('',(45.8585,-69.4610018631552,7.));
#3674=CARTESIAN_POINT('Origin',(42.6085000000002,-36.2110037263103,7.));
#3675=CARTESIAN_POINT('',(41.2085000000002,-36.2110037263103,7.));
#3676=CARTESIAN_POINT('Origin',(42.6085000000002,-36.2110037263103,7.));
#3677=CARTESIAN_POINT('Origin',(214.3585,-100.71100372631,7.));
#3678=CARTESIAN_POINT('',(39.3585000000004,-163.211007452621,7.));
#3679=CARTESIAN_POINT('',(39.3585000000004,-165.211007452621,7.));
#3680=CARTESIAN_POINT('',(39.3585000000004,-131.961005589466,7.));
#3681=CARTESIAN_POINT('',(45.8585000000021,-165.211003221515,7.));
#3682=CARTESIAN_POINT('Origin',(42.6085000000002,-165.21100372631,7.));
#3683=CARTESIAN_POINT('',(45.8585000000004,-163.211007452621,7.));
#3684=CARTESIAN_POINT('',(45.8585000000004,-132.961003473893,7.));
#3685=CARTESIAN_POINT('',(126.8585,-163.211007452621,7.));
#3686=CARTESIAN_POINT('',(41.2085000000002,-165.21100372631,7.));
#3687=CARTESIAN_POINT('Origin',(42.6085000000002,-165.21100372631,7.));
#3688=CARTESIAN_POINT('Origin',(214.3585,-100.71100372631,7.));
#3689=CARTESIAN_POINT('',(382.8585,-163.211007452621,7.));
#3690=CARTESIAN_POINT('',(382.8585,-165.211007452621,7.));
#3691=CARTESIAN_POINT('',(382.8585,-131.961005589466,7.));
#3692=CARTESIAN_POINT('',(389.3585,-165.211003221475,7.));
#3693=CARTESIAN_POINT('Origin',(386.1085,-165.21100372631,7.));
#3694=CARTESIAN_POINT('',(389.3585,-163.211007452621,7.));
#3695=CARTESIAN_POINT('',(389.3585,-132.961003473893,7.));
#3696=CARTESIAN_POINT('',(298.6085,-163.211007452621,7.));
#3697=CARTESIAN_POINT('',(387.5085,-165.21100372631,7.));
#3698=CARTESIAN_POINT('Origin',(386.1085,-165.21100372631,7.));
#3699=CARTESIAN_POINT('Origin',(329.7585,-40.211,12.));
#3700=CARTESIAN_POINT('',(329.7585,-40.211,9.5));
#3701=CARTESIAN_POINT('',(329.7585,-40.211,6.));
#3702=CARTESIAN_POINT('',(329.7585,-38.211,9.5));
#3703=CARTESIAN_POINT('',(329.7585,-38.211,9.5));
#3704=CARTESIAN_POINT('',(329.7585,-38.211,6.));
#3705=CARTESIAN_POINT('Origin',(334.7585,-39.211,9.5));
#3706=CARTESIAN_POINT('',(276.0585,-40.211,9.5));
#3707=CARTESIAN_POINT('',(190.3085,-38.211,9.5));
#3708=CARTESIAN_POINT('Origin',(211.3585,-160.711,0.));
#3709=CARTESIAN_POINT('',(211.3585,-161.211,0.));
#3710=CARTESIAN_POINT('Origin',(211.3585,-161.211,0.));
#3711=CARTESIAN_POINT('',(45.8585000000004,-161.211,0.));
#3712=CARTESIAN_POINT('Origin',(387.3585,-102.211,0.));
#3713=CARTESIAN_POINT('',(387.3585,-102.211,0.));
#3714=CARTESIAN_POINT('',(387.3585,-159.211,0.));
#3715=CARTESIAN_POINT('Origin',(386.8585,-102.211,0.));
#3716=CARTESIAN_POINT('',(386.8585,-102.211,0.));
#3717=CARTESIAN_POINT('Origin',(386.8585,-99.211,0.));
#3718=CARTESIAN_POINT('Origin',(217.3585,-40.211,0.));
#3719=CARTESIAN_POINT('',(217.3585,-40.211,0.));
#3720=CARTESIAN_POINT('',(382.8585,-40.211,0.));
#3721=CARTESIAN_POINT('Origin',(217.3585,-40.711,0.));
#3722=CARTESIAN_POINT('',(217.3585,-40.711,0.));
#3723=CARTESIAN_POINT('Origin',(211.3585,-40.711,0.));
#3724=CARTESIAN_POINT('Origin',(41.3585,-99.211,0.));
#3725=CARTESIAN_POINT('',(41.3585,-99.211,0.));
#3726=CARTESIAN_POINT('',(41.3585,-42.211,0.));
#3727=CARTESIAN_POINT('Origin',(41.8585,-99.211,0.));
#3728=CARTESIAN_POINT('',(41.8585,-99.211,0.));
#3729=CARTESIAN_POINT('Origin',(41.8585,-102.211,0.));
#3730=CARTESIAN_POINT('Origin',(386.1085,-165.21100372631,-1.5));
#3731=CARTESIAN_POINT('',(383.4585,-165.21100372631,-1.5));
#3732=CARTESIAN_POINT('Origin',(386.1085,-165.21100372631,-1.5));
#3733=CARTESIAN_POINT('',(387.5085,-165.21100372631,-1.5));
#3734=CARTESIAN_POINT('Origin',(386.1085,-165.21100372631,-1.5));
#3735=CARTESIAN_POINT('Origin',(386.1085,-165.21100372631,0.));
#3736=CARTESIAN_POINT('',(383.4585,-165.21100372631,-3.5));
#3737=CARTESIAN_POINT('',(383.4585,-165.21100372631,0.));
#3738=CARTESIAN_POINT('Origin',(386.1085,-165.21100372631,-3.5));
#3739=CARTESIAN_POINT('Origin',(42.6085000000002,-165.21100372631,-1.5));
#3740=CARTESIAN_POINT('',(39.9585000000002,-165.21100372631,-1.5));
#3741=CARTESIAN_POINT('Origin',(42.6085000000002,-165.21100372631,-1.5));
#3742=CARTESIAN_POINT('',(41.2085000000002,-165.21100372631,-1.5));
#3743=CARTESIAN_POINT('Origin',(42.6085000000002,-165.21100372631,-1.5));
#3744=CARTESIAN_POINT('Origin',(42.6085000000002,-165.21100372631,0.));
#3745=CARTESIAN_POINT('',(39.9585000000002,-165.21100372631,-3.5));
#3746=CARTESIAN_POINT('',(39.9585000000002,-165.21100372631,0.));
#3747=CARTESIAN_POINT('Origin',(42.6085000000002,-165.21100372631,-3.5));
#3748=CARTESIAN_POINT('Origin',(386.1085,-36.2110037263103,-1.5));
#3749=CARTESIAN_POINT('',(383.4585,-36.2110037263103,-1.5));
#3750=CARTESIAN_POINT('Origin',(386.1085,-36.2110037263103,-1.5));
#3751=CARTESIAN_POINT('',(384.7085,-36.2110037263103,-1.5));
#3752=CARTESIAN_POINT('Origin',(386.1085,-36.2110037263103,-1.5));
#3753=CARTESIAN_POINT('Origin',(386.1085,-36.2110037263103,0.));
#3754=CARTESIAN_POINT('',(383.4585,-36.2110037263103,-3.5));
#3755=CARTESIAN_POINT('',(383.4585,-36.2110037263103,0.));
#3756=CARTESIAN_POINT('Origin',(386.1085,-36.2110037263103,-3.5));
#3757=CARTESIAN_POINT('Origin',(42.6085000000002,-36.2110037263103,-1.5));
#3758=CARTESIAN_POINT('',(39.9585000000002,-36.2110037263103,-1.5));
#3759=CARTESIAN_POINT('Origin',(42.6085000000002,-36.2110037263103,-1.5));
#3760=CARTESIAN_POINT('',(41.2085000000002,-36.2110037263103,-1.5));
#3761=CARTESIAN_POINT('Origin',(42.6085000000002,-36.2110037263103,-1.5));
#3762=CARTESIAN_POINT('Origin',(42.6085000000002,-36.2110037263103,0.));
#3763=CARTESIAN_POINT('',(39.9585000000002,-36.2110037263103,-3.5));
#3764=CARTESIAN_POINT('',(39.9585000000002,-36.2110037263103,0.));
#3765=CARTESIAN_POINT('Origin',(42.6085000000002,-36.2110037263103,-3.5));
#3766=CARTESIAN_POINT('Origin',(386.1085,-36.2110037263103,0.));
#3767=CARTESIAN_POINT('',(384.7085,-36.2110037263103,0.));
#3768=CARTESIAN_POINT('Origin',(42.6085000000002,-165.21100372631,0.));
#3769=CARTESIAN_POINT('',(41.2085000000002,-165.21100372631,0.));
#3770=CARTESIAN_POINT('Origin',(42.6085000000002,-36.2110037263103,0.));
#3771=CARTESIAN_POINT('',(41.2085000000002,-36.2110037263103,0.));
#3772=CARTESIAN_POINT('Origin',(386.1085,-165.21100372631,0.));
#3773=CARTESIAN_POINT('',(387.5085,-165.21100372631,0.));
#3774=CARTESIAN_POINT('Origin',(45.8585,-36.211,0.));
#3775=CARTESIAN_POINT('',(45.8585,-38.211,-3.5));
#3776=CARTESIAN_POINT('',(45.8585,-38.211,0.));
#3777=CARTESIAN_POINT('',(45.8585,-36.211,-3.5));
#3778=CARTESIAN_POINT('',(45.8585,-38.211,-3.5));
#3779=CARTESIAN_POINT('',(45.8585,-36.211,0.));
#3780=CARTESIAN_POINT('Origin',(42.6085000000002,-36.2110037263103,0.));
#3781=CARTESIAN_POINT('',(39.3585,-36.2110042311455,-3.5));
#3782=CARTESIAN_POINT('Origin',(42.6085000000002,-36.2110037263103,-3.5));
#3783=CARTESIAN_POINT('',(39.3585,-36.2110042311455,0.));
#3784=CARTESIAN_POINT('Origin',(42.6085000000002,-165.21100372631,0.));
#3785=CARTESIAN_POINT('',(39.3585000000004,-165.211007452621,-3.5));
#3786=CARTESIAN_POINT('',(39.3585000000004,-165.211007452621,0.));
#3787=CARTESIAN_POINT('',(45.8585000000021,-165.211003221515,-3.5));
#3788=CARTESIAN_POINT('Origin',(42.6085000000002,-165.21100372631,-3.5));
#3789=CARTESIAN_POINT('',(45.8585000000021,-165.211003221515,0.));
#3790=CARTESIAN_POINT('Origin',(45.8585000000004,-163.211007452621,0.));
#3791=CARTESIAN_POINT('',(45.8585000000004,-163.211007452621,-3.5));
#3792=CARTESIAN_POINT('',(45.8585000000004,-163.211007452621,-3.5));
#3793=CARTESIAN_POINT('',(45.8585000000004,-163.211007452621,0.));
#3794=CARTESIAN_POINT('',(45.8585000000004,-163.211007452621,0.));
#3795=CARTESIAN_POINT('',(45.8585000000004,-163.211007452621,0.));
#3796=CARTESIAN_POINT('Origin',(382.8585,-165.211007452621,0.));
#3797=CARTESIAN_POINT('',(382.8585,-163.211007452621,0.));
#3798=CARTESIAN_POINT('',(382.8585,-163.211007452621,-3.5));
#3799=CARTESIAN_POINT('',(382.8585,-163.211007452621,0.));
#3800=CARTESIAN_POINT('',(382.8585,-165.211007452621,-3.5));
#3801=CARTESIAN_POINT('',(382.8585,-165.211007452621,-3.5));
#3802=CARTESIAN_POINT('',(382.8585,-165.211007452621,0.));
#3803=CARTESIAN_POINT('',(382.8585,-163.211007452621,0.));
#3804=CARTESIAN_POINT('Origin',(386.1085,-165.21100372631,0.));
#3805=CARTESIAN_POINT('',(389.3585,-165.211003221475,-3.5));
#3806=CARTESIAN_POINT('Origin',(386.1085,-165.21100372631,-3.5));
#3807=CARTESIAN_POINT('',(389.3585,-165.211003221475,0.));
#3808=CARTESIAN_POINT('Origin',(386.1085,-36.2110037263103,0.));
#3809=CARTESIAN_POINT('',(389.3585,-36.211,-3.5));
#3810=CARTESIAN_POINT('',(389.3585,-36.211,0.));
#3811=CARTESIAN_POINT('',(382.858499999998,-36.211004231106,-3.5));
#3812=CARTESIAN_POINT('Origin',(386.1085,-36.2110037263103,-3.5));
#3813=CARTESIAN_POINT('',(382.858499999998,-36.211004231106,0.));
#3814=CARTESIAN_POINT('Origin',(382.8585,-38.211,0.));
#3815=CARTESIAN_POINT('',(382.8585,-38.211,-3.5));
#3816=CARTESIAN_POINT('',(382.8585,-38.211,-3.5));
#3817=CARTESIAN_POINT('',(382.8585,-38.211,0.));
#3818=CARTESIAN_POINT('Origin',(214.3585,-100.71100372631,-3.5));
#3819=CARTESIAN_POINT('',(39.3585,-38.211,-3.5));
#3820=CARTESIAN_POINT('',(389.3585,-163.211007452621,-3.5));
#3821=CARTESIAN_POINT('',(389.3585,-38.211,-3.5));
#3822=CARTESIAN_POINT('',(389.3585,-163.211007452621,-3.5));
#3823=CARTESIAN_POINT('',(389.3585,-163.211,-3.5));
#3824=CARTESIAN_POINT('',(39.3585000000004,-163.211007452621,-3.5));
#3825=CARTESIAN_POINT('',(39.3585000000004,-165.211007452621,-3.5));
#3826=CARTESIAN_POINT('',(39.3585,-38.211,-3.5));
#3827=CARTESIAN_POINT('Origin',(39.3585,-42.211,0.));
#3828=CARTESIAN_POINT('',(41.8585,-42.211,7.7534));
#3829=CARTESIAN_POINT('',(41.8585,-42.211,0.));
#3830=CARTESIAN_POINT('',(126.8585,-42.211,7.7534));
#3831=CARTESIAN_POINT('Origin',(214.3585,-100.71100372631,7.7534));
#3832=CARTESIAN_POINT('',(41.8585,-40.711,7.7534));
#3833=CARTESIAN_POINT('',(41.8585,-71.4610018631552,7.7534));
#3834=CARTESIAN_POINT('',(45.8585,-40.711,7.7534));
#3835=CARTESIAN_POINT('',(128.1085,-40.711,7.7534));
#3836=CARTESIAN_POINT('',(45.8585,-70.7110018631552,7.7534));
#3837=CARTESIAN_POINT('',(39.3585,-38.211,7.7534));
#3838=CARTESIAN_POINT('',(130.1085,-38.211,7.7534));
#3839=CARTESIAN_POINT('',(39.3585,-69.4610018631552,7.7534));
#3840=CARTESIAN_POINT('Origin',(45.8585,-40.711,0.));
#3841=CARTESIAN_POINT('',(45.8585,-40.711,0.));
#3842=CARTESIAN_POINT('Origin',(41.8585,-40.711,0.));
#3843=CARTESIAN_POINT('',(41.8585,-40.711,0.));
#3844=CARTESIAN_POINT('Origin',(41.8585,-42.211,0.));
#3845=CARTESIAN_POINT('Origin',(389.3585,-159.211,0.));
#3846=CARTESIAN_POINT('',(386.8585,-159.211,7.7534));
#3847=CARTESIAN_POINT('',(386.8585,-159.211,0.));
#3848=CARTESIAN_POINT('',(301.8585,-159.211,7.7534));
#3849=CARTESIAN_POINT('Origin',(214.3585,-100.71100372631,7.7534));
#3850=CARTESIAN_POINT('',(386.8585,-160.711,7.7534));
#3851=CARTESIAN_POINT('',(386.8585,-129.961001863155,7.7534));
#3852=CARTESIAN_POINT('',(382.8585,-160.711,7.7534));
#3853=CARTESIAN_POINT('',(300.6085,-160.711,7.7534));
#3854=CARTESIAN_POINT('',(382.8585,-130.711001863155,7.7534));
#3855=CARTESIAN_POINT('',(389.3585,-163.211007452621,7.7534));
#3856=CARTESIAN_POINT('',(298.6085,-163.211007452621,7.7534));
#3857=CARTESIAN_POINT('',(389.3585,-131.961001863155,7.7534));
#3858=CARTESIAN_POINT('Origin',(382.8585,-160.711,0.));
#3859=CARTESIAN_POINT('',(382.8585,-160.711,0.));
#3860=CARTESIAN_POINT('Origin',(386.8585,-160.711,0.));
#3861=CARTESIAN_POINT('',(386.8585,-160.711,0.));
#3862=CARTESIAN_POINT('Origin',(386.8585,-159.211,0.));
#3863=CARTESIAN_POINT('Origin',(382.8585,-38.211,0.));
#3864=CARTESIAN_POINT('',(382.8585,-40.711,7.7534));
#3865=CARTESIAN_POINT('',(382.8585,-40.711,0.));
#3866=CARTESIAN_POINT('',(382.8585,-69.4610018631552,7.7534));
#3867=CARTESIAN_POINT('Origin',(389.3585,-38.211,0.));
#3868=CARTESIAN_POINT('',(39.3585,-38.211,0.));
#3869=CARTESIAN_POINT('',(389.3585,-38.211,7.7534));
#3870=CARTESIAN_POINT('',(301.8585,-38.211,7.7534));
#3871=CARTESIAN_POINT('',(389.3585,-38.211,0.));
#3872=CARTESIAN_POINT('Origin',(214.3585,-100.71100372631,7.7534));
#3873=CARTESIAN_POINT('',(386.8585,-40.711,7.7534));
#3874=CARTESIAN_POINT('',(298.6085,-40.711,7.7534));
#3875=CARTESIAN_POINT('',(386.8585,-42.211,7.7534));
#3876=CARTESIAN_POINT('',(386.8585,-70.7110018631552,7.7534));
#3877=CARTESIAN_POINT('',(300.6085,-42.211,7.7534));
#3878=CARTESIAN_POINT('',(389.3585,-71.4610018631552,7.7534));
#3879=CARTESIAN_POINT('Origin',(389.3585,-42.211,0.));
#3880=CARTESIAN_POINT('',(389.3585,-163.211007452621,0.));
#3881=CARTESIAN_POINT('Origin',(386.8585,-42.211,0.));
#3882=CARTESIAN_POINT('',(386.8585,-42.211,0.));
#3883=CARTESIAN_POINT('Origin',(386.8585,-40.711,0.));
#3884=CARTESIAN_POINT('',(386.8585,-40.711,0.));
#3885=CARTESIAN_POINT('Origin',(382.8585,-40.711,0.));
#3886=CARTESIAN_POINT('Origin',(39.3585000000004,-163.211007452621,0.));
#3887=CARTESIAN_POINT('',(39.3585000000004,-163.211007452621,7.7534));
#3888=CARTESIAN_POINT('',(126.8585,-163.211007452621,7.7534));
#3889=CARTESIAN_POINT('',(39.3585000000004,-163.211007452621,0.));
#3890=CARTESIAN_POINT('Origin',(214.3585,-100.71100372631,7.7534));
#3891=CARTESIAN_POINT('',(41.8585,-160.711,7.7534));
#3892=CARTESIAN_POINT('',(45.8585000000004,-160.711,7.7534));
#3893=CARTESIAN_POINT('',(130.1085,-160.711,7.7534));
#3894=CARTESIAN_POINT('',(41.8585,-159.211,7.7534));
#3895=CARTESIAN_POINT('',(41.8585,-130.711001863155,7.7534));
#3896=CARTESIAN_POINT('',(128.1085,-159.211,7.7534));
#3897=CARTESIAN_POINT('',(39.3585,-129.961001863155,7.7534));
#3898=CARTESIAN_POINT('',(45.8585000000004,-131.961005589466,7.7534));
#3899=CARTESIAN_POINT('Origin',(39.3585,-159.211,0.));
#3900=CARTESIAN_POINT('Origin',(41.8585,-159.211,0.));
#3901=CARTESIAN_POINT('',(41.8585,-159.211,0.));
#3902=CARTESIAN_POINT('Origin',(41.8585,-160.711,0.));
#3903=CARTESIAN_POINT('',(41.8585,-160.711,0.));
#3904=CARTESIAN_POINT('Origin',(45.8585000000004,-160.711,0.));
#3905=CARTESIAN_POINT('',(45.8585000000004,-160.711,0.));
#3906=CARTESIAN_POINT('Origin',(45.8585000000004,-163.211007452621,0.));
#3907=CARTESIAN_POINT('',(0.,0.,0.));
#3908=UNCERTAINTY_MEASURE_WITH_UNIT(LENGTH_MEASURE(0.01),#3914,
'DISTANCE_ACCURACY_VALUE',
'Maximum model space distance between geometric entities at asserted c
onnectivities');
#3909=UNCERTAINTY_MEASURE_WITH_UNIT(LENGTH_MEASURE(0.01),#3914,
'DISTANCE_ACCURACY_VALUE',
'Maximum model space distance between geometric entities at asserted c
onnectivities');
#3910=UNCERTAINTY_MEASURE_WITH_UNIT(LENGTH_MEASURE(0.01),#3914,
'DISTANCE_ACCURACY_VALUE',
'Maximum model space distance between geometric entities at asserted c
onnectivities');
#3911=(
GEOMETRIC_REPRESENTATION_CONTEXT(3)
GLOBAL_UNCERTAINTY_ASSIGNED_CONTEXT((#3908))
GLOBAL_UNIT_ASSIGNED_CONTEXT((#3914,#3916,#3917))
REPRESENTATION_CONTEXT('','3D')
);
#3912=(
GEOMETRIC_REPRESENTATION_CONTEXT(3)
GLOBAL_UNCERTAINTY_ASSIGNED_CONTEXT((#3909))
GLOBAL_UNIT_ASSIGNED_CONTEXT((#3914,#3916,#3917))
REPRESENTATION_CONTEXT('','3D')
);
#3913=(
GEOMETRIC_REPRESENTATION_CONTEXT(3)
GLOBAL_UNCERTAINTY_ASSIGNED_CONTEXT((#3910))
GLOBAL_UNIT_ASSIGNED_CONTEXT((#3914,#3916,#3917))
REPRESENTATION_CONTEXT('','3D')
);
#3914=(
LENGTH_UNIT()
NAMED_UNIT(*)
SI_UNIT(.MILLI.,.METRE.)
);
#3915=(
LENGTH_UNIT()
NAMED_UNIT(*)
SI_UNIT($,.METRE.)
);
#3916=(
NAMED_UNIT(*)
PLANE_ANGLE_UNIT()
SI_UNIT($,.RADIAN.)
);
#3917=(
NAMED_UNIT(*)
SI_UNIT($,.STERADIAN.)
SOLID_ANGLE_UNIT()
);
#3918=SHAPE_DEFINITION_REPRESENTATION(#3920,#3923);
#3919=SHAPE_DEFINITION_REPRESENTATION(#3921,#3924);
#3920=PRODUCT_DEFINITION_SHAPE('',$,#3926);
#3921=PRODUCT_DEFINITION_SHAPE('',$,#3927);
#3922=PRODUCT_DEFINITION_SHAPE($,$,#14);
#3923=SHAPE_REPRESENTATION('',(#2436,#2598),#3911);
#3924=SHAPE_REPRESENTATION('',(#2437),#3912);
#3925=PRODUCT_DEFINITION_CONTEXT('part definition',#3933,'design');
#3926=PRODUCT_DEFINITION('2026-08-22-10-36-46-472','keeb',#3928,#3925);
#3927=PRODUCT_DEFINITION('2026-08-24-20-05-23-982','bottom',#3929,#3925);
#3928=PRODUCT_DEFINITION_FORMATION('',$,#3935);
#3929=PRODUCT_DEFINITION_FORMATION('',$,#3936);
#3930=PRODUCT_RELATED_PRODUCT_CATEGORY('keeb','keeb',(#3935));
#3931=PRODUCT_RELATED_PRODUCT_CATEGORY('bottom','bottom',(#3936));
#3932=APPLICATION_PROTOCOL_DEFINITION('international standard',
'automotive_design',2009,#3933);
#3933=APPLICATION_CONTEXT(
'Core Data for Automotive Mechanical Design Process');
#3934=PRODUCT_CONTEXT('part definition',#3933,'mechanical');
#3935=PRODUCT('2026-08-22-10-36-46-472','keeb',
'KiCad electronic assembly',(#3934));
#3936=PRODUCT('2026-08-24-20-05-23-982','bottom',$,(#3934));
#3937=PRESENTATION_STYLE_ASSIGNMENT((#3939));
#3938=PRESENTATION_STYLE_ASSIGNMENT((#3940));
#3939=SURFACE_STYLE_USAGE(.BOTH.,#3941);
#3940=SURFACE_STYLE_USAGE(.BOTH.,#3942);
#3941=SURFACE_SIDE_STYLE('',(#3943));
#3942=SURFACE_SIDE_STYLE('',(#3944));
#3943=SURFACE_STYLE_FILL_AREA(#3945);
#3944=SURFACE_STYLE_FILL_AREA(#3946);
#3945=FILL_AREA_STYLE('Steel - Satin',(#3947));
#3946=FILL_AREA_STYLE('Plastic - Glossy (Black)',(#3948));
#3947=FILL_AREA_STYLE_COLOUR('Steel - Satin',#3949);
#3948=FILL_AREA_STYLE_COLOUR('Plastic - Glossy (Black)',#3950);
#3949=COLOUR_RGB('Steel - Satin',0.627450980392157,0.627450980392157,0.627450980392157);
#3950=COLOUR_RGB('Plastic - Glossy (Black)',0.0980392156862745,0.0980392156862745,
0.0980392156862745);
ENDSEC;
END-ISO-10303-21;
